product_id,product_family,technology,part_type,component_density_gb,module_density_gb,speed_mhz,data_rate_mt_s,io_voltage_v,operating_temp_min_c,operating_temp_max_c,bus_width_bits,cas_latency,pin_count,package,component_config,ecc,part_status,package_width_mm,package_length_mm,package_height_mm,inventory_units,weekly_demand_units,inventory_coverage_weeks,backlog_units,backlog_ratio,open_po_units,open_po_coverage,supplier_lead_time_days,supplier_otd_pct,demand_trend_4w_pct,allocation_status,supply_risk_next_4w,lead_time_next_4w_days,datasheet_id
ANM-D5C-0001,DDR5_COMPONENT,DDR5,COMPONENT,32,,2400,4800,1.1,-40,95,4,CL40,78,VFBGA,8Gb x4,,Production,7.5,14.0,1.0,511,195,2.62,0,0.0,370,1.9,32,98.0,-6.5,None,1,28.4,DS-ANM-D5C-0001
ANM-D5C-0002,DDR5_COMPONENT,DDR5,COMPONENT,32,,3600,7200,1.1,-40,95,4,CL58,78,VFBGA,8Gb x4,,Production,7.5,14.0,1.0,151,108,1.4,0,0.0,101,0.94,22,88.4,30.4,Watch,1,24.7,DS-ANM-D5C-0002
ANM-D5C-0003,DDR5_COMPONENT,DDR5,COMPONENT,32,,2400,4800,1.1,0,95,16,CL40,78,VFBGA,2Gb x16,,Production,7.5,14.0,1.0,133,154,0.87,79,0.513,150,0.98,35,96.3,9.2,Constrained,1,37.3,DS-ANM-D5C-0003
ANM-D5C-0004,DDR5_COMPONENT,DDR5,COMPONENT,16,,2600,5200,1.1,-40,95,16,CL42,82,VFBGA,1Gb x16,,Production,7.5,14.0,1.0,216,84,2.58,97,1.155,40,0.48,24,91.3,17.3,Watch,0,38.3,DS-DDR5-COMPONENT-FAMILY
ANM-D5C-0005,DDR5_COMPONENT,DDR5,COMPONENT,24,,2400,4800,1.1,-40,95,4,CL40,82,VFBGA,6Gb x4,,Contact Sales,7.5,14.0,1.0,323,139,2.33,154,1.108,133,0.96,27,91.2,14.5,Watch,0,44.1,DS-DDR5-COMPONENT-FAMILY
ANM-D5C-0006,DDR5_COMPONENT,DDR5,COMPONENT,16,,3200,6400,1.1,0,95,16,CL52,78,VFBGA,1Gb x16,,Production,7.5,14.0,1.0,1136,242,4.69,0,0.0,282,1.17,14,93.3,-15.9,None,0,10.0,DS-DDR5-COMPONENT-FAMILY
ANM-D5C-0007,DDR5_COMPONENT,DDR5,COMPONENT,32,,2800,5600,1.1,0,95,16,CL46,78,VFBGA,2Gb x16,,Production,7.5,14.0,1.0,1524,232,6.57,0,0.0,327,1.41,30,95.4,64.7,Watch,0,32.5,DS-DDR5-COMPONENT-FAMILY
ANM-D5C-0008,DDR5_COMPONENT,DDR5,COMPONENT,16,,2600,5200,1.1,-40,95,4,CL42,82,VFBGA,4Gb x4,,Production,7.5,14.0,1.0,329,119,2.77,58,0.487,140,1.18,30,94.0,30.6,Watch,0,35.5,DS-DDR5-COMPONENT-FAMILY
ANM-D5C-0009,DDR5_COMPONENT,DDR5,COMPONENT,24,,2800,5600,1.1,-40,95,4,CL46,102,VFBGA,6Gb x4,,Production,7.5,14.0,1.0,189,95,2.0,79,0.832,312,3.29,61,92.2,-1.6,Watch,0,72.4,DS-DDR5-COMPONENT-FAMILY
ANM-D5C-0010,DDR5_COMPONENT,DDR5,COMPONENT,16,,2600,5200,1.1,-40,95,8,CL42,102,VFBGA,2Gb x8,,Production,7.5,14.0,1.0,283,128,2.21,83,0.648,233,1.82,18,90.4,-2.2,Watch,0,20.4,DS-DDR5-COMPONENT-FAMILY
ANM-D5C-0011,DDR5_COMPONENT,DDR5,COMPONENT,24,,2400,4800,1.1,0,95,4,CL40,82,VFBGA,6Gb x4,,Production,7.5,14.0,1.0,510,135,3.79,0,0.0,512,3.79,22,87.3,-15.3,None,0,17.4,DS-DDR5-COMPONENT-FAMILY
ANM-D5C-0012,DDR5_COMPONENT,DDR5,COMPONENT,32,,2800,5600,1.1,-40,95,4,CL46,102,VFBGA,8Gb x4,,Production,7.5,14.0,1.0,330,157,2.11,47,0.299,294,1.88,51,96.1,18.2,Watch,1,50.9,DS-DDR5-COMPONENT-FAMILY
ANM-D5C-0013,DDR5_COMPONENT,DDR5,COMPONENT,16,,3600,7200,1.1,-40,95,16,CL58,102,VFBGA,1Gb x16,,Production,7.5,14.0,1.0,285,321,0.89,0,0.0,510,1.59,61,97.5,4.2,Constrained,1,58.8,DS-DDR5-COMPONENT-FAMILY
ANM-D5C-0014,DDR5_COMPONENT,DDR5,COMPONENT,16,,3600,7200,1.1,0,95,8,CL58,78,VFBGA,2Gb x8,,Production,7.5,14.0,1.0,225,212,1.06,0,0.0,872,4.12,25,92.7,18.6,Constrained,1,20.8,DS-DDR5-COMPONENT-FAMILY
ANM-D5C-0015,DDR5_COMPONENT,DDR5,COMPONENT,32,,3200,6400,1.1,0,95,16,CL52,82,VFBGA,2Gb x16,,Production,7.5,14.0,1.0,1075,168,6.4,38,0.226,213,1.27,14,98.1,27.4,Watch,0,14.2,DS-DDR5-COMPONENT-FAMILY
ANM-D5C-0016,DDR5_COMPONENT,DDR5,COMPONENT,24,,3600,7200,1.1,0,95,4,CL58,102,VFBGA,6Gb x4,,Production,7.5,14.0,1.0,1268,208,6.1,135,0.649,169,0.81,45,93.9,-17.4,None,0,54.3,DS-DDR5-COMPONENT-FAMILY
ANM-D5C-0017,DDR5_COMPONENT,DDR5,COMPONENT,16,,3200,6400,1.1,-40,95,4,CL52,102,VFBGA,4Gb x4,,Contact Sales,7.5,14.0,1.0,411,86,4.78,95,1.105,301,3.51,19,91.3,-20.7,Watch,0,26.0,DS-DDR5-COMPONENT-FAMILY
ANM-D5C-0018,DDR5_COMPONENT,DDR5,COMPONENT,24,,3600,7200,1.1,0,95,16,CL58,82,VFBGA,1.5Gb x16,,Sampling,7.5,14.0,1.0,584,240,2.44,104,0.433,936,3.9,43,89.3,-15.3,None,0,49.8,DS-DDR5-COMPONENT-FAMILY
ANM-D5C-0019,DDR5_COMPONENT,DDR5,COMPONENT,32,,2400,4800,1.1,-40,95,16,CL40,78,VFBGA,2Gb x16,,Production,7.5,14.0,1.0,600,131,4.58,45,0.344,332,2.54,16,96.1,22.8,None,0,19.7,DS-DDR5-COMPONENT-FAMILY
ANM-D5C-0020,DDR5_COMPONENT,DDR5,COMPONENT,24,,2600,5200,1.1,0,95,4,CL42,78,VFBGA,6Gb x4,,Sampling,7.5,14.0,1.0,176,89,1.98,49,0.551,177,1.99,39,87.8,10.4,Watch,0,48.8,DS-DDR5-COMPONENT-FAMILY
ANM-D5C-0021,DDR5_COMPONENT,DDR5,COMPONENT,32,,2600,5200,1.1,-40,95,4,CL42,82,VFBGA,8Gb x4,,Production,7.5,14.0,1.0,1499,269,5.57,339,1.26,242,0.9,29,93.7,29.9,Watch,0,44.8,DS-DDR5-COMPONENT-FAMILY
ANM-D5C-0022,DDR5_COMPONENT,DDR5,COMPONENT,16,,3600,7200,1.1,0,95,16,CL58,82,VFBGA,1Gb x16,,End of Life,7.5,14.0,1.0,1654,308,5.37,71,0.231,790,2.57,14,93.6,45.7,Watch,0,12.0,DS-DDR5-COMPONENT-FAMILY
ANM-D5C-0023,DDR5_COMPONENT,DDR5,COMPONENT,24,,3600,7200,1.1,0,95,8,CL58,78,VFBGA,3Gb x8,,Production,7.5,14.0,1.0,153,216,0.71,0,0.0,247,1.14,46,88.9,47.0,Constrained,1,61.0,DS-DDR5-COMPONENT-FAMILY
ANM-D5C-0024,DDR5_COMPONENT,DDR5,COMPONENT,32,,2600,5200,1.1,0,95,16,CL42,78,VFBGA,2Gb x16,,Sampling,7.5,14.0,1.0,1539,314,4.9,176,0.561,236,0.75,22,89.2,33.9,Watch,1,30.1,DS-DDR5-COMPONENT-FAMILY
ANM-D5C-0025,DDR5_COMPONENT,DDR5,COMPONENT,16,,2400,4800,1.1,0,95,8,CL40,82,VFBGA,2Gb x8,,Production,7.5,14.0,1.0,444,124,3.58,0,0.0,245,1.98,47,87.9,-4.7,None,0,53.6,DS-DDR5-COMPONENT-FAMILY
ANM-D5C-0026,DDR5_COMPONENT,DDR5,COMPONENT,16,,3600,7200,1.1,-40,95,16,CL58,82,VFBGA,1Gb x16,,Introduction,7.5,14.0,1.0,388,100,3.88,111,1.11,59,0.6,58,84.9,-3.9,Watch,1,70.4,DS-DDR5-COMPONENT-FAMILY
ANM-D5C-0027,DDR5_COMPONENT,DDR5,COMPONENT,16,,3200,6400,1.1,-40,95,8,CL52,82,VFBGA,2Gb x8,,Contact Sales,7.5,14.0,1.0,280,327,0.86,243,0.743,923,2.82,43,92.0,15.6,Constrained,1,52.7,DS-DDR5-COMPONENT-FAMILY
ANM-D5C-0028,DDR5_COMPONENT,DDR5,COMPONENT,32,,2400,4800,1.1,-40,95,4,CL40,78,VFBGA,8Gb x4,,Production,7.5,14.0,1.0,328,52,6.31,0,0.0,96,1.85,14,97.5,-4.4,None,0,10.0,DS-DDR5-COMPONENT-FAMILY
ANM-D5C-0029,DDR5_COMPONENT,DDR5,COMPONENT,24,,2600,5200,1.1,0,95,8,CL42,82,VFBGA,3Gb x8,,Production,7.5,14.0,1.0,642,122,5.26,243,1.992,107,0.88,51,91.0,15.0,Constrained,0,72.5,DS-DDR5-COMPONENT-FAMILY
ANM-D5C-0030,DDR5_COMPONENT,DDR5,COMPONENT,24,,3600,7200,1.1,0,95,4,CL58,78,VFBGA,6Gb x4,,End of Life,7.5,14.0,1.0,995,158,6.3,15,0.095,199,1.26,27,92.1,8.7,None,0,28.8,DS-DDR5-COMPONENT-FAMILY
ANM-D5C-0031,DDR5_COMPONENT,DDR5,COMPONENT,16,,3200,6400,1.1,-40,95,8,CL52,82,VFBGA,2Gb x8,,Contact Sales,7.5,14.0,1.0,484,247,1.96,324,1.312,298,1.21,39,90.5,14.7,Constrained,1,49.7,DS-DDR5-COMPONENT-FAMILY
ANM-D5C-0032,DDR5_COMPONENT,DDR5,COMPONENT,16,,3200,6400,1.1,-40,95,8,CL52,82,VFBGA,2Gb x8,,Production,7.5,14.0,1.0,611,469,1.3,0,0.0,1101,2.35,44,91.2,3.8,Watch,0,33.9,DS-DDR5-COMPONENT-FAMILY
ANM-D5C-0033,DDR5_COMPONENT,DDR5,COMPONENT,32,,3200,6400,1.1,0,95,4,CL52,78,VFBGA,8Gb x4,,End of Life,7.5,14.0,1.0,907,392,2.31,448,1.143,914,2.33,63,91.6,-5.1,Watch,0,71.9,DS-DDR5-COMPONENT-FAMILY
ANM-D5C-0034,DDR5_COMPONENT,DDR5,COMPONENT,32,,2400,4800,1.1,-40,95,16,CL40,78,VFBGA,2Gb x16,,Production,7.5,14.0,1.0,142,168,0.85,7,0.042,212,1.27,50,93.2,3.7,Constrained,1,45.5,DS-DDR5-COMPONENT-FAMILY
ANM-D5C-0035,DDR5_COMPONENT,DDR5,COMPONENT,32,,2600,5200,1.1,0,95,4,CL42,78,VFBGA,8Gb x4,,Production,7.5,14.0,1.0,343,146,2.35,252,1.726,377,2.59,30,85.4,-2.2,Constrained,0,50.1,DS-DDR5-COMPONENT-FAMILY
ANM-D5C-0036,DDR5_COMPONENT,DDR5,COMPONENT,16,,3200,6400,1.1,0,95,4,CL52,102,VFBGA,4Gb x4,,Production,7.5,14.0,1.0,825,154,5.36,76,0.494,118,0.77,41,96.4,42.8,Watch,0,46.5,DS-DDR5-COMPONENT-FAMILY
ANM-D5C-0037,DDR5_COMPONENT,DDR5,COMPONENT,32,,3600,7200,1.1,-40,95,8,CL58,102,VFBGA,4Gb x8,,Sampling,7.5,14.0,1.0,783,239,3.28,84,0.351,703,2.94,27,87.5,22.6,None,0,24.5,DS-DDR5-COMPONENT-FAMILY
ANM-D5C-0038,DDR5_COMPONENT,DDR5,COMPONENT,24,,2600,5200,1.1,-40,95,16,CL42,82,VFBGA,1.5Gb x16,,End of Life,7.5,14.0,1.0,187,51,3.69,0,0.0,109,2.15,14,99.8,25.2,Watch,0,13.5,DS-DDR5-COMPONENT-FAMILY
ANM-D5C-0039,DDR5_COMPONENT,DDR5,COMPONENT,16,,3200,6400,1.1,0,95,16,CL52,102,VFBGA,1Gb x16,,Production,7.5,14.0,1.0,374,57,6.56,36,0.632,105,1.85,15,91.9,8.7,None,0,23.6,DS-DDR5-COMPONENT-FAMILY
ANM-D5C-0040,DDR5_COMPONENT,DDR5,COMPONENT,24,,2400,4800,1.1,-40,95,4,CL40,78,VFBGA,6Gb x4,,Production,7.5,14.0,1.0,1216,341,3.57,55,0.161,800,2.35,27,95.6,16.8,None,0,24.3,DS-DDR5-COMPONENT-FAMILY
ANM-D5C-0041,DDR5_COMPONENT,DDR5,COMPONENT,24,,3600,7200,1.1,0,95,16,CL58,102,VFBGA,1.5Gb x16,,Production,7.5,14.0,1.0,397,63,6.3,38,0.603,337,5.36,20,96.8,22.5,None,0,28.7,DS-DDR5-COMPONENT-FAMILY
ANM-D5C-0042,DDR5_COMPONENT,DDR5,COMPONENT,24,,2400,4800,1.1,0,95,4,CL40,82,VFBGA,6Gb x4,,Production,7.5,14.0,1.0,200,84,2.38,81,0.964,312,3.72,56,84.1,-17.3,Watch,0,56.2,DS-DDR5-COMPONENT-FAMILY
ANM-D5C-0043,DDR5_COMPONENT,DDR5,COMPONENT,16,,2800,5600,1.1,-40,95,16,CL46,78,VFBGA,1Gb x16,,Production,7.5,14.0,1.0,583,127,4.59,18,0.142,463,3.65,20,96.8,-1.1,None,0,12.3,DS-DDR5-COMPONENT-FAMILY
ANM-D5C-0044,DDR5_COMPONENT,DDR5,COMPONENT,24,,2400,4800,1.1,-40,95,4,CL40,102,VFBGA,6Gb x4,,End of Life,7.5,14.0,1.0,556,147,3.78,0,0.0,355,2.42,28,90.2,-5.2,None,0,22.7,DS-DDR5-COMPONENT-FAMILY
ANM-D5C-0045,DDR5_COMPONENT,DDR5,COMPONENT,24,,3600,7200,1.1,-40,95,16,CL58,78,VFBGA,1.5Gb x16,,Production,7.5,14.0,1.0,754,143,5.27,23,0.161,144,1.01,14,91.3,-21.8,None,0,14.5,DS-DDR5-COMPONENT-FAMILY
ANM-D5C-0046,DDR5_COMPONENT,DDR5,COMPONENT,16,,3600,7200,1.1,-40,95,4,CL58,82,VFBGA,4Gb x4,,Production,7.5,14.0,1.0,46,153,0.3,7,0.046,269,1.76,39,93.0,15.1,Constrained,1,44.7,DS-DDR5-COMPONENT-FAMILY
ANM-D5C-0047,DDR5_COMPONENT,DDR5,COMPONENT,16,,2800,5600,1.1,0,95,4,CL46,82,VFBGA,4Gb x4,,Introduction,7.5,14.0,1.0,207,110,1.88,410,3.727,128,1.17,89,78.9,4.5,Constrained,1,133.0,DS-DDR5-COMPONENT-FAMILY
ANM-D5C-0048,DDR5_COMPONENT,DDR5,COMPONENT,24,,3600,7200,1.1,0,95,16,CL58,78,VFBGA,1.5Gb x16,,End of Life,7.5,14.0,1.0,262,86,3.06,0,0.0,150,1.75,17,89.7,34.4,Watch,0,25.6,DS-DDR5-COMPONENT-FAMILY
ANM-D5C-0049,DDR5_COMPONENT,DDR5,COMPONENT,24,,2400,4800,1.1,-40,95,4,CL40,102,VFBGA,6Gb x4,,Contact Sales,7.5,14.0,1.0,1030,147,7.01,548,3.728,443,3.01,46,80.1,29.1,Constrained,1,81.4,DS-DDR5-COMPONENT-FAMILY
ANM-D5C-0050,DDR5_COMPONENT,DDR5,COMPONENT,24,,2600,5200,1.1,0,95,16,CL42,78,VFBGA,1.5Gb x16,,Contact Sales,7.5,14.0,1.0,266,51,5.23,0,0.0,114,2.25,14,92.1,-6.7,None,0,10.0,DS-DDR5-COMPONENT-FAMILY
ANM-D5C-0051,DDR5_COMPONENT,DDR5,COMPONENT,24,,2800,5600,1.1,0,95,8,CL46,78,VFBGA,3Gb x8,,Production,7.5,14.0,1.0,231,152,1.52,111,0.73,213,1.4,33,89.7,13.5,Watch,0,43.0,DS-DDR5-COMPONENT-FAMILY
ANM-D5C-0052,DDR5_COMPONENT,DDR5,COMPONENT,24,,2400,4800,1.1,-40,95,8,CL40,102,VFBGA,3Gb x8,,End of Life,7.5,14.0,1.0,3433,456,7.53,29,0.064,1033,2.27,14,94.0,8.7,None,0,10.7,DS-DDR5-COMPONENT-FAMILY
ANM-D5C-0053,DDR5_COMPONENT,DDR5,COMPONENT,16,,2400,4800,1.1,0,95,8,CL40,78,VFBGA,2Gb x8,,Production,7.5,14.0,1.0,141,210,0.67,991,4.719,62,0.3,86,82.9,23.9,Constrained,1,140.0,DS-DDR5-COMPONENT-FAMILY
ANM-D5C-0054,DDR5_COMPONENT,DDR5,COMPONENT,32,,2800,5600,1.1,0,95,8,CL46,102,VFBGA,4Gb x8,,Production,7.5,14.0,1.0,1096,99,11.08,89,0.899,126,1.28,14,88.9,5.6,Watch,1,23.0,DS-DDR5-COMPONENT-FAMILY
ANM-D5C-0055,DDR5_COMPONENT,DDR5,COMPONENT,24,,2400,4800,1.1,0,95,16,CL40,82,VFBGA,1.5Gb x16,,Production,7.5,14.0,1.0,969,282,3.44,26,0.092,646,2.29,33,97.9,-35.7,None,0,34.8,DS-DDR5-COMPONENT-FAMILY
ANM-D5C-0056,DDR5_COMPONENT,DDR5,COMPONENT,24,,3600,7200,1.1,0,95,8,CL58,102,VFBGA,3Gb x8,,Production,7.5,14.0,1.0,666,127,5.25,0,0.0,77,0.61,16,99.8,9.9,None,0,14.9,DS-DDR5-COMPONENT-FAMILY
ANM-D5C-0057,DDR5_COMPONENT,DDR5,COMPONENT,24,,2800,5600,1.1,0,95,16,CL46,82,VFBGA,1.5Gb x16,,Production,7.5,14.0,1.0,339,234,1.45,150,0.641,162,0.7,36,94.6,44.9,Watch,1,48.2,DS-DDR5-COMPONENT-FAMILY
ANM-D5C-0058,DDR5_COMPONENT,DDR5,COMPONENT,32,,2600,5200,1.1,-40,95,16,CL42,102,VFBGA,2Gb x16,,Introduction,7.5,14.0,1.0,350,170,2.06,0,0.0,269,1.58,24,92.6,18.9,Watch,0,32.4,DS-DDR5-COMPONENT-FAMILY
ANM-D5C-0059,DDR5_COMPONENT,DDR5,COMPONENT,16,,3200,6400,1.1,-40,95,16,CL52,82,VFBGA,1Gb x16,,Production,7.5,14.0,1.0,245,116,2.12,13,0.112,435,3.76,46,90.6,-18.4,Watch,0,38.2,DS-DDR5-COMPONENT-FAMILY
ANM-D5C-0060,DDR5_COMPONENT,DDR5,COMPONENT,24,,2600,5200,1.1,0,95,16,CL42,102,VFBGA,1.5Gb x16,,Production,7.5,14.0,1.0,1489,337,4.42,131,0.389,2195,6.51,26,99.8,14.6,None,0,31.6,DS-DDR5-COMPONENT-FAMILY
ANM-D5C-0061,DDR5_COMPONENT,DDR5,COMPONENT,16,,2600,5200,1.1,-40,95,16,CL42,78,VFBGA,1Gb x16,,Production,7.5,14.0,1.0,647,189,3.43,0,0.0,325,1.72,26,90.0,1.7,None,1,26.5,DS-DDR5-COMPONENT-FAMILY
ANM-D5C-0062,DDR5_COMPONENT,DDR5,COMPONENT,24,,3600,7200,1.1,-40,95,4,CL58,102,VFBGA,6Gb x4,,Production,7.5,14.0,1.0,175,270,0.65,572,2.119,163,0.6,41,86.7,15.3,Constrained,1,70.8,DS-DDR5-COMPONENT-FAMILY
ANM-D5C-0063,DDR5_COMPONENT,DDR5,COMPONENT,24,,3200,6400,1.1,0,95,8,CL52,102,VFBGA,3Gb x8,,Production,7.5,14.0,1.0,75,94,0.8,24,0.255,140,1.49,22,92.3,16.5,Constrained,0,35.5,DS-DDR5-COMPONENT-FAMILY
ANM-D5C-0064,DDR5_COMPONENT,DDR5,COMPONENT,16,,3200,6400,1.1,0,95,4,CL52,78,VFBGA,4Gb x4,,Production,7.5,14.0,1.0,655,275,2.39,1152,4.189,431,1.57,83,80.9,-6.3,Constrained,1,123.3,DS-DDR5-COMPONENT-FAMILY
ANM-D5C-0065,DDR5_COMPONENT,DDR5,COMPONENT,16,,3200,6400,1.1,-40,95,4,CL52,82,VFBGA,4Gb x4,,Production,7.5,14.0,1.0,280,145,1.93,275,1.897,6,0.05,38,89.1,9.2,Constrained,0,56.9,DS-DDR5-COMPONENT-FAMILY
ANM-D5C-0066,DDR5_COMPONENT,DDR5,COMPONENT,32,,3200,6400,1.1,-40,95,16,CL52,102,VFBGA,2Gb x16,,Contact Sales,7.5,14.0,1.0,556,136,4.09,0,0.0,625,4.6,34,99.1,17.0,None,0,29.3,DS-DDR5-COMPONENT-FAMILY
ANM-D5C-0067,DDR5_COMPONENT,DDR5,COMPONENT,16,,2800,5600,1.1,-40,95,16,CL46,82,VFBGA,1Gb x16,,Production,7.5,14.0,1.0,443,111,3.99,23,0.207,138,1.25,27,94.4,33.6,Watch,0,27.5,DS-DDR5-COMPONENT-FAMILY
ANM-D5C-0068,DDR5_COMPONENT,DDR5,COMPONENT,16,,2800,5600,1.1,-40,95,8,CL46,78,VFBGA,2Gb x8,,Production,7.5,14.0,1.0,142,103,1.39,69,0.67,47,0.47,35,96.2,-8.7,Watch,0,33.9,DS-DDR5-COMPONENT-FAMILY
ANM-D5C-0069,DDR5_COMPONENT,DDR5,COMPONENT,16,,2600,5200,1.1,-40,95,4,CL42,82,VFBGA,4Gb x4,,Production,7.5,14.0,1.0,270,63,4.29,107,1.698,8,0.13,54,88.8,-2.0,Constrained,1,77.9,DS-DDR5-COMPONENT-FAMILY
ANM-D5C-0070,DDR5_COMPONENT,DDR5,COMPONENT,16,,3200,6400,1.1,0,95,8,CL52,82,VFBGA,2Gb x8,,Production,7.5,14.0,1.0,2167,485,4.47,267,0.551,628,1.3,18,89.2,7.5,None,0,19.6,DS-DDR5-COMPONENT-FAMILY
ANM-D5C-0071,DDR5_COMPONENT,DDR5,COMPONENT,24,,3200,6400,1.1,0,95,16,CL52,78,VFBGA,1.5Gb x16,,Production,7.5,14.0,1.0,118,185,0.64,28,0.151,406,2.2,63,99.8,-14.1,Constrained,1,65.9,DS-DDR5-COMPONENT-FAMILY
ANM-D5C-0072,DDR5_COMPONENT,DDR5,COMPONENT,24,,2800,5600,1.1,-40,95,16,CL46,82,VFBGA,1.5Gb x16,,Contact Sales,7.5,14.0,1.0,658,136,4.84,11,0.081,208,1.53,21,90.7,-7.0,None,0,14.7,DS-DDR5-COMPONENT-FAMILY
ANM-D5C-0073,DDR5_COMPONENT,DDR5,COMPONENT,32,,2400,4800,1.1,0,95,8,CL40,102,VFBGA,4Gb x8,,Production,7.5,14.0,1.0,83,89,0.94,80,0.899,21,0.25,49,92.0,14.9,Constrained,0,51.9,DS-DDR5-COMPONENT-FAMILY
ANM-D5C-0074,DDR5_COMPONENT,DDR5,COMPONENT,16,,2400,4800,1.1,-40,95,8,CL40,78,VFBGA,2Gb x8,,Production,7.5,14.0,1.0,258,147,1.76,230,1.565,120,0.82,51,96.4,-7.3,Constrained,1,74.9,DS-DDR5-COMPONENT-FAMILY
ANM-D5C-0075,DDR5_COMPONENT,DDR5,COMPONENT,24,,2800,5600,1.1,-40,95,8,CL46,82,VFBGA,3Gb x8,,Production,7.5,14.0,1.0,416,219,1.9,0,0.0,626,2.86,14,93.1,23.2,Watch,0,17.0,DS-DDR5-COMPONENT-FAMILY
ANM-D5C-0076,DDR5_COMPONENT,DDR5,COMPONENT,24,,2600,5200,1.1,0,95,16,CL42,78,VFBGA,1.5Gb x16,,End of Life,7.5,14.0,1.0,1003,232,4.33,273,1.177,487,2.1,40,91.3,8.9,Watch,1,46.3,DS-DDR5-COMPONENT-FAMILY
ANM-D5C-0077,DDR5_COMPONENT,DDR5,COMPONENT,16,,3600,7200,1.1,0,95,4,CL58,82,VFBGA,4Gb x4,,Production,7.5,14.0,1.0,451,81,5.57,124,1.531,114,1.41,14,91.4,-14.8,Constrained,0,35.5,DS-DDR5-COMPONENT-FAMILY
ANM-D5C-0078,DDR5_COMPONENT,DDR5,COMPONENT,16,,3200,6400,1.1,-40,95,16,CL52,78,VFBGA,1Gb x16,,Production,7.5,14.0,1.0,406,128,3.17,254,1.984,222,1.74,53,91.6,5.5,Constrained,0,78.6,DS-DDR5-COMPONENT-FAMILY
ANM-D5C-0079,DDR5_COMPONENT,DDR5,COMPONENT,32,,2400,4800,1.1,-40,95,4,CL40,102,VFBGA,8Gb x4,,Production,7.5,14.0,1.0,750,111,6.76,141,1.27,210,1.9,14,83.2,-11.7,Watch,1,31.5,DS-DDR5-COMPONENT-FAMILY
ANM-D5C-0080,DDR5_COMPONENT,DDR5,COMPONENT,32,,3200,6400,1.1,0,95,8,CL52,102,VFBGA,4Gb x8,,Production,7.5,14.0,1.0,194,125,1.56,0,0.0,96,0.77,33,94.9,31.9,Watch,0,31.2,DS-DDR5-COMPONENT-FAMILY
ANM-D5C-0081,DDR5_COMPONENT,DDR5,COMPONENT,16,,2800,5600,1.1,0,95,16,CL46,82,VFBGA,1Gb x16,,Production,7.5,14.0,1.0,633,255,2.48,914,3.584,217,0.85,88,89.7,-24.3,Constrained,1,124.2,DS-DDR5-COMPONENT-FAMILY
ANM-D5C-0082,DDR5_COMPONENT,DDR5,COMPONENT,16,,3600,7200,1.1,-40,95,16,CL58,82,VFBGA,1Gb x16,,Introduction,7.5,14.0,1.0,205,111,1.85,8,0.072,371,3.35,53,91.5,-11.0,Watch,1,55.9,DS-DDR5-COMPONENT-FAMILY
ANM-D5C-0083,DDR5_COMPONENT,DDR5,COMPONENT,24,,3200,6400,1.1,0,95,16,CL52,78,VFBGA,1.5Gb x16,,Sampling,7.5,14.0,1.0,475,109,4.36,402,3.688,313,2.87,59,85.3,13.8,Constrained,0,103.5,DS-DDR5-COMPONENT-FAMILY
ANM-D5C-0084,DDR5_COMPONENT,DDR5,COMPONENT,24,,3600,7200,1.1,-40,95,16,CL58,82,VFBGA,1.5Gb x16,,Introduction,7.5,14.0,1.0,286,92,3.11,0,0.0,73,0.8,19,94.9,3.7,None,0,24.8,DS-DDR5-COMPONENT-FAMILY
ANM-D5C-0085,DDR5_COMPONENT,DDR5,COMPONENT,24,,2600,5200,1.1,-40,95,4,CL42,78,VFBGA,6Gb x4,,Sampling,7.5,14.0,1.0,1160,595,1.95,1075,1.807,316,0.53,57,89.8,20.8,Constrained,1,79.7,DS-DDR5-COMPONENT-FAMILY
ANM-D5C-0086,DDR5_COMPONENT,DDR5,COMPONENT,32,,3200,6400,1.1,0,95,8,CL52,82,VFBGA,4Gb x8,,Production,7.5,14.0,1.0,848,185,4.58,269,1.454,612,3.31,34,90.2,25.7,Constrained,1,47.5,DS-DDR5-COMPONENT-FAMILY
ANM-D5C-0087,DDR5_COMPONENT,DDR5,COMPONENT,24,,2800,5600,1.1,-40,95,8,CL46,102,VFBGA,3Gb x8,,End of Life,7.5,14.0,1.0,393,181,2.17,51,0.282,272,1.5,34,93.5,17.6,Watch,1,31.8,DS-DDR5-COMPONENT-FAMILY
ANM-D5C-0088,DDR5_COMPONENT,DDR5,COMPONENT,32,,3200,6400,1.1,0,95,8,CL52,102,VFBGA,4Gb x8,,Sampling,7.5,14.0,1.0,1127,337,3.34,206,0.611,1408,4.18,41,92.9,-4.0,None,0,47.7,DS-DDR5-COMPONENT-FAMILY
ANM-D5C-0089,DDR5_COMPONENT,DDR5,COMPONENT,16,,2400,4800,1.1,0,95,8,CL40,102,VFBGA,2Gb x8,,Production,7.5,14.0,1.0,341,267,1.28,0,0.0,780,2.92,40,91.9,1.6,Watch,0,29.8,DS-DDR5-COMPONENT-FAMILY
ANM-D5C-0090,DDR5_COMPONENT,DDR5,COMPONENT,24,,3200,6400,1.1,-40,95,16,CL52,102,VFBGA,1.5Gb x16,,Production,7.5,14.0,1.0,1250,221,5.66,0,0.0,132,0.6,23,98.5,27.6,Watch,0,24.2,DS-DDR5-COMPONENT-FAMILY
ANM-D5C-0091,DDR5_COMPONENT,DDR5,COMPONENT,24,,2800,5600,1.1,-40,95,8,CL46,78,VFBGA,3Gb x8,,Sampling,7.5,14.0,1.0,208,78,2.67,75,0.962,218,2.8,37,86.1,30.0,Watch,1,50.3,DS-DDR5-COMPONENT-FAMILY
ANM-D5C-0092,DDR5_COMPONENT,DDR5,COMPONENT,32,,3600,7200,1.1,0,95,16,CL58,78,VFBGA,2Gb x16,,Sampling,7.5,14.0,1.0,997,274,3.64,217,0.792,651,2.38,51,96.6,12.8,Watch,1,54.5,DS-DDR5-COMPONENT-FAMILY
ANM-D5C-0093,DDR5_COMPONENT,DDR5,COMPONENT,32,,3600,7200,1.1,-40,95,16,CL58,78,VFBGA,2Gb x16,,Production,7.5,14.0,1.0,535,144,3.72,4,0.028,114,0.79,23,97.3,-7.7,None,0,20.2,DS-DDR5-COMPONENT-FAMILY
ANM-D5C-0094,DDR5_COMPONENT,DDR5,COMPONENT,24,,2400,4800,1.1,0,95,16,CL40,78,VFBGA,1.5Gb x16,,End of Life,7.5,14.0,1.0,107,52,2.08,0,0.0,135,2.61,37,93.9,-6.3,Watch,0,35.2,DS-DDR5-COMPONENT-FAMILY
ANM-D5C-0095,DDR5_COMPONENT,DDR5,COMPONENT,32,,2600,5200,1.1,-40,95,16,CL42,78,VFBGA,2Gb x16,,Production,7.5,14.0,1.0,1288,118,10.92,48,0.407,81,0.69,14,88.8,-1.1,None,0,27.2,DS-DDR5-COMPONENT-FAMILY
ANM-D5C-0096,DDR5_COMPONENT,DDR5,COMPONENT,24,,2800,5600,1.1,0,95,4,CL46,82,VFBGA,6Gb x4,,Production,7.5,14.0,1.0,398,211,1.89,190,0.9,798,3.78,56,98.5,10.4,Watch,1,67.2,DS-DDR5-COMPONENT-FAMILY
ANM-D5C-0097,DDR5_COMPONENT,DDR5,COMPONENT,24,,2400,4800,1.1,0,95,16,CL40,78,VFBGA,1.5Gb x16,,Introduction,7.5,14.0,1.0,403,215,1.88,319,1.484,351,1.64,63,97.8,-8.4,Constrained,0,85.6,DS-DDR5-COMPONENT-FAMILY
ANM-D5C-0098,DDR5_COMPONENT,DDR5,COMPONENT,16,,2600,5200,1.1,-40,95,4,CL42,102,VFBGA,4Gb x4,,Production,7.5,14.0,1.0,292,165,1.77,23,0.139,361,2.19,26,99.8,2.3,Watch,0,21.8,DS-DDR5-COMPONENT-FAMILY
ANM-D5C-0099,DDR5_COMPONENT,DDR5,COMPONENT,24,,3600,7200,1.1,-40,95,8,CL58,102,VFBGA,3Gb x8,,End of Life,7.5,14.0,1.0,261,224,1.17,200,0.893,707,3.16,45,89.4,32.3,Constrained,1,51.8,DS-DDR5-COMPONENT-FAMILY
ANM-D5C-0100,DDR5_COMPONENT,DDR5,COMPONENT,16,,2600,5200,1.1,0,95,8,CL42,78,VFBGA,2Gb x8,,Production,7.5,14.0,1.0,222,66,3.37,94,1.424,206,3.13,41,83.2,-6.3,Constrained,1,60.1,DS-DDR5-COMPONENT-FAMILY
ANM-D5C-0101,DDR5_COMPONENT,DDR5,COMPONENT,16,,3200,6400,1.1,-40,95,8,CL52,78,VFBGA,2Gb x8,,Production,7.5,14.0,1.0,668,163,4.1,0,0.0,328,2.02,14,91.8,-8.1,None,0,13.7,DS-DDR5-COMPONENT-FAMILY
ANM-D5C-0102,DDR5_COMPONENT,DDR5,COMPONENT,32,,3200,6400,1.1,0,95,4,CL52,102,VFBGA,8Gb x4,,Production,7.5,14.0,1.0,1164,282,4.13,57,0.202,922,3.27,14,94.9,2.4,None,0,19.8,DS-DDR5-COMPONENT-FAMILY
ANM-D5C-0103,DDR5_COMPONENT,DDR5,COMPONENT,16,,3200,6400,1.1,0,95,4,CL52,82,VFBGA,4Gb x4,,Introduction,7.5,14.0,1.0,425,74,5.74,3,0.041,23,0.32,14,94.2,-19.1,None,1,18.9,DS-DDR5-COMPONENT-FAMILY
ANM-D5C-0104,DDR5_COMPONENT,DDR5,COMPONENT,16,,2800,5600,1.1,-40,95,16,CL46,78,VFBGA,1Gb x16,,Production,7.5,14.0,1.0,85,113,0.76,19,0.168,127,1.13,35,96.9,26.0,Constrained,1,45.0,DS-DDR5-COMPONENT-FAMILY
ANM-D5C-0105,DDR5_COMPONENT,DDR5,COMPONENT,24,,2800,5600,1.1,-40,95,16,CL46,78,VFBGA,1.5Gb x16,,Production,7.5,14.0,1.0,519,141,3.69,249,1.766,162,1.15,37,91.6,4.9,Constrained,0,58.7,DS-DDR5-COMPONENT-FAMILY
ANM-D5C-0106,DDR5_COMPONENT,DDR5,COMPONENT,32,,2800,5600,1.1,-40,95,16,CL46,78,VFBGA,2Gb x16,,Production,7.5,14.0,1.0,430,141,3.05,0,0.0,399,2.84,31,85.6,56.9,Watch,0,34.0,DS-DDR5-COMPONENT-FAMILY
ANM-D5C-0107,DDR5_COMPONENT,DDR5,COMPONENT,32,,3600,7200,1.1,-40,95,4,CL58,78,VFBGA,8Gb x4,,Production,7.5,14.0,1.0,256,185,1.39,180,0.973,341,1.84,37,90.3,7.9,Watch,0,52.0,DS-DDR5-COMPONENT-FAMILY
ANM-D5C-0108,DDR5_COMPONENT,DDR5,COMPONENT,24,,2600,5200,1.1,-40,95,16,CL42,78,VFBGA,1.5Gb x16,,Production,7.5,14.0,1.0,622,194,3.21,137,0.706,338,1.75,49,92.7,12.1,Watch,0,51.8,DS-DDR5-COMPONENT-FAMILY
ANM-D5C-0109,DDR5_COMPONENT,DDR5,COMPONENT,24,,2400,4800,1.1,-40,95,4,CL40,102,VFBGA,6Gb x4,,Production,7.5,14.0,1.0,258,214,1.21,488,2.28,641,3.0,59,93.6,12.2,Constrained,1,81.6,DS-DDR5-COMPONENT-FAMILY
ANM-D5C-0110,DDR5_COMPONENT,DDR5,COMPONENT,24,,3600,7200,1.1,-40,95,4,CL58,82,VFBGA,6Gb x4,,Production,7.5,14.0,1.0,1514,252,6.01,0,0.0,297,1.18,31,94.5,-14.5,None,0,24.1,DS-DDR5-COMPONENT-FAMILY
ANM-D5C-0111,DDR5_COMPONENT,DDR5,COMPONENT,24,,3600,7200,1.1,-40,95,4,CL58,78,VFBGA,6Gb x4,,Production,7.5,14.0,1.0,87,60,1.45,129,2.15,26,0.44,52,94.1,22.2,Constrained,1,72.2,DS-DDR5-COMPONENT-FAMILY
ANM-D5C-0112,DDR5_COMPONENT,DDR5,COMPONENT,24,,3200,6400,1.1,0,95,4,CL52,102,VFBGA,6Gb x4,,Production,7.5,14.0,1.0,2740,512,5.35,116,0.227,202,0.4,14,99.8,17.1,None,0,20.5,DS-DDR5-COMPONENT-FAMILY
ANM-D5C-0113,DDR5_COMPONENT,DDR5,COMPONENT,32,,3200,6400,1.1,0,95,4,CL52,102,VFBGA,8Gb x4,,Production,7.5,14.0,1.0,490,203,2.41,148,0.729,262,1.29,46,85.0,2.2,Watch,0,49.2,DS-DDR5-COMPONENT-FAMILY
ANM-D5C-0114,DDR5_COMPONENT,DDR5,COMPONENT,32,,3200,6400,1.1,0,95,4,CL52,82,VFBGA,8Gb x4,,End of Life,7.5,14.0,1.0,261,80,3.27,152,1.9,49,0.62,61,87.8,1.1,Constrained,1,75.6,DS-DDR5-COMPONENT-FAMILY
ANM-D5C-0115,DDR5_COMPONENT,DDR5,COMPONENT,16,,3200,6400,1.1,-40,95,16,CL52,82,VFBGA,1Gb x16,,Introduction,7.5,14.0,1.0,1685,200,8.43,118,0.59,755,3.78,14,92.7,-3.7,None,0,20.2,DS-DDR5-COMPONENT-FAMILY
ANM-D5C-0116,DDR5_COMPONENT,DDR5,COMPONENT,16,,3200,6400,1.1,0,95,16,CL52,78,VFBGA,1Gb x16,,End of Life,7.5,14.0,1.0,598,200,2.99,90,0.45,77,0.39,56,91.5,17.5,None,0,66.2,DS-DDR5-COMPONENT-FAMILY
ANM-D5C-0117,DDR5_COMPONENT,DDR5,COMPONENT,16,,2400,4800,1.1,-40,95,8,CL40,102,VFBGA,2Gb x8,,Production,7.5,14.0,1.0,482,100,4.83,10,0.1,179,1.8,14,88.9,9.6,None,1,19.4,DS-DDR5-COMPONENT-FAMILY
ANM-D5C-0118,DDR5_COMPONENT,DDR5,COMPONENT,32,,2800,5600,1.1,-40,95,16,CL46,82,VFBGA,2Gb x16,,Production,7.5,14.0,1.0,471,186,2.54,63,0.339,543,2.92,64,98.8,-26.3,None,0,67.9,DS-DDR5-COMPONENT-FAMILY
ANM-D5C-0119,DDR5_COMPONENT,DDR5,COMPONENT,32,,3600,7200,1.1,-40,95,8,CL58,78,VFBGA,4Gb x8,,End of Life,7.5,14.0,1.0,563,148,3.81,3,0.02,435,2.94,38,96.2,33.3,Watch,1,39.6,DS-DDR5-COMPONENT-FAMILY
ANM-D5C-0120,DDR5_COMPONENT,DDR5,COMPONENT,24,,2600,5200,1.1,0,95,8,CL42,102,VFBGA,3Gb x8,,Production,7.5,14.0,1.0,247,132,1.87,0,0.0,203,1.54,21,91.5,16.6,Watch,0,28.0,DS-DDR5-COMPONENT-FAMILY
ANM-D5C-0121,DDR5_COMPONENT,DDR5,COMPONENT,24,,3200,6400,1.1,0,95,16,CL52,78,VFBGA,1.5Gb x16,,Production,7.5,14.0,1.0,616,157,3.93,499,3.178,386,2.46,87,81.6,3.0,Constrained,0,122.9,DS-DDR5-COMPONENT-FAMILY
ANM-D5C-0122,DDR5_COMPONENT,DDR5,COMPONENT,24,,2400,4800,1.1,0,95,8,CL40,78,VFBGA,3Gb x8,,Sampling,7.5,14.0,1.0,634,154,4.12,0,0.0,211,1.37,14,99.3,-17.9,None,0,10.2,DS-DDR5-COMPONENT-FAMILY
ANM-D5C-0123,DDR5_COMPONENT,DDR5,COMPONENT,32,,2600,5200,1.1,-40,95,4,CL42,82,VFBGA,8Gb x4,,Production,7.5,14.0,1.0,206,68,3.04,76,1.118,53,0.79,43,91.2,1.3,Watch,0,57.7,DS-DDR5-COMPONENT-FAMILY
ANM-D5C-0124,DDR5_COMPONENT,DDR5,COMPONENT,16,,2800,5600,1.1,-40,95,16,CL46,102,VFBGA,1Gb x16,,Sampling,7.5,14.0,1.0,397,251,1.58,0,0.0,54,0.22,41,99.8,-16.4,Watch,0,44.0,DS-DDR5-COMPONENT-FAMILY
ANM-D5C-0125,DDR5_COMPONENT,DDR5,COMPONENT,32,,2400,4800,1.1,0,95,16,CL40,102,VFBGA,2Gb x16,,Production,7.5,14.0,1.0,514,150,3.43,63,0.42,156,1.05,46,93.8,9.8,None,0,47.6,DS-DDR5-COMPONENT-FAMILY
ANM-D5C-0126,DDR5_COMPONENT,DDR5,COMPONENT,16,,2400,4800,1.1,0,95,8,CL40,82,VFBGA,2Gb x8,,Production,7.5,14.0,1.0,654,256,2.56,7,0.027,392,1.53,29,93.0,7.6,None,0,42.1,DS-DDR5-COMPONENT-FAMILY
ANM-D5C-0127,DDR5_COMPONENT,DDR5,COMPONENT,16,,2400,4800,1.1,0,95,8,CL40,82,VFBGA,2Gb x8,,Production,7.5,14.0,1.0,221,125,1.77,107,0.856,138,1.11,29,91.7,13.5,Watch,1,38.6,DS-DDR5-COMPONENT-FAMILY
ANM-D5C-0128,DDR5_COMPONENT,DDR5,COMPONENT,32,,3200,6400,1.1,0,95,16,CL52,78,VFBGA,2Gb x16,,Production,7.5,14.0,1.0,583,193,3.03,0,0.0,94,0.49,35,90.1,11.5,None,0,32.9,DS-DDR5-COMPONENT-FAMILY
ANM-D5C-0129,DDR5_COMPONENT,DDR5,COMPONENT,32,,2600,5200,1.1,0,95,8,CL42,82,VFBGA,4Gb x8,,Production,7.5,14.0,1.0,271,143,1.9,25,0.175,268,1.88,25,94.1,4.1,Watch,0,28.9,DS-DDR5-COMPONENT-FAMILY
ANM-D5C-0130,DDR5_COMPONENT,DDR5,COMPONENT,32,,2400,4800,1.1,-40,95,8,CL40,78,VFBGA,4Gb x8,,Production,7.5,14.0,1.0,1497,285,5.26,0,0.0,115,0.41,14,98.8,-1.7,None,0,17.3,DS-DDR5-COMPONENT-FAMILY
ANM-D5C-0131,DDR5_COMPONENT,DDR5,COMPONENT,32,,2800,5600,1.1,-40,95,16,CL46,82,VFBGA,2Gb x16,,Contact Sales,7.5,14.0,1.0,637,225,2.83,70,0.311,617,2.74,20,87.2,7.3,None,0,24.3,DS-DDR5-COMPONENT-FAMILY
ANM-D5C-0132,DDR5_COMPONENT,DDR5,COMPONENT,24,,3200,6400,1.1,0,95,4,CL52,102,VFBGA,6Gb x4,,Production,7.5,14.0,1.0,640,204,3.14,0,0.0,299,1.47,14,98.7,-11.5,None,0,10.0,DS-DDR5-COMPONENT-FAMILY
ANM-D5C-0133,DDR5_COMPONENT,DDR5,COMPONENT,32,,2800,5600,1.1,-40,95,4,CL46,78,VFBGA,8Gb x4,,Production,7.5,14.0,1.0,170,116,1.47,180,1.552,62,0.54,52,93.0,29.4,Constrained,1,76.8,DS-DDR5-COMPONENT-FAMILY
ANM-D5C-0134,DDR5_COMPONENT,DDR5,COMPONENT,32,,2400,4800,1.1,-40,95,16,CL40,78,VFBGA,2Gb x16,,Production,7.5,14.0,1.0,828,172,4.82,77,0.448,134,0.78,51,93.2,-2.6,None,0,56.0,DS-DDR5-COMPONENT-FAMILY
ANM-D5C-0135,DDR5_COMPONENT,DDR5,COMPONENT,32,,2600,5200,1.1,-40,95,16,CL42,102,VFBGA,2Gb x16,,Production,7.5,14.0,1.0,94,70,1.35,70,1.0,230,3.29,51,88.2,-10.1,Watch,0,65.6,DS-DDR5-COMPONENT-FAMILY
ANM-D5C-0136,DDR5_COMPONENT,DDR5,COMPONENT,16,,2800,5600,1.1,0,95,8,CL46,102,VFBGA,2Gb x8,,Production,7.5,14.0,1.0,1328,207,6.42,47,0.227,253,1.23,19,99.8,-7.6,None,0,24.7,DS-DDR5-COMPONENT-FAMILY
ANM-D5C-0137,DDR5_COMPONENT,DDR5,COMPONENT,24,,3200,6400,1.1,0,95,4,CL52,102,VFBGA,6Gb x4,,Contact Sales,7.5,14.0,1.0,530,153,3.47,165,1.078,351,2.3,45,89.9,-6.7,Watch,1,49.4,DS-DDR5-COMPONENT-FAMILY
ANM-D5C-0138,DDR5_COMPONENT,DDR5,COMPONENT,32,,2800,5600,1.1,-40,95,4,CL46,82,VFBGA,8Gb x4,,Sampling,7.5,14.0,1.0,27,57,0.48,16,0.281,68,1.2,55,90.8,1.0,Constrained,1,59.2,DS-DDR5-COMPONENT-FAMILY
ANM-D5C-0139,DDR5_COMPONENT,DDR5,COMPONENT,16,,3200,6400,1.1,0,95,4,CL52,102,VFBGA,4Gb x4,,Sampling,7.5,14.0,1.0,965,129,7.48,160,1.24,325,2.53,24,90.4,2.3,Watch,0,36.2,DS-DDR5-COMPONENT-FAMILY
ANM-D5C-0140,DDR5_COMPONENT,DDR5,COMPONENT,32,,2800,5600,1.1,-40,95,4,CL46,82,VFBGA,8Gb x4,,Production,7.5,14.0,1.0,978,232,4.22,391,1.685,353,1.52,44,99.4,14.2,Constrained,1,52.6,DS-DDR5-COMPONENT-FAMILY
ANM-D5C-0141,DDR5_COMPONENT,DDR5,COMPONENT,32,,2800,5600,1.1,-40,95,16,CL46,78,VFBGA,2Gb x16,,Production,7.5,14.0,1.0,835,224,3.73,18,0.08,476,2.13,35,90.1,27.2,Watch,0,36.9,DS-DDR5-COMPONENT-FAMILY
ANM-D5C-0142,DDR5_COMPONENT,DDR5,COMPONENT,32,,3600,7200,1.1,0,95,8,CL58,102,VFBGA,4Gb x8,,Introduction,7.5,14.0,1.0,152,171,0.89,0,0.0,355,2.08,35,94.1,-10.1,Constrained,0,37.8,DS-DDR5-COMPONENT-FAMILY
ANM-D5C-0143,DDR5_COMPONENT,DDR5,COMPONENT,24,,3200,6400,1.1,0,95,4,CL52,78,VFBGA,6Gb x4,,Production,7.5,14.0,1.0,527,138,3.82,22,0.159,101,0.73,14,85.1,14.6,None,0,19.6,DS-DDR5-COMPONENT-FAMILY
ANM-D5C-0144,DDR5_COMPONENT,DDR5,COMPONENT,16,,2600,5200,1.1,0,95,16,CL42,82,VFBGA,1Gb x16,,Production,7.5,14.0,1.0,401,58,6.93,0,0.0,202,3.5,14,99.8,-6.2,None,0,13.7,DS-DDR5-COMPONENT-FAMILY
ANM-D5C-0145,DDR5_COMPONENT,DDR5,COMPONENT,32,,3600,7200,1.1,0,95,8,CL58,102,VFBGA,4Gb x8,,Production,7.5,14.0,1.0,3148,346,9.1,790,2.283,1006,2.91,23,92.4,24.1,Constrained,1,45.2,DS-DDR5-COMPONENT-FAMILY
ANM-D5C-0146,DDR5_COMPONENT,DDR5,COMPONENT,24,,2800,5600,1.1,-40,95,4,CL46,82,VFBGA,6Gb x4,,Production,7.5,14.0,1.0,1119,249,4.49,0,0.0,320,1.29,18,93.5,31.2,Watch,0,24.5,DS-DDR5-COMPONENT-FAMILY
ANM-D5C-0147,DDR5_COMPONENT,DDR5,COMPONENT,24,,2400,4800,1.1,-40,95,16,CL40,78,VFBGA,1.5Gb x16,,Production,7.5,14.0,1.0,710,84,8.46,17,0.202,153,1.83,18,85.6,-18.6,None,0,22.3,DS-DDR5-COMPONENT-FAMILY
ANM-D5C-0148,DDR5_COMPONENT,DDR5,COMPONENT,16,,3200,6400,1.1,0,95,4,CL52,78,VFBGA,4Gb x4,,Introduction,7.5,14.0,1.0,75,68,1.11,35,0.515,69,1.02,20,91.0,11.2,Constrained,1,25.4,DS-DDR5-COMPONENT-FAMILY
ANM-D5C-0149,DDR5_COMPONENT,DDR5,COMPONENT,16,,3600,7200,1.1,0,95,4,CL58,102,VFBGA,4Gb x4,,Production,7.5,14.0,1.0,376,318,1.18,124,0.39,419,1.32,45,88.4,11.1,Constrained,0,47.6,DS-DDR5-COMPONENT-FAMILY
ANM-D5C-0150,DDR5_COMPONENT,DDR5,COMPONENT,24,,2600,5200,1.1,0,95,16,CL42,78,VFBGA,1.5Gb x16,,End of Life,7.5,14.0,1.0,566,180,3.14,64,0.356,229,1.28,27,94.4,20.4,None,0,28.5,DS-DDR5-COMPONENT-FAMILY
ANM-D5C-0151,DDR5_COMPONENT,DDR5,COMPONENT,16,,2400,4800,1.1,0,95,16,CL40,78,VFBGA,1Gb x16,,Production,7.5,14.0,1.0,802,337,2.38,42,0.125,500,1.48,33,89.1,-27.7,None,0,29.2,DS-DDR5-COMPONENT-FAMILY
ANM-D5C-0152,DDR5_COMPONENT,DDR5,COMPONENT,32,,2800,5600,1.1,0,95,4,CL46,78,VFBGA,8Gb x4,,Production,7.5,14.0,1.0,522,170,3.07,0,0.0,164,0.97,37,89.0,9.3,None,0,31.5,DS-DDR5-COMPONENT-FAMILY
ANM-D5C-0153,DDR5_COMPONENT,DDR5,COMPONENT,16,,2400,4800,1.1,-40,95,8,CL40,102,VFBGA,2Gb x8,,Production,7.5,14.0,1.0,539,191,2.82,1,0.005,222,1.16,36,92.2,22.3,None,0,51.8,DS-DDR5-COMPONENT-FAMILY
ANM-D5C-0154,DDR5_COMPONENT,DDR5,COMPONENT,16,,3600,7200,1.1,-40,95,4,CL58,102,VFBGA,4Gb x4,,End of Life,7.5,14.0,1.0,404,126,3.21,0,0.0,201,1.6,32,97.6,-38.5,None,1,26.0,DS-DDR5-COMPONENT-FAMILY
ANM-D5C-0155,DDR5_COMPONENT,DDR5,COMPONENT,24,,3200,6400,1.1,0,95,8,CL52,102,VFBGA,3Gb x8,,Contact Sales,7.5,14.0,1.0,1939,208,9.32,398,1.913,325,1.57,14,90.7,-8.8,Constrained,1,30.5,DS-DDR5-COMPONENT-FAMILY
ANM-D5C-0156,DDR5_COMPONENT,DDR5,COMPONENT,16,,2800,5600,1.1,0,95,16,CL46,78,VFBGA,1Gb x16,,Production,7.5,14.0,1.0,451,281,1.61,189,0.673,344,1.23,37,85.7,19.9,Watch,0,46.2,DS-DDR5-COMPONENT-FAMILY
ANM-D5C-0157,DDR5_COMPONENT,DDR5,COMPONENT,32,,2800,5600,1.1,-40,95,8,CL46,102,VFBGA,4Gb x8,,Production,7.5,14.0,1.0,2043,134,15.25,190,1.418,290,2.17,14,90.5,10.5,Constrained,1,36.2,DS-DDR5-COMPONENT-FAMILY
ANM-D5C-0158,DDR5_COMPONENT,DDR5,COMPONENT,32,,2400,4800,1.1,0,95,16,CL40,82,VFBGA,2Gb x16,,Contact Sales,7.5,14.0,1.0,1172,285,4.11,135,0.474,776,2.73,18,96.7,-2.0,None,0,19.9,DS-DDR5-COMPONENT-FAMILY
ANM-D5C-0159,DDR5_COMPONENT,DDR5,COMPONENT,24,,3200,6400,1.1,0,95,8,CL52,82,VFBGA,3Gb x8,,Production,7.5,14.0,1.0,333,87,3.83,3,0.034,152,1.75,30,93.9,8.8,None,0,30.7,DS-DDR5-COMPONENT-FAMILY
ANM-D5C-0160,DDR5_COMPONENT,DDR5,COMPONENT,16,,3200,6400,1.1,0,95,4,CL52,78,VFBGA,4Gb x4,,Production,7.5,14.0,1.0,1908,279,6.84,85,0.305,826,2.96,28,99.8,14.4,None,0,33.2,DS-DDR5-COMPONENT-FAMILY
ANM-D5C-0161,DDR5_COMPONENT,DDR5,COMPONENT,24,,2600,5200,1.1,0,95,16,CL42,102,VFBGA,1.5Gb x16,,Production,7.5,14.0,1.0,369,165,2.24,104,0.63,310,1.88,34,84.3,1.0,Watch,0,47.6,DS-DDR5-COMPONENT-FAMILY
ANM-D5C-0162,DDR5_COMPONENT,DDR5,COMPONENT,32,,3200,6400,1.1,0,95,16,CL52,102,VFBGA,2Gb x16,,Production,7.5,14.0,1.0,185,141,1.31,19,0.135,174,1.24,31,90.9,-32.5,Watch,1,36.1,DS-DDR5-COMPONENT-FAMILY
ANM-D5C-0163,DDR5_COMPONENT,DDR5,COMPONENT,32,,2600,5200,1.1,-40,95,4,CL42,78,VFBGA,8Gb x4,,Production,7.5,14.0,1.0,232,296,0.79,501,1.693,457,1.54,60,84.2,25.4,Constrained,1,78.3,DS-DDR5-COMPONENT-FAMILY
ANM-D5C-0164,DDR5_COMPONENT,DDR5,COMPONENT,16,,2800,5600,1.1,0,95,16,CL46,102,VFBGA,1Gb x16,,End of Life,7.5,14.0,1.0,577,165,3.5,43,0.261,454,2.76,14,85.5,6.3,None,0,23.0,DS-DDR5-COMPONENT-FAMILY
ANM-D5C-0165,DDR5_COMPONENT,DDR5,COMPONENT,32,,3600,7200,1.1,-40,95,4,CL58,78,VFBGA,8Gb x4,,Production,7.5,14.0,1.0,327,71,4.61,70,0.986,130,1.84,39,90.5,-13.5,Watch,0,54.3,DS-DDR5-COMPONENT-FAMILY
ANM-D5C-0166,DDR5_COMPONENT,DDR5,COMPONENT,24,,2800,5600,1.1,0,95,4,CL46,102,VFBGA,6Gb x4,,Production,7.5,14.0,1.0,683,138,4.96,16,0.116,192,1.4,28,91.9,13.2,None,1,29.2,DS-DDR5-COMPONENT-FAMILY
ANM-D5C-0167,DDR5_COMPONENT,DDR5,COMPONENT,32,,2400,4800,1.1,0,95,4,CL40,82,VFBGA,8Gb x4,,Production,7.5,14.0,1.0,958,222,4.32,275,1.239,214,0.97,40,87.7,-12.4,Watch,1,53.1,DS-DDR5-COMPONENT-FAMILY
ANM-D5C-0168,DDR5_COMPONENT,DDR5,COMPONENT,24,,2800,5600,1.1,0,95,16,CL46,78,VFBGA,1.5Gb x16,,Production,7.5,14.0,1.0,121,52,2.34,0,0.0,29,0.57,43,99.8,2.1,None,0,41.2,DS-DDR5-COMPONENT-FAMILY
ANM-D5C-0169,DDR5_COMPONENT,DDR5,COMPONENT,32,,2400,4800,1.1,-40,95,8,CL40,82,VFBGA,4Gb x8,,Production,7.5,14.0,1.0,911,154,5.92,107,0.695,507,3.3,24,94.5,15.8,None,0,45.7,DS-DDR5-COMPONENT-FAMILY
ANM-D5C-0170,DDR5_COMPONENT,DDR5,COMPONENT,16,,3600,7200,1.1,-40,95,4,CL58,78,VFBGA,4Gb x4,,Production,7.5,14.0,1.0,92,54,1.72,45,0.833,201,3.73,65,96.8,33.5,Watch,0,80.3,DS-DDR5-COMPONENT-FAMILY
ANM-D5C-0171,DDR5_COMPONENT,DDR5,COMPONENT,24,,3600,7200,1.1,-40,95,16,CL58,78,VFBGA,1.5Gb x16,,Production,7.5,14.0,1.0,110,154,0.72,40,0.26,609,3.96,50,90.7,7.5,Constrained,1,49.7,DS-DDR5-COMPONENT-FAMILY
ANM-D5C-0172,DDR5_COMPONENT,DDR5,COMPONENT,16,,2600,5200,1.1,0,95,8,CL42,82,VFBGA,2Gb x8,,Production,7.5,14.0,1.0,129,71,1.83,28,0.394,27,0.39,36,89.2,-8.0,Watch,1,39.0,DS-DDR5-COMPONENT-FAMILY
ANM-D5C-0173,DDR5_COMPONENT,DDR5,COMPONENT,24,,3200,6400,1.1,0,95,4,CL52,102,VFBGA,6Gb x4,,Sampling,7.5,14.0,1.0,839,148,5.67,15,0.101,293,1.98,14,94.5,-9.5,None,0,12.9,DS-DDR5-COMPONENT-FAMILY
ANM-D5C-0174,DDR5_COMPONENT,DDR5,COMPONENT,32,,2800,5600,1.1,-40,95,4,CL46,82,VFBGA,8Gb x4,,Production,7.5,14.0,1.0,536,95,5.64,41,0.432,77,0.82,14,96.0,0.7,None,0,21.5,DS-DDR5-COMPONENT-FAMILY
ANM-D5C-0175,DDR5_COMPONENT,DDR5,COMPONENT,24,,3600,7200,1.1,-40,95,8,CL58,82,VFBGA,3Gb x8,,Production,7.5,14.0,1.0,1779,344,5.17,40,0.116,576,1.67,14,92.6,-12.0,None,1,10.0,DS-DDR5-COMPONENT-FAMILY
ANM-D5C-0176,DDR5_COMPONENT,DDR5,COMPONENT,24,,2600,5200,1.1,-40,95,16,CL42,78,VFBGA,1.5Gb x16,,Production,7.5,14.0,1.0,246,99,2.49,0,0.0,124,1.25,20,98.9,24.8,None,1,27.8,DS-DDR5-COMPONENT-FAMILY
ANM-D5C-0177,DDR5_COMPONENT,DDR5,COMPONENT,24,,3600,7200,1.1,0,95,8,CL58,82,VFBGA,3Gb x8,,Sampling,7.5,14.0,1.0,189,57,3.33,62,1.088,89,1.57,27,90.6,0.3,Watch,1,37.2,DS-DDR5-COMPONENT-FAMILY
ANM-D5C-0178,DDR5_COMPONENT,DDR5,COMPONENT,16,,2400,4800,1.1,0,95,16,CL40,82,VFBGA,1Gb x16,,Production,7.5,14.0,1.0,100,52,1.92,25,0.481,182,3.5,26,94.4,19.2,Watch,0,41.8,DS-DDR5-COMPONENT-FAMILY
ANM-D5C-0179,DDR5_COMPONENT,DDR5,COMPONENT,32,,2600,5200,1.1,0,95,4,CL42,82,VFBGA,8Gb x4,,Production,7.5,14.0,1.0,135,98,1.38,0,0.0,215,2.2,41,93.5,18.6,Watch,0,46.8,DS-DDR5-COMPONENT-FAMILY
ANM-D5C-0180,DDR5_COMPONENT,DDR5,COMPONENT,32,,2400,4800,1.1,-40,95,4,CL40,102,VFBGA,8Gb x4,,Sampling,7.5,14.0,1.0,357,56,6.39,0,0.0,31,0.56,14,90.1,-3.7,None,0,14.2,DS-DDR5-COMPONENT-FAMILY
ANM-D5C-0181,DDR5_COMPONENT,DDR5,COMPONENT,32,,3600,7200,1.1,-40,95,8,CL58,82,VFBGA,4Gb x8,,Production,7.5,14.0,1.0,118,135,0.88,223,1.652,431,3.2,40,84.1,-6.7,Constrained,1,57.1,DS-DDR5-COMPONENT-FAMILY
ANM-D5C-0182,DDR5_COMPONENT,DDR5,COMPONENT,24,,2800,5600,1.1,0,95,16,CL46,102,VFBGA,1.5Gb x16,,Production,7.5,14.0,1.0,268,173,1.55,131,0.757,385,2.23,43,87.3,-2.5,Watch,0,41.9,DS-DDR5-COMPONENT-FAMILY
ANM-D5C-0183,DDR5_COMPONENT,DDR5,COMPONENT,16,,2400,4800,1.1,-40,95,8,CL40,102,VFBGA,2Gb x8,,Contact Sales,7.5,14.0,1.0,330,122,2.71,72,0.59,40,0.33,14,87.5,6.6,None,0,29.7,DS-DDR5-COMPONENT-FAMILY
ANM-D5C-0184,DDR5_COMPONENT,DDR5,COMPONENT,32,,3600,7200,1.1,-40,95,16,CL58,102,VFBGA,2Gb x16,,Production,7.5,14.0,1.0,2214,506,4.38,421,0.832,383,0.76,21,86.5,-11.6,Watch,0,30.1,DS-DDR5-COMPONENT-FAMILY
ANM-D5C-0185,DDR5_COMPONENT,DDR5,COMPONENT,16,,3200,6400,1.1,0,95,16,CL52,102,VFBGA,1Gb x16,,Production,7.5,14.0,1.0,1026,194,5.29,0,0.0,247,1.27,48,98.4,39.3,Watch,1,45.6,DS-DDR5-COMPONENT-FAMILY
ANM-D5C-0186,DDR5_COMPONENT,DDR5,COMPONENT,16,,3200,6400,1.1,-40,95,4,CL52,102,VFBGA,4Gb x4,,Production,7.5,14.0,1.0,400,195,2.05,69,0.354,353,1.81,42,91.5,9.0,Watch,1,43.1,DS-DDR5-COMPONENT-FAMILY
ANM-D5C-0187,DDR5_COMPONENT,DDR5,COMPONENT,32,,3200,6400,1.1,0,95,8,CL52,82,VFBGA,4Gb x8,,Contact Sales,7.5,14.0,1.0,633,239,2.65,0,0.0,434,1.82,43,90.4,-7.8,None,0,40.0,DS-DDR5-COMPONENT-FAMILY
ANM-D5C-0188,DDR5_COMPONENT,DDR5,COMPONENT,24,,3600,7200,1.1,-40,95,4,CL58,82,VFBGA,6Gb x4,,Production,7.5,14.0,1.0,117,316,0.37,123,0.389,586,1.86,52,93.2,0.4,Constrained,1,54.8,DS-DDR5-COMPONENT-FAMILY
ANM-D5C-0189,DDR5_COMPONENT,DDR5,COMPONENT,24,,2800,5600,1.1,0,95,16,CL46,78,VFBGA,1.5Gb x16,,Production,7.5,14.0,1.0,775,133,5.83,44,0.331,398,2.99,44,92.0,21.1,None,1,55.1,DS-DDR5-COMPONENT-FAMILY
ANM-D5C-0190,DDR5_COMPONENT,DDR5,COMPONENT,24,,2800,5600,1.1,-40,95,16,CL46,102,VFBGA,1.5Gb x16,,Sampling,7.5,14.0,1.0,192,118,1.64,9,0.076,323,2.74,48,95.8,17.1,Watch,1,52.7,DS-DDR5-COMPONENT-FAMILY
ANM-D5C-0191,DDR5_COMPONENT,DDR5,COMPONENT,32,,3200,6400,1.1,-40,95,16,CL52,102,VFBGA,2Gb x16,,Sampling,7.5,14.0,1.0,400,104,3.85,106,1.019,346,3.34,24,91.8,-10.8,Watch,0,33.9,DS-DDR5-COMPONENT-FAMILY
ANM-D5C-0192,DDR5_COMPONENT,DDR5,COMPONENT,32,,3600,7200,1.1,-40,95,4,CL58,78,VFBGA,8Gb x4,,Production,7.5,14.0,1.0,41,60,0.69,0,0.0,70,1.17,14,94.9,4.0,Constrained,1,10.0,DS-DDR5-COMPONENT-FAMILY
ANM-D5C-0193,DDR5_COMPONENT,DDR5,COMPONENT,16,,2800,5600,1.1,0,95,8,CL46,78,VFBGA,2Gb x8,,Production,7.5,14.0,1.0,1111,213,5.22,68,0.319,174,0.82,31,90.5,1.2,None,0,37.8,DS-DDR5-COMPONENT-FAMILY
ANM-D5C-0194,DDR5_COMPONENT,DDR5,COMPONENT,16,,3600,7200,1.1,0,95,16,CL58,102,VFBGA,1Gb x16,,Production,7.5,14.0,1.0,554,127,4.36,122,0.961,59,0.47,50,85.9,-40.0,Watch,1,61.0,DS-DDR5-COMPONENT-FAMILY
ANM-D5C-0195,DDR5_COMPONENT,DDR5,COMPONENT,16,,2600,5200,1.1,0,95,16,CL42,78,VFBGA,1Gb x16,,Production,7.5,14.0,1.0,2462,399,6.17,0,0.0,1039,2.6,14,99.5,-16.8,None,0,13.2,DS-DDR5-COMPONENT-FAMILY
ANM-D5C-0196,DDR5_COMPONENT,DDR5,COMPONENT,16,,3200,6400,1.1,-40,95,16,CL52,78,VFBGA,1Gb x16,,Production,7.5,14.0,1.0,497,98,5.08,5,0.051,105,1.07,14,98.3,4.0,None,0,13.9,DS-DDR5-COMPONENT-FAMILY
ANM-D5C-0197,DDR5_COMPONENT,DDR5,COMPONENT,24,,2600,5200,1.1,-40,95,8,CL42,82,VFBGA,3Gb x8,,Sampling,7.5,14.0,1.0,395,123,3.22,0,0.0,396,3.22,36,92.0,22.5,None,0,35.1,DS-DDR5-COMPONENT-FAMILY
ANM-D5C-0198,DDR5_COMPONENT,DDR5,COMPONENT,24,,2600,5200,1.1,0,95,4,CL42,78,VFBGA,6Gb x4,,Production,7.5,14.0,1.0,707,135,5.24,98,0.726,186,1.38,14,91.3,29.6,Watch,0,29.3,DS-DDR5-COMPONENT-FAMILY
ANM-D5C-0199,DDR5_COMPONENT,DDR5,COMPONENT,32,,2400,4800,1.1,0,95,16,CL40,78,VFBGA,2Gb x16,,Sampling,7.5,14.0,1.0,1552,252,6.16,0,0.0,780,3.1,14,94.6,11.3,None,0,14.2,DS-DDR5-COMPONENT-FAMILY
ANM-D5C-0200,DDR5_COMPONENT,DDR5,COMPONENT,32,,2600,5200,1.1,0,95,8,CL42,82,VFBGA,4Gb x8,,Contact Sales,7.5,14.0,1.0,90,31,2.93,3,0.097,14,0.48,22,99.5,9.9,None,0,24.5,DS-DDR5-COMPONENT-FAMILY
ANM-D5C-0201,DDR5_COMPONENT,DDR5,COMPONENT,24,,2400,4800,1.1,-40,95,8,CL40,82,VFBGA,3Gb x8,,End of Life,7.5,14.0,1.0,239,208,1.15,53,0.255,408,1.97,28,91.6,26.9,Constrained,1,37.6,DS-DDR5-COMPONENT-FAMILY
ANM-D5C-0202,DDR5_COMPONENT,DDR5,COMPONENT,16,,2800,5600,1.1,-40,95,4,CL46,78,VFBGA,4Gb x4,,Production,7.5,14.0,1.0,246,268,0.92,0,0.0,635,2.37,29,93.3,4.7,Constrained,0,24.2,DS-DDR5-COMPONENT-FAMILY
ANM-D5C-0203,DDR5_COMPONENT,DDR5,COMPONENT,24,,2600,5200,1.1,-40,95,16,CL42,102,VFBGA,1.5Gb x16,,Production,7.5,14.0,1.0,441,223,1.98,0,0.0,118,0.53,29,83.4,18.0,Watch,1,19.9,DS-DDR5-COMPONENT-FAMILY
ANM-D5C-0204,DDR5_COMPONENT,DDR5,COMPONENT,24,,2600,5200,1.1,-40,95,4,CL42,82,VFBGA,6Gb x4,,Production,7.5,14.0,1.0,415,142,2.92,62,0.437,316,2.23,42,95.6,11.9,None,1,47.2,DS-DDR5-COMPONENT-FAMILY
ANM-D5C-0205,DDR5_COMPONENT,DDR5,COMPONENT,16,,3200,6400,1.1,-40,95,16,CL52,78,VFBGA,1Gb x16,,Introduction,7.5,14.0,1.0,910,214,4.26,289,1.35,169,0.79,50,84.5,16.1,Constrained,1,69.5,DS-DDR5-COMPONENT-FAMILY
ANM-D5C-0206,DDR5_COMPONENT,DDR5,COMPONENT,32,,2400,4800,1.1,0,95,16,CL40,82,VFBGA,2Gb x16,,Production,7.5,14.0,1.0,58,42,1.39,15,0.357,12,0.29,39,93.9,-18.7,Watch,0,39.0,DS-DDR5-COMPONENT-FAMILY
ANM-D5C-0207,DDR5_COMPONENT,DDR5,COMPONENT,16,,3600,7200,1.1,0,95,8,CL58,102,VFBGA,2Gb x8,,End of Life,7.5,14.0,1.0,275,120,2.3,88,0.733,457,3.81,21,98.1,-17.1,Watch,1,31.6,DS-DDR5-COMPONENT-FAMILY
ANM-D5C-0208,DDR5_COMPONENT,DDR5,COMPONENT,32,,3600,7200,1.1,0,95,16,CL58,82,VFBGA,2Gb x16,,Production,7.5,14.0,1.0,512,210,2.44,285,1.357,296,1.41,34,98.3,-24.9,Constrained,1,47.5,DS-DDR5-COMPONENT-FAMILY
ANM-D5C-0209,DDR5_COMPONENT,DDR5,COMPONENT,24,,2800,5600,1.1,0,95,16,CL46,78,VFBGA,1.5Gb x16,,Production,7.5,14.0,1.0,1311,451,2.91,535,1.186,401,0.89,33,90.1,0.4,Watch,0,38.7,DS-DDR5-COMPONENT-FAMILY
ANM-D5C-0210,DDR5_COMPONENT,DDR5,COMPONENT,32,,2400,4800,1.1,-40,95,16,CL40,78,VFBGA,2Gb x16,,Production,7.5,14.0,1.0,700,189,3.71,0,0.0,397,2.1,26,91.4,11.7,None,0,27.3,DS-DDR5-COMPONENT-FAMILY
ANM-D5C-0211,DDR5_COMPONENT,DDR5,COMPONENT,32,,2600,5200,1.1,-40,95,16,CL42,102,VFBGA,2Gb x16,,Production,7.5,14.0,1.0,415,104,3.99,0,0.0,279,2.69,25,89.2,3.9,None,0,33.4,DS-DDR5-COMPONENT-FAMILY
ANM-D5C-0212,DDR5_COMPONENT,DDR5,COMPONENT,32,,3200,6400,1.1,-40,95,4,CL52,78,VFBGA,8Gb x4,,Introduction,7.5,14.0,1.0,519,208,2.5,0,0.0,482,2.32,22,95.1,-3.9,None,0,21.1,DS-DDR5-COMPONENT-FAMILY
ANM-D5C-0213,DDR5_COMPONENT,DDR5,COMPONENT,24,,2800,5600,1.1,-40,95,16,CL46,82,VFBGA,1.5Gb x16,,Production,7.5,14.0,1.0,1139,470,2.42,12,0.026,196,0.42,14,86.5,22.1,None,0,13.9,DS-DDR5-COMPONENT-FAMILY
ANM-D5C-0214,DDR5_COMPONENT,DDR5,COMPONENT,24,,2800,5600,1.1,-40,95,4,CL46,78,VFBGA,6Gb x4,,Introduction,7.5,14.0,1.0,106,229,0.46,285,1.245,347,1.52,41,91.1,0.6,Constrained,1,45.7,DS-DDR5-COMPONENT-FAMILY
ANM-D5C-0215,DDR5_COMPONENT,DDR5,COMPONENT,24,,3200,6400,1.1,-40,95,8,CL52,82,VFBGA,3Gb x8,,Production,7.5,14.0,1.0,1828,441,4.15,1914,4.34,1146,2.6,69,80.2,20.6,Constrained,1,115.4,DS-DDR5-COMPONENT-FAMILY
ANM-D5C-0216,DDR5_COMPONENT,DDR5,COMPONENT,32,,2800,5600,1.1,-40,95,4,CL46,82,VFBGA,8Gb x4,,Production,7.5,14.0,1.0,287,340,0.85,142,0.418,946,2.78,36,92.8,16.8,Constrained,0,48.2,DS-DDR5-COMPONENT-FAMILY
ANM-D5C-0217,DDR5_COMPONENT,DDR5,COMPONENT,32,,2800,5600,1.1,0,95,8,CL46,82,VFBGA,4Gb x8,,Production,7.5,14.0,1.0,246,121,2.03,160,1.322,77,0.64,53,82.9,9.8,Constrained,1,65.7,DS-DDR5-COMPONENT-FAMILY
ANM-D5C-0218,DDR5_COMPONENT,DDR5,COMPONENT,32,,3200,6400,1.1,-40,95,4,CL52,82,VFBGA,8Gb x4,,Production,7.5,14.0,1.0,514,141,3.65,20,0.142,118,0.84,25,90.6,-14.4,None,0,21.2,DS-DDR5-COMPONENT-FAMILY
ANM-D5C-0219,DDR5_COMPONENT,DDR5,COMPONENT,24,,3600,7200,1.1,-40,95,8,CL58,78,VFBGA,3Gb x8,,Production,7.5,14.0,1.0,597,98,6.1,113,1.153,56,0.57,14,88.7,12.3,Watch,0,31.1,DS-DDR5-COMPONENT-FAMILY
ANM-D5C-0220,DDR5_COMPONENT,DDR5,COMPONENT,32,,2600,5200,1.1,0,95,4,CL42,78,VFBGA,8Gb x4,,Production,7.5,14.0,1.0,238,129,1.85,252,1.953,206,1.6,44,90.1,-6.2,Constrained,1,66.4,DS-DDR5-COMPONENT-FAMILY
ANM-D5C-0221,DDR5_COMPONENT,DDR5,COMPONENT,32,,2800,5600,1.1,-40,95,8,CL46,102,VFBGA,4Gb x8,,Production,7.5,14.0,1.0,114,157,0.73,177,1.127,241,1.54,38,93.0,0.7,Constrained,1,51.7,DS-DDR5-COMPONENT-FAMILY
ANM-D5C-0222,DDR5_COMPONENT,DDR5,COMPONENT,24,,2800,5600,1.1,0,95,8,CL46,102,VFBGA,3Gb x8,,Production,7.5,14.0,1.0,553,241,2.29,618,2.564,581,2.41,67,84.2,13.7,Constrained,1,88.5,DS-DDR5-COMPONENT-FAMILY
ANM-D5C-0223,DDR5_COMPONENT,DDR5,COMPONENT,24,,2600,5200,1.1,0,95,4,CL42,82,VFBGA,6Gb x4,,Production,7.5,14.0,1.0,419,75,5.59,97,1.293,6,0.08,28,92.9,19.3,Watch,0,41.4,DS-DDR5-COMPONENT-FAMILY
ANM-D5C-0224,DDR5_COMPONENT,DDR5,COMPONENT,16,,2800,5600,1.1,-40,95,8,CL46,102,VFBGA,2Gb x8,,Production,7.5,14.0,1.0,111,142,0.79,29,0.204,306,2.16,41,99.8,4.7,Constrained,0,41.2,DS-DDR5-COMPONENT-FAMILY
ANM-D5C-0225,DDR5_COMPONENT,DDR5,COMPONENT,24,,2600,5200,1.1,0,95,4,CL42,82,VFBGA,6Gb x4,,Production,7.5,14.0,1.0,586,172,3.41,326,1.895,92,0.54,33,92.6,15.1,Constrained,0,56.9,DS-DDR5-COMPONENT-FAMILY
ANM-D5C-0226,DDR5_COMPONENT,DDR5,COMPONENT,16,,2800,5600,1.1,-40,95,16,CL46,102,VFBGA,1Gb x16,,Production,7.5,14.0,1.0,425,70,6.08,43,0.614,77,1.11,20,88.1,-15.8,None,0,32.6,DS-DDR5-COMPONENT-FAMILY
ANM-D5C-0227,DDR5_COMPONENT,DDR5,COMPONENT,16,,2600,5200,1.1,0,95,8,CL42,78,VFBGA,2Gb x8,,Introduction,7.5,14.0,1.0,390,64,6.1,0,0.0,52,0.82,24,89.5,26.2,Watch,0,26.4,DS-DDR5-COMPONENT-FAMILY
ANM-D5C-0228,DDR5_COMPONENT,DDR5,COMPONENT,24,,2400,4800,1.1,-40,95,8,CL40,102,VFBGA,3Gb x8,,Production,7.5,14.0,1.0,351,109,3.23,90,0.826,122,1.12,17,90.3,-5.5,Watch,0,22.7,DS-DDR5-COMPONENT-FAMILY
ANM-D5C-0229,DDR5_COMPONENT,DDR5,COMPONENT,16,,2800,5600,1.1,-40,95,8,CL46,82,VFBGA,2Gb x8,,Introduction,7.5,14.0,1.0,56,59,0.96,28,0.475,238,4.04,34,85.2,-12.7,Constrained,1,31.8,DS-DDR5-COMPONENT-FAMILY
ANM-D5C-0230,DDR5_COMPONENT,DDR5,COMPONENT,24,,2400,4800,1.1,-40,95,8,CL40,78,VFBGA,3Gb x8,,Contact Sales,7.5,14.0,1.0,281,103,2.73,0,0.0,180,1.75,29,93.7,7.3,None,0,30.4,DS-DDR5-COMPONENT-FAMILY
ANM-D5C-0231,DDR5_COMPONENT,DDR5,COMPONENT,32,,3600,7200,1.1,0,95,4,CL58,102,VFBGA,8Gb x4,,Contact Sales,7.5,14.0,1.0,665,94,7.08,159,1.691,314,3.35,41,84.4,-12.5,Constrained,1,63.7,DS-DDR5-COMPONENT-FAMILY
ANM-D5C-0232,DDR5_COMPONENT,DDR5,COMPONENT,16,,3600,7200,1.1,-40,95,4,CL58,78,VFBGA,4Gb x4,,Production,7.5,14.0,1.0,714,172,4.15,118,0.686,529,3.08,45,92.1,-0.6,None,0,50.0,DS-DDR5-COMPONENT-FAMILY
ANM-D5C-0233,DDR5_COMPONENT,DDR5,COMPONENT,24,,3600,7200,1.1,0,95,8,CL58,78,VFBGA,3Gb x8,,Production,7.5,14.0,1.0,160,60,2.68,49,0.817,42,0.7,36,91.0,18.9,Watch,0,44.1,DS-DDR5-COMPONENT-FAMILY
ANM-D5C-0234,DDR5_COMPONENT,DDR5,COMPONENT,16,,2800,5600,1.1,0,95,16,CL46,102,VFBGA,1Gb x16,,End of Life,7.5,14.0,1.0,490,61,8.04,115,1.885,60,0.99,28,89.8,14.2,Constrained,1,45.1,DS-DDR5-COMPONENT-FAMILY
ANM-D5C-0235,DDR5_COMPONENT,DDR5,COMPONENT,32,,3600,7200,1.1,-40,95,16,CL58,78,VFBGA,2Gb x16,,Production,7.5,14.0,1.0,715,91,7.86,21,0.231,184,2.03,14,93.6,17.4,None,0,20.4,DS-DDR5-COMPONENT-FAMILY
ANM-D5C-0236,DDR5_COMPONENT,DDR5,COMPONENT,32,,2800,5600,1.1,0,95,16,CL46,102,VFBGA,2Gb x16,,Production,7.5,14.0,1.0,376,75,5.02,92,1.227,183,2.44,28,83.4,9.1,Watch,0,46.2,DS-DDR5-COMPONENT-FAMILY
ANM-D5C-0237,DDR5_COMPONENT,DDR5,COMPONENT,32,,3600,7200,1.1,-40,95,8,CL58,78,VFBGA,4Gb x8,,Introduction,7.5,14.0,1.0,729,127,5.74,123,0.969,341,2.69,14,99.1,-9.8,Watch,0,19.8,DS-DDR5-COMPONENT-FAMILY
ANM-D5C-0238,DDR5_COMPONENT,DDR5,COMPONENT,24,,3200,6400,1.1,0,95,4,CL52,82,VFBGA,6Gb x4,,Production,7.5,14.0,1.0,519,238,2.18,94,0.395,353,1.48,26,93.8,-2.8,Watch,0,38.2,DS-DDR5-COMPONENT-FAMILY
ANM-D5C-0239,DDR5_COMPONENT,DDR5,COMPONENT,24,,3600,7200,1.1,-40,95,4,CL58,102,VFBGA,6Gb x4,,End of Life,7.5,14.0,1.0,142,84,1.7,11,0.131,186,2.22,20,95.9,21.4,Watch,0,21.5,DS-DDR5-COMPONENT-FAMILY
ANM-D5C-0240,DDR5_COMPONENT,DDR5,COMPONENT,24,,2600,5200,1.1,0,95,8,CL42,78,VFBGA,3Gb x8,,Production,7.5,14.0,1.0,127,105,1.21,0,0.0,43,0.41,17,91.3,22.1,Watch,1,13.8,DS-DDR5-COMPONENT-FAMILY
ANM-D5C-0241,DDR5_COMPONENT,DDR5,COMPONENT,16,,2600,5200,1.1,0,95,4,CL42,82,VFBGA,4Gb x4,,Contact Sales,7.5,14.0,1.0,319,70,4.56,30,0.429,217,3.11,14,94.2,-1.6,None,0,22.4,DS-DDR5-COMPONENT-FAMILY
ANM-D5C-0242,DDR5_COMPONENT,DDR5,COMPONENT,16,,2800,5600,1.1,-40,95,16,CL46,78,VFBGA,1Gb x16,,Production,7.5,14.0,1.0,738,193,3.82,180,0.933,409,2.12,21,87.1,17.4,Watch,0,33.3,DS-DDR5-COMPONENT-FAMILY
ANM-D5C-0243,DDR5_COMPONENT,DDR5,COMPONENT,24,,2800,5600,1.1,0,95,8,CL46,82,VFBGA,3Gb x8,,Production,7.5,14.0,1.0,914,387,2.36,295,0.762,629,1.63,17,86.2,-6.2,Watch,0,30.2,DS-DDR5-COMPONENT-FAMILY
ANM-D5C-0244,DDR5_COMPONENT,DDR5,COMPONENT,16,,3600,7200,1.1,0,95,8,CL58,82,VFBGA,2Gb x8,,Production,7.5,14.0,1.0,342,468,0.73,0,0.0,327,0.7,45,98.1,-0.3,Constrained,0,46.8,DS-DDR5-COMPONENT-FAMILY
ANM-D5C-0245,DDR5_COMPONENT,DDR5,COMPONENT,32,,3200,6400,1.1,0,95,8,CL52,82,VFBGA,4Gb x8,,Production,7.5,14.0,1.0,1722,502,3.43,0,0.0,1035,2.06,14,97.4,-0.2,None,0,13.3,DS-DDR5-COMPONENT-FAMILY
ANM-D5C-0246,DDR5_COMPONENT,DDR5,COMPONENT,24,,3200,6400,1.1,0,95,8,CL52,78,VFBGA,3Gb x8,,Production,7.5,14.0,1.0,153,66,2.33,25,0.379,466,7.07,19,88.5,19.1,None,0,31.5,DS-DDR5-COMPONENT-FAMILY
ANM-D5C-0247,DDR5_COMPONENT,DDR5,COMPONENT,32,,2800,5600,1.1,-40,95,4,CL46,102,VFBGA,8Gb x4,,Production,7.5,14.0,1.0,585,159,3.68,109,0.686,197,1.24,51,88.7,2.9,None,0,64.5,DS-DDR5-COMPONENT-FAMILY
ANM-D5C-0248,DDR5_COMPONENT,DDR5,COMPONENT,32,,3600,7200,1.1,0,95,4,CL58,82,VFBGA,8Gb x4,,Production,7.5,14.0,1.0,322,115,2.81,53,0.461,312,2.72,14,93.4,-6.1,None,0,17.2,DS-DDR5-COMPONENT-FAMILY
ANM-D5C-0249,DDR5_COMPONENT,DDR5,COMPONENT,32,,2800,5600,1.1,0,95,4,CL46,102,VFBGA,8Gb x4,,Production,7.5,14.0,1.0,240,103,2.34,189,1.835,58,0.56,42,86.0,0.7,Constrained,1,57.9,DS-DDR5-COMPONENT-FAMILY
ANM-D5C-0250,DDR5_COMPONENT,DDR5,COMPONENT,32,,2800,5600,1.1,-40,95,8,CL46,102,VFBGA,4Gb x8,,Contact Sales,7.5,14.0,1.0,224,44,5.1,76,1.727,105,2.39,21,89.9,31.2,Constrained,1,49.0,DS-DDR5-COMPONENT-FAMILY
ANM-D5C-0251,DDR5_COMPONENT,DDR5,COMPONENT,32,,2800,5600,1.1,-40,95,4,CL46,102,VFBGA,8Gb x4,,Production,7.5,14.0,1.0,871,186,4.68,177,0.952,581,3.13,51,89.4,-4.6,Watch,0,62.1,DS-DDR5-COMPONENT-FAMILY
ANM-D5C-0252,DDR5_COMPONENT,DDR5,COMPONENT,32,,3200,6400,1.1,-40,95,16,CL52,78,VFBGA,2Gb x16,,Production,7.5,14.0,1.0,631,191,3.31,126,0.66,330,1.73,46,91.7,-17.9,None,0,47.5,DS-DDR5-COMPONENT-FAMILY
ANM-D5C-0253,DDR5_COMPONENT,DDR5,COMPONENT,24,,3600,7200,1.1,0,95,8,CL58,82,VFBGA,3Gb x8,,End of Life,7.5,14.0,1.0,444,247,1.8,0,0.0,672,2.72,30,90.4,31.3,Watch,0,36.3,DS-DDR5-COMPONENT-FAMILY
ANM-D5C-0254,DDR5_COMPONENT,DDR5,COMPONENT,32,,3600,7200,1.1,0,95,4,CL58,78,VFBGA,8Gb x4,,Production,7.5,14.0,1.0,459,261,1.76,313,1.199,445,1.71,55,87.1,-7.0,Watch,0,62.3,DS-DDR5-COMPONENT-FAMILY
ANM-D5C-0255,DDR5_COMPONENT,DDR5,COMPONENT,24,,2600,5200,1.1,0,95,16,CL42,102,VFBGA,1.5Gb x16,,End of Life,7.5,14.0,1.0,170,218,0.78,206,0.945,542,2.49,60,92.2,-5.7,Constrained,1,64.1,DS-DDR5-COMPONENT-FAMILY
ANM-D5C-0256,DDR5_COMPONENT,DDR5,COMPONENT,16,,3200,6400,1.1,-40,95,8,CL52,82,VFBGA,2Gb x8,,Production,7.5,14.0,1.0,182,50,3.66,0,0.0,121,2.44,19,96.7,-1.3,None,0,15.9,DS-DDR5-COMPONENT-FAMILY
ANM-D5C-0257,DDR5_COMPONENT,DDR5,COMPONENT,32,,3200,6400,1.1,0,95,16,CL52,102,VFBGA,2Gb x16,,Production,7.5,14.0,1.0,356,211,1.69,109,0.517,695,3.29,28,88.4,-0.4,Watch,0,33.2,DS-DDR5-COMPONENT-FAMILY
ANM-D5C-0258,DDR5_COMPONENT,DDR5,COMPONENT,32,,3200,6400,1.1,-40,95,16,CL52,78,VFBGA,2Gb x16,,Production,7.5,14.0,1.0,495,137,3.62,269,1.964,321,2.35,66,92.4,40.4,Constrained,1,95.0,DS-DDR5-COMPONENT-FAMILY
ANM-D5C-0259,DDR5_COMPONENT,DDR5,COMPONENT,32,,2800,5600,1.1,-40,95,16,CL46,78,VFBGA,2Gb x16,,End of Life,7.5,14.0,1.0,1434,178,8.06,448,2.517,177,1.0,41,87.1,0.3,Constrained,1,69.4,DS-DDR5-COMPONENT-FAMILY
ANM-D5C-0260,DDR5_COMPONENT,DDR5,COMPONENT,24,,2600,5200,1.1,-40,95,8,CL42,102,VFBGA,3Gb x8,,Sampling,7.5,14.0,1.0,210,66,3.19,63,0.955,183,2.78,64,89.1,-15.1,Watch,1,81.1,DS-DDR5-COMPONENT-FAMILY
ANM-D5C-0261,DDR5_COMPONENT,DDR5,COMPONENT,24,,3600,7200,1.1,-40,95,16,CL58,78,VFBGA,1.5Gb x16,,Production,7.5,14.0,1.0,1264,436,2.9,0,0.0,1199,2.75,14,95.5,-3.2,None,0,22.4,DS-DDR5-COMPONENT-FAMILY
ANM-D5C-0262,DDR5_COMPONENT,DDR5,COMPONENT,24,,2800,5600,1.1,-40,95,4,CL46,82,VFBGA,6Gb x4,,End of Life,7.5,14.0,1.0,988,250,3.96,539,2.156,681,2.73,48,89.8,-40.0,Constrained,1,68.1,DS-DDR5-COMPONENT-FAMILY
ANM-D5C-0263,DDR5_COMPONENT,DDR5,COMPONENT,24,,2800,5600,1.1,-40,95,16,CL46,78,VFBGA,1.5Gb x16,,Introduction,7.5,14.0,1.0,192,169,1.14,90,0.533,435,2.58,31,91.8,20.8,Constrained,1,39.9,DS-DDR5-COMPONENT-FAMILY
ANM-D5C-0264,DDR5_COMPONENT,DDR5,COMPONENT,32,,2800,5600,1.1,0,95,4,CL46,78,VFBGA,8Gb x4,,Production,7.5,14.0,1.0,857,178,4.82,170,0.955,132,0.75,32,94.4,3.4,Watch,0,43.7,DS-DDR5-COMPONENT-FAMILY
ANM-D5C-0265,DDR5_COMPONENT,DDR5,COMPONENT,16,,2600,5200,1.1,0,95,4,CL42,82,VFBGA,4Gb x4,,Sampling,7.5,14.0,1.0,279,111,2.52,76,0.685,209,1.89,28,91.2,-7.9,None,1,31.2,DS-DDR5-COMPONENT-FAMILY
ANM-D5C-0266,DDR5_COMPONENT,DDR5,COMPONENT,16,,2400,4800,1.1,0,95,16,CL40,102,VFBGA,1Gb x16,,End of Life,7.5,14.0,1.0,139,57,2.45,15,0.263,70,1.24,32,95.1,19.7,None,0,33.1,DS-DDR5-COMPONENT-FAMILY
ANM-D5C-0267,DDR5_COMPONENT,DDR5,COMPONENT,24,,2600,5200,1.1,-40,95,8,CL42,102,VFBGA,3Gb x8,,Production,7.5,14.0,1.0,95,76,1.26,14,0.184,70,0.92,32,94.8,19.9,Watch,0,33.8,DS-DDR5-COMPONENT-FAMILY
ANM-D5C-0268,DDR5_COMPONENT,DDR5,COMPONENT,32,,3600,7200,1.1,0,95,4,CL58,82,VFBGA,8Gb x4,,Contact Sales,7.5,14.0,1.0,132,51,2.6,10,0.196,95,1.88,36,89.4,2.3,None,0,29.4,DS-DDR5-COMPONENT-FAMILY
ANM-D5C-0269,DDR5_COMPONENT,DDR5,COMPONENT,16,,3200,6400,1.1,0,95,8,CL52,78,VFBGA,2Gb x8,,Production,7.5,14.0,1.0,214,141,1.52,0,0.0,13,0.1,50,96.7,-3.5,Watch,0,53.2,DS-DDR5-COMPONENT-FAMILY
ANM-D5C-0270,DDR5_COMPONENT,DDR5,COMPONENT,16,,2800,5600,1.1,-40,95,8,CL46,78,VFBGA,2Gb x8,,Contact Sales,7.5,14.0,1.0,921,290,3.18,73,0.252,786,2.71,28,99.8,26.4,Watch,0,32.2,DS-DDR5-COMPONENT-FAMILY
ANM-D5C-0271,DDR5_COMPONENT,DDR5,COMPONENT,16,,2400,4800,1.1,0,95,8,CL40,102,VFBGA,2Gb x8,,Production,7.5,14.0,1.0,554,250,2.22,31,0.124,44,0.18,36,88.6,-2.3,Watch,1,50.8,DS-DDR5-COMPONENT-FAMILY
ANM-D5C-0272,DDR5_COMPONENT,DDR5,COMPONENT,32,,2800,5600,1.1,0,95,8,CL46,102,VFBGA,4Gb x8,,Contact Sales,7.5,14.0,1.0,332,75,4.44,152,2.027,38,0.51,35,84.6,-6.9,Constrained,0,53.2,DS-DDR5-COMPONENT-FAMILY
ANM-D5C-0273,DDR5_COMPONENT,DDR5,COMPONENT,24,,3600,7200,1.1,0,95,8,CL58,102,VFBGA,3Gb x8,,Production,7.5,14.0,1.0,535,109,4.92,51,0.468,226,2.08,15,97.4,6.1,None,0,15.3,DS-DDR5-COMPONENT-FAMILY
ANM-D5C-0274,DDR5_COMPONENT,DDR5,COMPONENT,24,,2800,5600,1.1,0,95,4,CL46,82,VFBGA,6Gb x4,,Production,7.5,14.0,1.0,729,185,3.94,0,0.0,451,2.44,14,90.5,13.6,None,0,21.7,DS-DDR5-COMPONENT-FAMILY
ANM-D5C-0275,DDR5_COMPONENT,DDR5,COMPONENT,24,,2800,5600,1.1,0,95,16,CL46,102,VFBGA,1.5Gb x16,,Production,7.5,14.0,1.0,407,104,3.92,4,0.038,126,1.22,14,91.0,2.7,None,0,19.0,DS-DDR5-COMPONENT-FAMILY
ANM-D5C-0276,DDR5_COMPONENT,DDR5,COMPONENT,32,,2400,4800,1.1,-40,95,8,CL40,82,VFBGA,4Gb x8,,Production,7.5,14.0,1.0,889,356,2.5,44,0.124,1338,3.76,32,85.1,17.8,None,0,37.0,DS-DDR5-COMPONENT-FAMILY
ANM-D5C-0277,DDR5_COMPONENT,DDR5,COMPONENT,32,,2800,5600,1.1,0,95,16,CL46,82,VFBGA,2Gb x16,,Production,7.5,14.0,1.0,3953,196,20.17,91,0.464,192,0.98,14,91.4,8.5,None,0,15.0,DS-DDR5-COMPONENT-FAMILY
ANM-D5C-0278,DDR5_COMPONENT,DDR5,COMPONENT,16,,3200,6400,1.1,-40,95,4,CL52,82,VFBGA,4Gb x4,,Sampling,7.5,14.0,1.0,181,94,1.93,15,0.16,327,3.49,24,96.6,16.3,Watch,0,36.0,DS-DDR5-COMPONENT-FAMILY
ANM-D5C-0279,DDR5_COMPONENT,DDR5,COMPONENT,32,,2600,5200,1.1,0,95,4,CL42,102,VFBGA,8Gb x4,,Sampling,7.5,14.0,1.0,597,134,4.46,284,2.119,223,1.67,52,88.4,16.5,Constrained,1,68.1,DS-DDR5-COMPONENT-FAMILY
ANM-D5C-0280,DDR5_COMPONENT,DDR5,COMPONENT,32,,2400,4800,1.1,0,95,4,CL40,78,VFBGA,8Gb x4,,Production,7.5,14.0,1.0,451,77,5.87,0,0.0,223,2.91,24,99.8,-6.9,None,0,21.7,DS-DDR5-COMPONENT-FAMILY
ANM-D5C-0281,DDR5_COMPONENT,DDR5,COMPONENT,16,,2600,5200,1.1,-40,95,16,CL42,102,VFBGA,1Gb x16,,Production,7.5,14.0,1.0,130,60,2.17,9,0.15,31,0.52,17,94.7,3.0,Watch,1,20.7,DS-DDR5-COMPONENT-FAMILY
ANM-D5C-0282,DDR5_COMPONENT,DDR5,COMPONENT,16,,3600,7200,1.1,-40,95,8,CL58,102,VFBGA,2Gb x8,,Production,7.5,14.0,1.0,171,59,2.91,96,1.627,153,2.6,33,96.1,20.8,Constrained,0,49.8,DS-DDR5-COMPONENT-FAMILY
ANM-D5C-0283,DDR5_COMPONENT,DDR5,COMPONENT,32,,2400,4800,1.1,-40,95,8,CL40,102,VFBGA,4Gb x8,,Production,7.5,14.0,1.0,329,277,1.19,37,0.134,276,1.0,40,99.8,2.9,Constrained,1,31.3,DS-DDR5-COMPONENT-FAMILY
ANM-D5C-0284,DDR5_COMPONENT,DDR5,COMPONENT,24,,2800,5600,1.1,0,95,16,CL46,78,VFBGA,1.5Gb x16,,End of Life,7.5,14.0,1.0,159,227,0.7,287,1.264,369,1.63,61,91.0,8.8,Constrained,1,80.9,DS-DDR5-COMPONENT-FAMILY
ANM-D5C-0285,DDR5_COMPONENT,DDR5,COMPONENT,24,,3200,6400,1.1,0,95,4,CL52,82,VFBGA,6Gb x4,,End of Life,7.5,14.0,1.0,780,222,3.51,177,0.797,481,2.17,19,91.2,6.7,Watch,0,24.2,DS-DDR5-COMPONENT-FAMILY
ANM-D5C-0286,DDR5_COMPONENT,DDR5,COMPONENT,24,,3200,6400,1.1,0,95,4,CL52,78,VFBGA,6Gb x4,,Production,7.5,14.0,1.0,1762,187,9.43,115,0.615,87,0.47,14,88.7,-3.4,None,0,29.7,DS-DDR5-COMPONENT-FAMILY
ANM-D5C-0287,DDR5_COMPONENT,DDR5,COMPONENT,32,,2600,5200,1.1,0,95,16,CL42,78,VFBGA,2Gb x16,,End of Life,7.5,14.0,1.0,191,201,0.95,283,1.408,25,0.13,49,87.4,22.7,Constrained,1,58.5,DS-DDR5-COMPONENT-FAMILY
ANM-D5C-0288,DDR5_COMPONENT,DDR5,COMPONENT,32,,3600,7200,1.1,-40,95,8,CL58,78,VFBGA,4Gb x8,,Production,7.5,14.0,1.0,64,31,2.08,27,0.871,33,1.07,58,93.0,0.6,Watch,1,68.1,DS-DDR5-COMPONENT-FAMILY
ANM-D5C-0289,DDR5_COMPONENT,DDR5,COMPONENT,16,,2400,4800,1.1,-40,95,4,CL40,78,VFBGA,4Gb x4,,Production,7.5,14.0,1.0,1235,435,2.84,57,0.131,737,1.69,30,92.2,7.1,None,1,27.1,DS-DDR5-COMPONENT-FAMILY
ANM-D5C-0290,DDR5_COMPONENT,DDR5,COMPONENT,16,,3200,6400,1.1,0,95,16,CL52,102,VFBGA,1Gb x16,,Production,7.5,14.0,1.0,568,132,4.3,71,0.538,329,2.49,14,94.0,11.7,None,0,12.5,DS-DDR5-COMPONENT-FAMILY
ANM-D5C-0291,DDR5_COMPONENT,DDR5,COMPONENT,32,,2600,5200,1.1,0,95,4,CL42,78,VFBGA,8Gb x4,,Introduction,7.5,14.0,1.0,651,317,2.05,78,0.246,1041,3.29,52,88.5,-3.1,Watch,0,56.2,DS-DDR5-COMPONENT-FAMILY
ANM-D5C-0292,DDR5_COMPONENT,DDR5,COMPONENT,24,,3600,7200,1.1,-40,95,16,CL58,82,VFBGA,1.5Gb x16,,Contact Sales,7.5,14.0,1.0,333,123,2.71,15,0.122,41,0.34,34,95.0,-0.6,None,0,41.5,DS-DDR5-COMPONENT-FAMILY
ANM-D5C-0293,DDR5_COMPONENT,DDR5,COMPONENT,32,,2600,5200,1.1,-40,95,8,CL42,78,VFBGA,4Gb x8,,Production,7.5,14.0,1.0,2260,325,6.95,35,0.108,1395,4.29,14,94.6,-0.5,None,0,20.5,DS-DDR5-COMPONENT-FAMILY
ANM-D5C-0294,DDR5_COMPONENT,DDR5,COMPONENT,32,,2600,5200,1.1,-40,95,16,CL42,78,VFBGA,2Gb x16,,End of Life,7.5,14.0,1.0,188,160,1.18,62,0.388,545,3.41,15,95.9,2.3,Constrained,0,20.5,DS-DDR5-COMPONENT-FAMILY
ANM-D5C-0295,DDR5_COMPONENT,DDR5,COMPONENT,32,,3200,6400,1.1,-40,95,16,CL52,82,VFBGA,2Gb x16,,Production,7.5,14.0,1.0,580,92,6.31,169,1.837,93,1.01,33,87.1,27.1,Constrained,1,60.4,DS-DDR5-COMPONENT-FAMILY
ANM-D5C-0296,DDR5_COMPONENT,DDR5,COMPONENT,32,,3200,6400,1.1,0,95,4,CL52,102,VFBGA,8Gb x4,,Production,7.5,14.0,1.0,215,189,1.14,148,0.783,39,0.21,41,86.8,11.0,Constrained,1,51.8,DS-DDR5-COMPONENT-FAMILY
ANM-D5C-0297,DDR5_COMPONENT,DDR5,COMPONENT,16,,3600,7200,1.1,-40,95,8,CL58,82,VFBGA,2Gb x8,,Production,7.5,14.0,1.0,215,133,1.62,0,0.0,257,1.94,28,92.0,-6.7,Watch,0,27.2,DS-DDR5-COMPONENT-FAMILY
ANM-D5C-0298,DDR5_COMPONENT,DDR5,COMPONENT,32,,2400,4800,1.1,-40,95,8,CL40,102,VFBGA,4Gb x8,,Sampling,7.5,14.0,1.0,305,155,1.97,74,0.477,165,1.07,36,92.4,-27.2,Watch,1,48.0,DS-DDR5-COMPONENT-FAMILY
ANM-D5C-0299,DDR5_COMPONENT,DDR5,COMPONENT,24,,3200,6400,1.1,0,95,16,CL52,78,VFBGA,1.5Gb x16,,Introduction,7.5,14.0,1.0,585,151,3.88,0,0.0,433,2.87,14,94.3,25.8,Watch,0,15.2,DS-DDR5-COMPONENT-FAMILY
ANM-D5C-0300,DDR5_COMPONENT,DDR5,COMPONENT,32,,3600,7200,1.1,-40,95,4,CL58,82,VFBGA,8Gb x4,,Production,7.5,14.0,1.0,473,107,4.42,37,0.346,72,0.68,14,91.5,-14.7,None,0,10.0,DS-DDR5-COMPONENT-FAMILY
ANM-D5C-0301,DDR5_COMPONENT,DDR5,COMPONENT,16,,2600,5200,1.1,0,95,16,CL42,78,VFBGA,1Gb x16,,Production,7.5,14.0,1.0,233,75,3.12,70,0.933,186,2.49,26,85.8,34.6,Watch,0,35.7,DS-DDR5-COMPONENT-FAMILY
ANM-D5C-0302,DDR5_COMPONENT,DDR5,COMPONENT,24,,2600,5200,1.1,-40,95,16,CL42,82,VFBGA,1.5Gb x16,,Production,7.5,14.0,1.0,521,351,1.49,0,0.0,910,2.59,20,91.0,-22.4,Watch,0,17.4,DS-DDR5-COMPONENT-FAMILY
ANM-D5C-0303,DDR5_COMPONENT,DDR5,COMPONENT,24,,2800,5600,1.1,-40,95,8,CL46,78,VFBGA,3Gb x8,,Introduction,7.5,14.0,1.0,1027,253,4.06,50,0.198,843,3.34,43,88.8,-2.8,None,0,44.1,DS-DDR5-COMPONENT-FAMILY
ANM-D5C-0304,DDR5_COMPONENT,DDR5,COMPONENT,24,,2600,5200,1.1,-40,95,8,CL42,78,VFBGA,3Gb x8,,Production,7.5,14.0,1.0,1194,207,5.77,37,0.179,515,2.49,14,85.9,16.8,None,0,10.0,DS-DDR5-COMPONENT-FAMILY
ANM-D5C-0305,DDR5_COMPONENT,DDR5,COMPONENT,16,,2400,4800,1.1,-40,95,8,CL40,78,VFBGA,2Gb x8,,Production,7.5,14.0,1.0,463,120,3.87,154,1.283,266,2.22,47,87.3,14.6,Watch,1,59.9,DS-DDR5-COMPONENT-FAMILY
ANM-D5C-0306,DDR5_COMPONENT,DDR5,COMPONENT,32,,2600,5200,1.1,-40,95,8,CL42,82,VFBGA,4Gb x8,,End of Life,7.5,14.0,1.0,585,115,5.09,269,2.339,466,4.06,21,84.9,-9.2,Constrained,1,48.6,DS-DDR5-COMPONENT-FAMILY
ANM-D5C-0307,DDR5_COMPONENT,DDR5,COMPONENT,24,,3200,6400,1.1,-40,95,4,CL52,78,VFBGA,6Gb x4,,Sampling,7.5,14.0,1.0,390,83,4.7,0,0.0,206,2.49,33,95.3,-1.2,None,0,21.8,DS-DDR5-COMPONENT-FAMILY
ANM-D5C-0308,DDR5_COMPONENT,DDR5,COMPONENT,32,,2400,4800,1.1,0,95,16,CL40,102,VFBGA,2Gb x16,,Production,7.5,14.0,1.0,541,132,4.11,0,0.0,659,5.0,35,89.0,7.3,None,1,40.7,DS-DDR5-COMPONENT-FAMILY
ANM-D5C-0309,DDR5_COMPONENT,DDR5,COMPONENT,16,,2600,5200,1.1,0,95,4,CL42,78,VFBGA,4Gb x4,,Production,7.5,14.0,1.0,1990,149,13.36,85,0.57,111,0.75,14,91.2,-14.0,None,0,24.7,DS-DDR5-COMPONENT-FAMILY
ANM-D5C-0310,DDR5_COMPONENT,DDR5,COMPONENT,32,,3600,7200,1.1,-40,95,8,CL58,78,VFBGA,4Gb x8,,Production,7.5,14.0,1.0,1440,422,3.41,408,0.967,1306,3.1,24,88.3,25.4,Watch,0,44.1,DS-DDR5-COMPONENT-FAMILY
ANM-D5C-0311,DDR5_COMPONENT,DDR5,COMPONENT,16,,3600,7200,1.1,-40,95,16,CL58,78,VFBGA,1Gb x16,,Production,7.5,14.0,1.0,388,130,2.99,206,1.585,60,0.47,35,90.4,31.6,Constrained,1,51.3,DS-DDR5-COMPONENT-FAMILY
ANM-D5C-0312,DDR5_COMPONENT,DDR5,COMPONENT,24,,2600,5200,1.1,0,95,4,CL42,78,VFBGA,6Gb x4,,Production,7.5,14.0,1.0,418,120,3.49,0,0.0,442,3.69,40,94.5,5.4,None,0,42.9,DS-DDR5-COMPONENT-FAMILY
ANM-D5C-0313,DDR5_COMPONENT,DDR5,COMPONENT,24,,2800,5600,1.1,0,95,8,CL46,82,VFBGA,3Gb x8,,Production,7.5,14.0,1.0,271,92,2.95,179,1.946,28,0.31,46,85.7,3.4,Constrained,1,67.8,DS-DDR5-COMPONENT-FAMILY
ANM-D5C-0314,DDR5_COMPONENT,DDR5,COMPONENT,32,,2600,5200,1.1,0,95,8,CL42,78,VFBGA,4Gb x8,,Production,7.5,14.0,1.0,822,267,3.08,464,1.738,514,1.93,70,85.0,-16.8,Constrained,1,93.7,DS-DDR5-COMPONENT-FAMILY
ANM-D5C-0315,DDR5_COMPONENT,DDR5,COMPONENT,24,,2400,4800,1.1,0,95,16,CL40,78,VFBGA,1.5Gb x16,,Production,7.5,14.0,1.0,246,178,1.39,437,2.455,440,2.47,64,91.0,17.4,Constrained,1,97.7,DS-DDR5-COMPONENT-FAMILY
ANM-D5C-0316,DDR5_COMPONENT,DDR5,COMPONENT,24,,3600,7200,1.1,0,95,4,CL58,78,VFBGA,6Gb x4,,Contact Sales,7.5,14.0,1.0,70,115,0.62,23,0.2,234,2.04,40,89.5,24.2,Constrained,1,56.6,DS-DDR5-COMPONENT-FAMILY
ANM-D5C-0317,DDR5_COMPONENT,DDR5,COMPONENT,32,,3200,6400,1.1,0,95,8,CL52,102,VFBGA,4Gb x8,,End of Life,7.5,14.0,1.0,235,165,1.43,162,0.982,75,0.46,74,91.0,-11.1,Constrained,0,78.3,DS-DDR5-COMPONENT-FAMILY
ANM-D5C-0318,DDR5_COMPONENT,DDR5,COMPONENT,32,,2400,4800,1.1,-40,95,4,CL40,78,VFBGA,8Gb x4,,Production,7.5,14.0,1.0,799,235,3.4,520,2.213,533,2.27,32,86.8,13.1,Constrained,1,65.1,DS-DDR5-COMPONENT-FAMILY
ANM-D5C-0319,DDR5_COMPONENT,DDR5,COMPONENT,32,,3200,6400,1.1,-40,95,4,CL52,102,VFBGA,8Gb x4,,Production,7.5,14.0,1.0,530,218,2.43,43,0.197,289,1.33,49,88.7,29.7,Watch,0,51.8,DS-DDR5-COMPONENT-FAMILY
ANM-D5C-0320,DDR5_COMPONENT,DDR5,COMPONENT,24,,3600,7200,1.1,-40,95,8,CL58,102,VFBGA,3Gb x8,,Sampling,7.5,14.0,1.0,46,42,1.11,5,0.119,47,1.14,29,93.0,5.4,Constrained,0,19.8,DS-DDR5-COMPONENT-FAMILY
ANM-D5C-0321,DDR5_COMPONENT,DDR5,COMPONENT,24,,2400,4800,1.1,-40,95,4,CL40,78,VFBGA,6Gb x4,,Production,7.5,14.0,1.0,77,190,0.41,10,0.053,240,1.27,54,91.0,39.2,Constrained,1,56.5,DS-DDR5-COMPONENT-FAMILY
ANM-D5C-0322,DDR5_COMPONENT,DDR5,COMPONENT,32,,3200,6400,1.1,0,95,8,CL52,82,VFBGA,4Gb x8,,Production,7.5,14.0,1.0,615,163,3.78,84,0.515,635,3.9,54,89.1,-2.5,None,0,53.7,DS-DDR5-COMPONENT-FAMILY
ANM-D5C-0323,DDR5_COMPONENT,DDR5,COMPONENT,24,,3200,6400,1.1,-40,95,4,CL52,102,VFBGA,6Gb x4,,Production,7.5,14.0,1.0,182,121,1.51,121,1.0,360,2.98,50,95.4,-6.2,Watch,1,55.3,DS-DDR5-COMPONENT-FAMILY
ANM-D5C-0324,DDR5_COMPONENT,DDR5,COMPONENT,16,,2400,4800,1.1,0,95,8,CL40,102,VFBGA,2Gb x8,,Introduction,7.5,14.0,1.0,769,154,5.0,81,0.526,218,1.42,22,89.4,7.1,None,1,34.2,DS-DDR5-COMPONENT-FAMILY
ANM-D5C-0325,DDR5_COMPONENT,DDR5,COMPONENT,24,,2800,5600,1.1,0,95,8,CL46,78,VFBGA,3Gb x8,,End of Life,7.5,14.0,1.0,493,176,2.8,0,0.0,144,0.82,40,95.7,-40.0,None,0,42.7,DS-DDR5-COMPONENT-FAMILY
ANM-D5C-0326,DDR5_COMPONENT,DDR5,COMPONENT,24,,2400,4800,1.1,0,95,4,CL40,82,VFBGA,6Gb x4,,Production,7.5,14.0,1.0,392,159,2.47,9,0.057,171,1.08,22,93.2,19.1,None,0,25.5,DS-DDR5-COMPONENT-FAMILY
ANM-D5C-0327,DDR5_COMPONENT,DDR5,COMPONENT,24,,2400,4800,1.1,0,95,4,CL40,102,VFBGA,6Gb x4,,Production,7.5,14.0,1.0,140,72,1.95,48,0.667,243,3.39,58,92.9,26.3,Watch,0,70.4,DS-DDR5-COMPONENT-FAMILY
ANM-D5C-0328,DDR5_COMPONENT,DDR5,COMPONENT,24,,3200,6400,1.1,-40,95,4,CL52,82,VFBGA,6Gb x4,,Sampling,7.5,14.0,1.0,513,64,8.02,224,3.5,178,2.79,25,84.7,6.6,Constrained,1,58.4,DS-DDR5-COMPONENT-FAMILY
ANM-D5C-0329,DDR5_COMPONENT,DDR5,COMPONENT,32,,2600,5200,1.1,0,95,16,CL42,78,VFBGA,2Gb x16,,Production,7.5,14.0,1.0,1186,160,7.41,15,0.094,286,1.79,14,91.5,-5.7,None,0,14.1,DS-DDR5-COMPONENT-FAMILY
ANM-D5C-0330,DDR5_COMPONENT,DDR5,COMPONENT,24,,2600,5200,1.1,0,95,4,CL42,82,VFBGA,6Gb x4,,Production,7.5,14.0,1.0,37,173,0.22,257,1.486,190,1.1,82,97.1,6.8,Constrained,1,101.9,DS-DDR5-COMPONENT-FAMILY
ANM-D5C-0331,DDR5_COMPONENT,DDR5,COMPONENT,16,,2800,5600,1.1,0,95,8,CL46,102,VFBGA,2Gb x8,,Production,7.5,14.0,1.0,154,163,0.95,23,0.141,435,2.67,16,94.1,9.7,Constrained,0,18.7,DS-DDR5-COMPONENT-FAMILY
ANM-D5C-0332,DDR5_COMPONENT,DDR5,COMPONENT,16,,2800,5600,1.1,-40,95,4,CL46,102,VFBGA,4Gb x4,,Production,7.5,14.0,1.0,159,123,1.3,193,1.569,462,3.76,49,89.0,-14.2,Constrained,0,62.2,DS-DDR5-COMPONENT-FAMILY
ANM-D5C-0333,DDR5_COMPONENT,DDR5,COMPONENT,24,,2800,5600,1.1,0,95,8,CL46,82,VFBGA,3Gb x8,,Production,7.5,14.0,1.0,1530,344,4.45,0,0.0,321,0.93,28,98.2,-21.3,None,0,40.2,DS-DDR5-COMPONENT-FAMILY
ANM-D5C-0334,DDR5_COMPONENT,DDR5,COMPONENT,24,,2800,5600,1.1,-40,95,4,CL46,82,VFBGA,6Gb x4,,Sampling,7.5,14.0,1.0,87,90,0.97,41,0.456,140,1.56,47,92.4,13.0,Constrained,1,50.2,DS-DDR5-COMPONENT-FAMILY
ANM-D5C-0335,DDR5_COMPONENT,DDR5,COMPONENT,32,,2600,5200,1.1,-40,95,8,CL42,82,VFBGA,4Gb x8,,Production,7.5,14.0,1.0,424,290,1.46,474,1.634,537,1.85,56,87.6,-0.5,Constrained,0,67.3,DS-DDR5-COMPONENT-FAMILY
ANM-D5C-0336,DDR5_COMPONENT,DDR5,COMPONENT,16,,3600,7200,1.1,0,95,16,CL58,102,VFBGA,1Gb x16,,Production,7.5,14.0,1.0,252,44,5.73,0,0.0,189,4.3,14,89.3,0.4,None,0,24.5,DS-DDR5-COMPONENT-FAMILY
ANM-D5C-0337,DDR5_COMPONENT,DDR5,COMPONENT,24,,2800,5600,1.1,0,95,16,CL46,102,VFBGA,1.5Gb x16,,Production,7.5,14.0,1.0,67,54,1.25,0,0.0,98,1.83,16,95.4,25.7,Watch,0,15.3,DS-DDR5-COMPONENT-FAMILY
ANM-D5C-0338,DDR5_COMPONENT,DDR5,COMPONENT,16,,2800,5600,1.1,0,95,16,CL46,82,VFBGA,1Gb x16,,Production,7.5,14.0,1.0,231,60,3.86,113,1.883,113,1.89,29,88.2,-5.6,Constrained,0,40.2,DS-DDR5-COMPONENT-FAMILY
ANM-D5C-0339,DDR5_COMPONENT,DDR5,COMPONENT,24,,3600,7200,1.1,-40,95,8,CL58,82,VFBGA,3Gb x8,,Sampling,7.5,14.0,1.0,2051,179,11.46,76,0.425,223,1.25,14,91.3,-12.0,None,0,17.8,DS-DDR5-COMPONENT-FAMILY
ANM-D5C-0340,DDR5_COMPONENT,DDR5,COMPONENT,32,,2400,4800,1.1,0,95,4,CL40,78,VFBGA,8Gb x4,,Production,7.5,14.0,1.0,2276,237,9.6,313,1.321,369,1.56,14,94.3,8.0,Constrained,1,32.2,DS-DDR5-COMPONENT-FAMILY
ANM-D5C-0341,DDR5_COMPONENT,DDR5,COMPONENT,32,,3200,6400,1.1,-40,95,8,CL52,78,VFBGA,4Gb x8,,Production,7.5,14.0,1.0,808,126,6.42,66,0.524,337,2.68,14,89.4,13.4,None,0,11.7,DS-DDR5-COMPONENT-FAMILY
ANM-D5C-0342,DDR5_COMPONENT,DDR5,COMPONENT,32,,3600,7200,1.1,0,95,16,CL58,82,VFBGA,2Gb x16,,Production,7.5,14.0,1.0,535,63,8.49,30,0.476,27,0.44,22,91.0,23.2,None,0,32.5,DS-DDR5-COMPONENT-FAMILY
ANM-D5C-0343,DDR5_COMPONENT,DDR5,COMPONENT,32,,3600,7200,1.1,-40,95,4,CL58,82,VFBGA,8Gb x4,,Production,7.5,14.0,1.0,431,526,0.82,427,0.812,916,1.74,56,90.1,-1.0,Constrained,1,66.4,DS-DDR5-COMPONENT-FAMILY
ANM-D5C-0344,DDR5_COMPONENT,DDR5,COMPONENT,16,,2400,4800,1.1,0,95,16,CL40,82,VFBGA,1Gb x16,,Production,7.5,14.0,1.0,252,114,2.22,347,3.044,171,1.5,56,89.2,-20.3,Constrained,1,84.5,DS-DDR5-COMPONENT-FAMILY
ANM-D5C-0345,DDR5_COMPONENT,DDR5,COMPONENT,32,,3200,6400,1.1,-40,95,8,CL52,82,VFBGA,4Gb x8,,Sampling,7.5,14.0,1.0,471,151,3.12,208,1.377,124,0.82,41,91.5,10.9,Constrained,1,51.8,DS-DDR5-COMPONENT-FAMILY
ANM-D5C-0346,DDR5_COMPONENT,DDR5,COMPONENT,16,,2800,5600,1.1,0,95,4,CL46,82,VFBGA,4Gb x4,,Production,7.5,14.0,1.0,1493,198,7.54,0,0.0,307,1.56,14,97.1,-23.8,None,0,10.0,DS-DDR5-COMPONENT-FAMILY
ANM-D5C-0347,DDR5_COMPONENT,DDR5,COMPONENT,16,,2600,5200,1.1,0,95,16,CL42,82,VFBGA,1Gb x16,,Production,7.5,14.0,1.0,369,206,1.8,377,1.83,171,0.83,33,83.9,3.6,Constrained,0,48.8,DS-DDR5-COMPONENT-FAMILY
ANM-D5C-0348,DDR5_COMPONENT,DDR5,COMPONENT,16,,3200,6400,1.1,0,95,16,CL52,102,VFBGA,1Gb x16,,Production,7.5,14.0,1.0,261,126,2.07,78,0.619,221,1.76,44,94.3,12.0,Watch,0,47.0,DS-DDR5-COMPONENT-FAMILY
ANM-D5C-0349,DDR5_COMPONENT,DDR5,COMPONENT,32,,3600,7200,1.1,-40,95,4,CL58,82,VFBGA,8Gb x4,,Production,7.5,14.0,1.0,594,161,3.69,546,3.391,243,1.51,78,81.4,1.7,Constrained,1,114.9,DS-DDR5-COMPONENT-FAMILY
ANM-D5C-0350,DDR5_COMPONENT,DDR5,COMPONENT,24,,2400,4800,1.1,0,95,16,CL40,82,VFBGA,1.5Gb x16,,Production,7.5,14.0,1.0,1363,287,4.75,95,0.331,553,1.93,36,96.5,-16.6,None,0,42.6,DS-DDR5-COMPONENT-FAMILY
ANM-D5C-0351,DDR5_COMPONENT,DDR5,COMPONENT,24,,3200,6400,1.1,-40,95,16,CL52,102,VFBGA,1.5Gb x16,,Production,7.5,14.0,1.0,435,143,3.04,42,0.294,676,4.73,35,91.8,-20.2,None,1,38.8,DS-DDR5-COMPONENT-FAMILY
ANM-D5C-0352,DDR5_COMPONENT,DDR5,COMPONENT,24,,3200,6400,1.1,0,95,16,CL52,102,VFBGA,1.5Gb x16,,Production,7.5,14.0,1.0,1289,156,8.26,271,1.737,207,1.33,38,93.0,19.7,Constrained,1,55.8,DS-DDR5-COMPONENT-FAMILY
ANM-D5C-0353,DDR5_COMPONENT,DDR5,COMPONENT,24,,2400,4800,1.1,-40,95,4,CL40,78,VFBGA,6Gb x4,,Production,7.5,14.0,1.0,390,108,3.62,51,0.472,186,1.73,43,89.7,-14.4,None,1,46.2,DS-DDR5-COMPONENT-FAMILY
ANM-D5C-0354,DDR5_COMPONENT,DDR5,COMPONENT,24,,3200,6400,1.1,0,95,16,CL52,82,VFBGA,1.5Gb x16,,Production,7.5,14.0,1.0,359,150,2.39,0,0.0,64,0.43,44,93.4,62.4,Watch,0,62.6,DS-DDR5-COMPONENT-FAMILY
ANM-D5C-0355,DDR5_COMPONENT,DDR5,COMPONENT,32,,2600,5200,1.1,0,95,16,CL42,82,VFBGA,2Gb x16,,Production,7.5,14.0,1.0,359,134,2.68,0,0.0,613,4.58,35,92.1,-13.9,None,0,43.9,DS-DDR5-COMPONENT-FAMILY
ANM-D5C-0356,DDR5_COMPONENT,DDR5,COMPONENT,24,,3600,7200,1.1,-40,95,4,CL58,82,VFBGA,6Gb x4,,Production,7.5,14.0,1.0,138,59,2.36,0,0.0,98,1.67,41,93.5,-4.2,None,0,39.8,DS-DDR5-COMPONENT-FAMILY
ANM-D5C-0357,DDR5_COMPONENT,DDR5,COMPONENT,32,,3600,7200,1.1,-40,95,16,CL58,102,VFBGA,2Gb x16,,Production,7.5,14.0,1.0,113,121,0.94,98,0.81,294,2.44,49,90.4,1.8,Constrained,0,61.0,DS-DDR5-COMPONENT-FAMILY
ANM-D5C-0358,DDR5_COMPONENT,DDR5,COMPONENT,24,,3200,6400,1.1,0,95,4,CL52,78,VFBGA,6Gb x4,,Production,7.5,14.0,1.0,190,151,1.26,296,1.96,53,0.36,76,86.3,-8.5,Constrained,1,86.2,DS-DDR5-COMPONENT-FAMILY
ANM-D5C-0359,DDR5_COMPONENT,DDR5,COMPONENT,32,,2800,5600,1.1,-40,95,4,CL46,102,VFBGA,8Gb x4,,Production,7.5,14.0,1.0,1453,157,9.26,45,0.287,630,4.01,14,86.6,9.2,None,0,15.6,DS-DDR5-COMPONENT-FAMILY
ANM-D5C-0360,DDR5_COMPONENT,DDR5,COMPONENT,24,,3600,7200,1.1,0,95,8,CL58,102,VFBGA,3Gb x8,,Production,7.5,14.0,1.0,132,67,1.97,92,1.373,66,0.99,37,86.8,-27.9,Constrained,1,53.5,DS-DDR5-COMPONENT-FAMILY
ANM-D5C-0361,DDR5_COMPONENT,DDR5,COMPONENT,32,,2600,5200,1.1,0,95,8,CL42,82,VFBGA,4Gb x8,,Production,7.5,14.0,1.0,57,54,1.06,22,0.407,153,2.84,26,88.5,-12.6,Constrained,0,27.8,DS-DDR5-COMPONENT-FAMILY
ANM-D5C-0362,DDR5_COMPONENT,DDR5,COMPONENT,24,,2400,4800,1.1,0,95,4,CL40,102,VFBGA,6Gb x4,,Production,7.5,14.0,1.0,421,120,3.51,67,0.558,429,3.58,39,90.7,8.6,None,0,44.3,DS-DDR5-COMPONENT-FAMILY
ANM-D5C-0363,DDR5_COMPONENT,DDR5,COMPONENT,32,,2600,5200,1.1,0,95,4,CL42,102,VFBGA,8Gb x4,,Production,7.5,14.0,1.0,340,149,2.29,11,0.074,102,0.68,44,84.8,12.8,Watch,1,42.6,DS-DDR5-COMPONENT-FAMILY
ANM-D5C-0364,DDR5_COMPONENT,DDR5,COMPONENT,32,,2600,5200,1.1,-40,95,8,CL42,102,VFBGA,4Gb x8,,Production,7.5,14.0,1.0,159,111,1.44,109,0.982,294,2.65,34,91.4,-18.8,Watch,0,34.7,DS-DDR5-COMPONENT-FAMILY
ANM-D5C-0365,DDR5_COMPONENT,DDR5,COMPONENT,32,,2400,4800,1.1,-40,95,4,CL40,82,VFBGA,8Gb x4,,Contact Sales,7.5,14.0,1.0,318,120,2.65,106,0.883,161,1.35,57,89.1,25.5,Watch,1,61.6,DS-DDR5-COMPONENT-FAMILY
ANM-D5C-0366,DDR5_COMPONENT,DDR5,COMPONENT,16,,2600,5200,1.1,-40,95,4,CL42,102,VFBGA,4Gb x4,,Production,7.5,14.0,1.0,273,120,2.28,193,1.608,255,2.13,64,83.5,-13.5,Constrained,1,78.9,DS-DDR5-COMPONENT-FAMILY
ANM-D5C-0367,DDR5_COMPONENT,DDR5,COMPONENT,32,,2800,5600,1.1,-40,95,16,CL46,82,VFBGA,2Gb x16,,Production,7.5,14.0,1.0,1091,293,3.73,74,0.253,334,1.14,42,99.8,-13.7,None,0,50.4,DS-DDR5-COMPONENT-FAMILY
ANM-D5C-0368,DDR5_COMPONENT,DDR5,COMPONENT,16,,3200,6400,1.1,-40,95,16,CL52,82,VFBGA,1Gb x16,,End of Life,7.5,14.0,1.0,463,113,4.11,14,0.124,242,2.15,41,89.2,-2.6,None,0,41.6,DS-DDR5-COMPONENT-FAMILY
ANM-D5C-0369,DDR5_COMPONENT,DDR5,COMPONENT,16,,2400,4800,1.1,-40,95,16,CL40,78,VFBGA,1Gb x16,,Introduction,7.5,14.0,1.0,289,68,4.25,8,0.118,82,1.21,14,93.5,12.5,None,0,15.2,DS-DDR5-COMPONENT-FAMILY
ANM-D5C-0370,DDR5_COMPONENT,DDR5,COMPONENT,24,,2600,5200,1.1,-40,95,8,CL42,82,VFBGA,3Gb x8,,Production,7.5,14.0,1.0,330,213,1.55,112,0.526,634,2.98,25,86.5,-9.3,Watch,0,36.6,DS-DDR5-COMPONENT-FAMILY
ANM-D5C-0371,DDR5_COMPONENT,DDR5,COMPONENT,32,,3200,6400,1.1,0,95,8,CL52,78,VFBGA,4Gb x8,,Production,7.5,14.0,1.0,852,250,3.41,68,0.272,69,0.28,26,96.3,9.4,None,0,28.6,DS-DDR5-COMPONENT-FAMILY
ANM-D5C-0372,DDR5_COMPONENT,DDR5,COMPONENT,16,,2400,4800,1.1,-40,95,4,CL40,78,VFBGA,4Gb x4,,End of Life,7.5,14.0,1.0,16,108,0.15,57,0.528,293,2.72,36,84.8,-3.1,Constrained,1,46.9,DS-DDR5-COMPONENT-FAMILY
ANM-D5C-0373,DDR5_COMPONENT,DDR5,COMPONENT,32,,2600,5200,1.1,-40,95,16,CL42,82,VFBGA,2Gb x16,,Production,7.5,14.0,1.0,1458,319,4.57,71,0.223,1009,3.16,14,99.8,-9.4,None,0,21.5,DS-DDR5-COMPONENT-FAMILY
ANM-D5C-0374,DDR5_COMPONENT,DDR5,COMPONENT,16,,2800,5600,1.1,0,95,16,CL46,82,VFBGA,1Gb x16,,Production,7.5,14.0,1.0,315,79,3.99,0,0.0,139,1.77,14,93.6,2.4,None,0,16.6,DS-DDR5-COMPONENT-FAMILY
ANM-D5C-0375,DDR5_COMPONENT,DDR5,COMPONENT,16,,3200,6400,1.1,0,95,16,CL52,78,VFBGA,1Gb x16,,Production,7.5,14.0,1.0,693,250,2.78,0,0.0,679,2.72,38,89.3,7.3,None,1,45.0,DS-DDR5-COMPONENT-FAMILY
ANM-D5C-0376,DDR5_COMPONENT,DDR5,COMPONENT,32,,2600,5200,1.1,-40,95,16,CL42,78,VFBGA,2Gb x16,,Production,7.5,14.0,1.0,320,192,1.67,238,1.24,493,2.57,66,85.0,-2.3,Watch,0,75.1,DS-DDR5-COMPONENT-FAMILY
ANM-D5C-0377,DDR5_COMPONENT,DDR5,COMPONENT,24,,2600,5200,1.1,0,95,8,CL42,82,VFBGA,3Gb x8,,Production,7.5,14.0,1.0,1117,182,6.14,288,1.582,254,1.4,31,88.7,-1.9,Constrained,0,48.8,DS-DDR5-COMPONENT-FAMILY
ANM-D5C-0378,DDR5_COMPONENT,DDR5,COMPONENT,16,,2800,5600,1.1,-40,95,8,CL46,82,VFBGA,2Gb x8,,Sampling,7.5,14.0,1.0,183,76,2.42,252,3.316,172,2.27,68,83.1,24.1,Constrained,1,105.8,DS-DDR5-COMPONENT-FAMILY
ANM-D5C-0379,DDR5_COMPONENT,DDR5,COMPONENT,16,,2600,5200,1.1,0,95,4,CL42,82,VFBGA,4Gb x4,,Production,7.5,14.0,1.0,852,99,8.61,67,0.677,168,1.71,14,89.2,48.7,Watch,1,33.0,DS-DDR5-COMPONENT-FAMILY
ANM-D5C-0380,DDR5_COMPONENT,DDR5,COMPONENT,32,,2600,5200,1.1,-40,95,8,CL42,78,VFBGA,4Gb x8,,Contact Sales,7.5,14.0,1.0,284,78,3.65,54,0.692,125,1.6,39,97.7,14.2,None,1,41.5,DS-DDR5-COMPONENT-FAMILY
ANM-D5C-0381,DDR5_COMPONENT,DDR5,COMPONENT,16,,3600,7200,1.1,-40,95,16,CL58,82,VFBGA,1Gb x16,,Production,7.5,14.0,1.0,2389,314,7.61,0,0.0,613,1.95,14,96.0,1.7,None,0,10.0,DS-DDR5-COMPONENT-FAMILY
ANM-D5C-0382,DDR5_COMPONENT,DDR5,COMPONENT,24,,2400,4800,1.1,-40,95,4,CL40,102,VFBGA,6Gb x4,,Contact Sales,7.5,14.0,1.0,852,97,8.79,105,1.082,14,0.15,14,90.6,-5.8,Watch,1,27.7,DS-DDR5-COMPONENT-FAMILY
ANM-D5C-0383,DDR5_COMPONENT,DDR5,COMPONENT,32,,3600,7200,1.1,-40,95,4,CL58,102,VFBGA,8Gb x4,,Production,7.5,14.0,1.0,383,130,2.95,33,0.254,824,6.35,35,82.4,-7.3,None,0,36.0,DS-DDR5-COMPONENT-FAMILY
ANM-D5C-0384,DDR5_COMPONENT,DDR5,COMPONENT,16,,3200,6400,1.1,0,95,8,CL52,82,VFBGA,2Gb x8,,Production,7.5,14.0,1.0,617,210,2.94,0,0.0,130,0.62,30,98.7,0.2,None,1,26.4,DS-DDR5-COMPONENT-FAMILY
ANM-D5C-0385,DDR5_COMPONENT,DDR5,COMPONENT,16,,2800,5600,1.1,0,95,8,CL46,102,VFBGA,2Gb x8,,Production,7.5,14.0,1.0,171,62,2.77,7,0.113,29,0.47,14,90.5,-0.7,None,0,23.1,DS-DDR5-COMPONENT-FAMILY
ANM-D5C-0386,DDR5_COMPONENT,DDR5,COMPONENT,16,,3200,6400,1.1,0,95,4,CL52,78,VFBGA,4Gb x4,,Production,7.5,14.0,1.0,1149,230,5.0,0,0.0,170,0.74,30,97.5,3.5,None,1,34.1,DS-DDR5-COMPONENT-FAMILY
ANM-D5C-0387,DDR5_COMPONENT,DDR5,COMPONENT,16,,3200,6400,1.1,-40,95,16,CL52,82,VFBGA,1Gb x16,,Sampling,7.5,14.0,1.0,798,498,1.6,0,0.0,324,0.65,34,93.6,11.1,Watch,1,31.2,DS-DDR5-COMPONENT-FAMILY
ANM-D5C-0388,DDR5_COMPONENT,DDR5,COMPONENT,32,,3600,7200,1.1,0,95,16,CL58,78,VFBGA,2Gb x16,,Production,7.5,14.0,1.0,639,163,3.92,92,0.564,639,3.92,35,93.6,19.1,None,0,43.8,DS-DDR5-COMPONENT-FAMILY
ANM-D5C-0389,DDR5_COMPONENT,DDR5,COMPONENT,16,,2600,5200,1.1,-40,95,16,CL42,102,VFBGA,1Gb x16,,Production,7.5,14.0,1.0,500,231,2.17,5,0.022,594,2.57,47,96.2,-8.7,Watch,0,38.8,DS-DDR5-COMPONENT-FAMILY
ANM-D5C-0390,DDR5_COMPONENT,DDR5,COMPONENT,32,,2400,4800,1.1,-40,95,8,CL40,78,VFBGA,4Gb x8,,Production,7.5,14.0,1.0,285,137,2.09,69,0.504,149,1.09,33,90.9,30.5,Watch,0,39.8,DS-DDR5-COMPONENT-FAMILY
ANM-D5C-0391,DDR5_COMPONENT,DDR5,COMPONENT,16,,3200,6400,1.1,0,95,16,CL52,102,VFBGA,1Gb x16,,Sampling,7.5,14.0,1.0,422,152,2.78,20,0.132,242,1.59,17,98.2,-3.0,None,0,11.8,DS-DDR5-COMPONENT-FAMILY
ANM-D5C-0392,DDR5_COMPONENT,DDR5,COMPONENT,16,,2400,4800,1.1,0,95,16,CL40,78,VFBGA,1Gb x16,,Production,7.5,14.0,1.0,865,324,2.67,191,0.59,746,2.3,27,91.6,-7.2,None,0,27.8,DS-DDR5-COMPONENT-FAMILY
ANM-D5C-0393,DDR5_COMPONENT,DDR5,COMPONENT,32,,2800,5600,1.1,-40,95,4,CL46,102,VFBGA,8Gb x4,,Introduction,7.5,14.0,1.0,492,81,6.08,11,0.136,68,0.84,14,99.8,-23.5,None,0,22.3,DS-DDR5-COMPONENT-FAMILY
ANM-D5C-0394,DDR5_COMPONENT,DDR5,COMPONENT,16,,2400,4800,1.1,-40,95,8,CL40,102,VFBGA,2Gb x8,,Production,7.5,14.0,1.0,291,120,2.43,0,0.0,107,0.9,27,99.8,22.0,None,0,37.0,DS-DDR5-COMPONENT-FAMILY
ANM-D5C-0395,DDR5_COMPONENT,DDR5,COMPONENT,32,,2400,4800,1.1,-40,95,8,CL40,78,VFBGA,4Gb x8,,Production,7.5,14.0,1.0,323,102,3.18,25,0.245,164,1.62,29,82.4,8.6,None,0,35.8,DS-DDR5-COMPONENT-FAMILY
ANM-D5C-0396,DDR5_COMPONENT,DDR5,COMPONENT,24,,2600,5200,1.1,0,95,8,CL42,78,VFBGA,3Gb x8,,Sampling,7.5,14.0,1.0,1143,309,3.7,0,0.0,302,0.98,26,90.9,3.4,None,1,15.3,DS-DDR5-COMPONENT-FAMILY
ANM-D5C-0397,DDR5_COMPONENT,DDR5,COMPONENT,16,,2600,5200,1.1,-40,95,4,CL42,82,VFBGA,4Gb x4,,End of Life,7.5,14.0,1.0,740,306,2.42,205,0.67,64,0.21,39,90.3,18.3,None,1,46.4,DS-DDR5-COMPONENT-FAMILY
ANM-D5C-0398,DDR5_COMPONENT,DDR5,COMPONENT,16,,3600,7200,1.1,-40,95,16,CL58,82,VFBGA,1Gb x16,,Production,7.5,14.0,1.0,692,129,5.37,5,0.039,129,1.0,14,88.6,2.9,None,0,14.4,DS-DDR5-COMPONENT-FAMILY
ANM-D5C-0399,DDR5_COMPONENT,DDR5,COMPONENT,24,,2800,5600,1.1,-40,95,4,CL46,102,VFBGA,6Gb x4,,Production,7.5,14.0,1.0,340,253,1.34,342,1.352,351,1.39,35,88.3,2.9,Constrained,1,51.0,DS-DDR5-COMPONENT-FAMILY
ANM-D5C-0400,DDR5_COMPONENT,DDR5,COMPONENT,16,,3600,7200,1.1,-40,95,4,CL58,82,VFBGA,4Gb x4,,Contact Sales,7.5,14.0,1.0,1081,171,6.32,256,1.497,387,2.27,31,85.1,-13.7,Constrained,0,41.7,DS-DDR5-COMPONENT-FAMILY
ANM-D5C-0401,DDR5_COMPONENT,DDR5,COMPONENT,24,,2800,5600,1.1,-40,95,4,CL46,82,VFBGA,6Gb x4,,Production,7.5,14.0,1.0,283,157,1.81,46,0.293,79,0.51,28,92.1,1.1,Watch,0,33.0,DS-DDR5-COMPONENT-FAMILY
ANM-D5C-0402,DDR5_COMPONENT,DDR5,COMPONENT,24,,3600,7200,1.1,-40,95,4,CL58,102,VFBGA,6Gb x4,,End of Life,7.5,14.0,1.0,754,236,3.2,108,0.458,530,2.25,57,90.7,9.8,None,0,53.7,DS-DDR5-COMPONENT-FAMILY
ANM-D5C-0403,DDR5_COMPONENT,DDR5,COMPONENT,16,,3600,7200,1.1,0,95,4,CL58,82,VFBGA,4Gb x4,,Production,7.5,14.0,1.0,192,39,4.95,157,4.026,56,1.45,67,89.7,27.2,Constrained,1,107.5,DS-DDR5-COMPONENT-FAMILY
ANM-D5C-0404,DDR5_COMPONENT,DDR5,COMPONENT,32,,2400,4800,1.1,0,95,8,CL40,102,VFBGA,4Gb x8,,Sampling,7.5,14.0,1.0,138,119,1.16,234,1.966,134,1.13,34,91.7,-6.6,Constrained,1,57.0,DS-DDR5-COMPONENT-FAMILY
ANM-D5C-0405,DDR5_COMPONENT,DDR5,COMPONENT,32,,2600,5200,1.1,-40,95,8,CL42,78,VFBGA,4Gb x8,,Sampling,7.5,14.0,1.0,114,150,0.77,138,0.92,464,3.09,51,87.9,29.6,Constrained,1,63.6,DS-DDR5-COMPONENT-FAMILY
ANM-D5C-0406,DDR5_COMPONENT,DDR5,COMPONENT,16,,3600,7200,1.1,-40,95,8,CL58,102,VFBGA,2Gb x8,,Production,7.5,14.0,1.0,491,91,5.4,22,0.242,233,2.57,14,85.7,-6.7,None,1,26.7,DS-DDR5-COMPONENT-FAMILY
ANM-D5C-0407,DDR5_COMPONENT,DDR5,COMPONENT,16,,3200,6400,1.1,0,95,4,CL52,102,VFBGA,4Gb x4,,End of Life,7.5,14.0,1.0,898,172,5.23,0,0.0,54,0.31,14,85.9,2.2,None,0,11.8,DS-DDR5-COMPONENT-FAMILY
ANM-D5C-0408,DDR5_COMPONENT,DDR5,COMPONENT,24,,2800,5600,1.1,-40,95,8,CL46,82,VFBGA,3Gb x8,,Production,7.5,14.0,1.0,239,87,2.76,61,0.701,286,3.29,50,92.9,-7.0,Watch,1,57.4,DS-DDR5-COMPONENT-FAMILY
ANM-D5C-0409,DDR5_COMPONENT,DDR5,COMPONENT,16,,2600,5200,1.1,0,95,16,CL42,78,VFBGA,1Gb x16,,Production,7.5,14.0,1.0,157,103,1.53,104,1.01,138,1.34,63,95.8,-23.5,Watch,1,67.1,DS-DDR5-COMPONENT-FAMILY
ANM-D5C-0410,DDR5_COMPONENT,DDR5,COMPONENT,24,,2400,4800,1.1,-40,95,16,CL40,82,VFBGA,1.5Gb x16,,Production,7.5,14.0,1.0,211,159,1.33,2,0.013,100,0.63,45,95.1,2.8,Watch,1,39.2,DS-DDR5-COMPONENT-FAMILY
ANM-D5C-0411,DDR5_COMPONENT,DDR5,COMPONENT,16,,2400,4800,1.1,-40,95,4,CL40,78,VFBGA,4Gb x4,,Introduction,7.5,14.0,1.0,648,90,7.21,40,0.444,339,3.77,14,93.3,-2.1,None,0,18.0,DS-DDR5-COMPONENT-FAMILY
ANM-D5C-0412,DDR5_COMPONENT,DDR5,COMPONENT,16,,2600,5200,1.1,-40,95,8,CL42,102,VFBGA,2Gb x8,,Production,7.5,14.0,1.0,849,139,6.11,0,0.0,126,0.91,24,97.7,23.7,None,0,31.3,DS-DDR5-COMPONENT-FAMILY
ANM-D5C-0413,DDR5_COMPONENT,DDR5,COMPONENT,16,,2400,4800,1.1,-40,95,8,CL40,78,VFBGA,2Gb x8,,Production,7.5,14.0,1.0,1370,358,3.83,774,2.162,980,2.74,23,95.3,22.5,Constrained,0,43.4,DS-DDR5-COMPONENT-FAMILY
ANM-D5C-0414,DDR5_COMPONENT,DDR5,COMPONENT,16,,2400,4800,1.1,0,95,4,CL40,78,VFBGA,4Gb x4,,Production,7.5,14.0,1.0,419,150,2.8,0,0.0,23,0.16,28,89.6,2.1,None,0,25.3,DS-DDR5-COMPONENT-FAMILY
ANM-D5C-0415,DDR5_COMPONENT,DDR5,COMPONENT,32,,2400,4800,1.1,-40,95,16,CL40,78,VFBGA,2Gb x16,,End of Life,7.5,14.0,1.0,775,176,4.41,160,0.909,537,3.05,37,88.9,41.8,Watch,1,48.6,DS-DDR5-COMPONENT-FAMILY
ANM-D5C-0416,DDR5_COMPONENT,DDR5,COMPONENT,32,,3200,6400,1.1,0,95,4,CL52,78,VFBGA,8Gb x4,,Production,7.5,14.0,1.0,262,151,1.74,89,0.589,83,0.56,42,90.2,11.9,Watch,0,49.7,DS-DDR5-COMPONENT-FAMILY
ANM-D5C-0417,DDR5_COMPONENT,DDR5,COMPONENT,16,,3600,7200,1.1,-40,95,8,CL58,78,VFBGA,2Gb x8,,Production,7.5,14.0,1.0,355,264,1.35,98,0.371,541,2.05,55,90.5,-3.3,Watch,0,55.2,DS-DDR5-COMPONENT-FAMILY
ANM-D5C-0418,DDR5_COMPONENT,DDR5,COMPONENT,24,,2600,5200,1.1,-40,95,4,CL42,82,VFBGA,6Gb x4,,Contact Sales,7.5,14.0,1.0,214,67,3.2,61,0.91,127,1.91,29,85.7,26.0,Watch,1,43.3,DS-DDR5-COMPONENT-FAMILY
ANM-D5C-0419,DDR5_COMPONENT,DDR5,COMPONENT,32,,3600,7200,1.1,-40,95,4,CL58,82,VFBGA,8Gb x4,,Contact Sales,7.5,14.0,1.0,636,135,4.72,113,0.837,491,3.64,46,91.0,19.2,Watch,0,56.0,DS-DDR5-COMPONENT-FAMILY
ANM-D5C-0420,DDR5_COMPONENT,DDR5,COMPONENT,16,,2800,5600,1.1,0,95,8,CL46,78,VFBGA,2Gb x8,,Production,7.5,14.0,1.0,494,120,4.12,147,1.225,69,0.58,14,84.8,22.7,Watch,0,25.9,DS-DDR5-COMPONENT-FAMILY
ANM-D5C-0421,DDR5_COMPONENT,DDR5,COMPONENT,16,,3600,7200,1.1,-40,95,4,CL58,82,VFBGA,4Gb x4,,Production,7.5,14.0,1.0,419,152,2.76,90,0.592,489,3.22,53,88.6,-16.4,None,0,60.8,DS-DDR5-COMPONENT-FAMILY
ANM-D5C-0422,DDR5_COMPONENT,DDR5,COMPONENT,32,,3600,7200,1.1,-40,95,8,CL58,78,VFBGA,4Gb x8,,Production,7.5,14.0,1.0,288,93,3.1,13,0.14,21,0.24,14,97.6,13.5,None,0,13.8,DS-DDR5-COMPONENT-FAMILY
ANM-D5C-0423,DDR5_COMPONENT,DDR5,COMPONENT,16,,2800,5600,1.1,-40,95,4,CL46,102,VFBGA,4Gb x4,,End of Life,7.5,14.0,1.0,228,64,3.57,0,0.0,81,1.27,40,90.5,5.8,None,0,43.0,DS-DDR5-COMPONENT-FAMILY
ANM-D5C-0424,DDR5_COMPONENT,DDR5,COMPONENT,16,,2600,5200,1.1,0,95,16,CL42,102,VFBGA,1Gb x16,,Introduction,7.5,14.0,1.0,678,338,2.01,46,0.136,1105,3.27,37,94.0,-6.7,Watch,0,35.2,DS-DDR5-COMPONENT-FAMILY
ANM-D5C-0425,DDR5_COMPONENT,DDR5,COMPONENT,16,,2600,5200,1.1,-40,95,16,CL42,78,VFBGA,1Gb x16,,Production,7.5,14.0,1.0,1459,256,5.7,0,0.0,651,2.55,33,97.4,24.9,None,0,32.2,DS-DDR5-COMPONENT-FAMILY
ANM-D5C-0426,DDR5_COMPONENT,DDR5,COMPONENT,32,,2800,5600,1.1,0,95,16,CL46,102,VFBGA,2Gb x16,,Production,7.5,14.0,1.0,387,78,4.96,59,0.756,148,1.91,44,94.6,21.6,Watch,0,56.8,DS-DDR5-COMPONENT-FAMILY
ANM-D5C-0427,DDR5_COMPONENT,DDR5,COMPONENT,16,,3200,6400,1.1,-40,95,16,CL52,82,VFBGA,1Gb x16,,Production,7.5,14.0,1.0,969,190,5.1,91,0.479,194,1.03,14,89.9,19.6,None,1,21.1,DS-DDR5-COMPONENT-FAMILY
ANM-D5C-0428,DDR5_COMPONENT,DDR5,COMPONENT,32,,2600,5200,1.1,-40,95,4,CL42,82,VFBGA,8Gb x4,,Contact Sales,7.5,14.0,1.0,253,115,2.2,141,1.226,172,1.5,37,88.5,19.4,Watch,1,60.2,DS-DDR5-COMPONENT-FAMILY
ANM-D5C-0429,DDR5_COMPONENT,DDR5,COMPONENT,16,,2800,5600,1.1,0,95,16,CL46,78,VFBGA,1Gb x16,,Production,7.5,14.0,1.0,536,95,5.65,56,0.589,137,1.45,32,84.4,9.7,None,0,38.8,DS-DDR5-COMPONENT-FAMILY
ANM-D5C-0430,DDR5_COMPONENT,DDR5,COMPONENT,16,,2400,4800,1.1,-40,95,16,CL40,82,VFBGA,1Gb x16,,Sampling,7.5,14.0,1.0,456,195,2.34,199,1.021,356,1.83,51,90.7,-17.4,Watch,0,66.4,DS-DDR5-COMPONENT-FAMILY
ANM-D5C-0431,DDR5_COMPONENT,DDR5,COMPONENT,32,,2400,4800,1.1,-40,95,8,CL40,78,VFBGA,4Gb x8,,End of Life,7.5,14.0,1.0,148,107,1.39,198,1.85,120,1.12,41,90.6,28.2,Constrained,1,56.5,DS-DDR5-COMPONENT-FAMILY
ANM-D5C-0432,DDR5_COMPONENT,DDR5,COMPONENT,24,,3200,6400,1.1,-40,95,16,CL52,102,VFBGA,1.5Gb x16,,End of Life,7.5,14.0,1.0,1673,439,3.81,0,0.0,1130,2.57,25,97.8,13.0,None,0,21.2,DS-DDR5-COMPONENT-FAMILY
ANM-D5C-0433,DDR5_COMPONENT,DDR5,COMPONENT,32,,2800,5600,1.1,0,95,4,CL46,82,VFBGA,8Gb x4,,Sampling,7.5,14.0,1.0,399,223,1.79,115,0.516,357,1.6,15,84.7,23.2,Watch,1,19.7,DS-DDR5-COMPONENT-FAMILY
ANM-D5C-0434,DDR5_COMPONENT,DDR5,COMPONENT,16,,2400,4800,1.1,-40,95,16,CL40,78,VFBGA,1Gb x16,,Production,7.5,14.0,1.0,424,159,2.67,57,0.358,228,1.43,52,96.3,19.7,None,0,52.4,DS-DDR5-COMPONENT-FAMILY
ANM-D5C-0435,DDR5_COMPONENT,DDR5,COMPONENT,32,,2600,5200,1.1,0,95,16,CL42,78,VFBGA,2Gb x16,,Production,7.5,14.0,1.0,330,142,2.33,90,0.634,166,1.17,60,85.7,-0.4,None,1,69.0,DS-DDR5-COMPONENT-FAMILY
ANM-D5C-0436,DDR5_COMPONENT,DDR5,COMPONENT,24,,2800,5600,1.1,0,95,4,CL46,82,VFBGA,6Gb x4,,Production,7.5,14.0,1.0,152,101,1.51,201,1.99,153,1.52,50,86.8,18.6,Constrained,1,69.6,DS-DDR5-COMPONENT-FAMILY
ANM-D5C-0437,DDR5_COMPONENT,DDR5,COMPONENT,32,,2400,4800,1.1,-40,95,8,CL40,102,VFBGA,4Gb x8,,Production,7.5,14.0,1.0,242,98,2.47,43,0.439,159,1.62,30,92.0,17.1,None,0,36.9,DS-DDR5-COMPONENT-FAMILY
ANM-D5C-0438,DDR5_COMPONENT,DDR5,COMPONENT,32,,3200,6400,1.1,-40,95,4,CL52,82,VFBGA,8Gb x4,,Production,7.5,14.0,1.0,835,291,2.87,407,1.399,826,2.84,35,90.6,13.8,Constrained,1,39.7,DS-DDR5-COMPONENT-FAMILY
ANM-D5C-0439,DDR5_COMPONENT,DDR5,COMPONENT,24,,3600,7200,1.1,0,95,16,CL58,82,VFBGA,1.5Gb x16,,Production,7.5,14.0,1.0,473,147,3.22,276,1.878,170,1.16,72,82.5,-16.9,Constrained,0,100.8,DS-DDR5-COMPONENT-FAMILY
ANM-D5C-0440,DDR5_COMPONENT,DDR5,COMPONENT,24,,2400,4800,1.1,-40,95,8,CL40,78,VFBGA,3Gb x8,,Production,7.5,14.0,1.0,172,99,1.74,46,0.465,383,3.88,31,87.9,44.9,Watch,0,40.1,DS-DDR5-COMPONENT-FAMILY
ANM-D5C-0441,DDR5_COMPONENT,DDR5,COMPONENT,16,,2400,4800,1.1,0,95,16,CL40,102,VFBGA,1Gb x16,,End of Life,7.5,14.0,1.0,1142,149,7.66,14,0.094,361,2.42,14,91.0,-9.2,None,0,20.3,DS-DDR5-COMPONENT-FAMILY
ANM-D5C-0442,DDR5_COMPONENT,DDR5,COMPONENT,32,,2400,4800,1.1,0,95,8,CL40,78,VFBGA,4Gb x8,,Production,7.5,14.0,1.0,143,187,0.76,22,0.118,157,0.84,14,87.8,27.7,Constrained,1,18.7,DS-DDR5-COMPONENT-FAMILY
ANM-D5C-0443,DDR5_COMPONENT,DDR5,COMPONENT,16,,3200,6400,1.1,-40,95,16,CL52,82,VFBGA,1Gb x16,,Production,7.5,14.0,1.0,302,163,1.86,404,2.479,177,1.09,60,81.1,9.1,Constrained,1,86.1,DS-DDR5-COMPONENT-FAMILY
ANM-D5C-0444,DDR5_COMPONENT,DDR5,COMPONENT,32,,3600,7200,1.1,0,95,8,CL58,82,VFBGA,4Gb x8,,Production,7.5,14.0,1.0,476,181,2.63,187,1.033,1023,5.66,44,87.7,30.7,Watch,1,56.9,DS-DDR5-COMPONENT-FAMILY
ANM-D5C-0445,DDR5_COMPONENT,DDR5,COMPONENT,32,,3600,7200,1.1,0,95,8,CL58,78,VFBGA,4Gb x8,,Production,7.5,14.0,1.0,220,108,2.04,61,0.565,217,2.02,21,96.1,-12.6,Watch,0,26.9,DS-DDR5-COMPONENT-FAMILY
ANM-D5C-0446,DDR5_COMPONENT,DDR5,COMPONENT,16,,3200,6400,1.1,-40,95,4,CL52,82,VFBGA,4Gb x4,,Production,7.5,14.0,1.0,342,74,4.63,75,1.014,235,3.19,27,88.7,30.5,Watch,0,37.5,DS-DDR5-COMPONENT-FAMILY
ANM-D5C-0447,DDR5_COMPONENT,DDR5,COMPONENT,16,,3600,7200,1.1,0,95,8,CL58,82,VFBGA,2Gb x8,,Production,7.5,14.0,1.0,369,83,4.45,5,0.06,24,0.3,14,88.8,-1.3,None,0,16.1,DS-DDR5-COMPONENT-FAMILY
ANM-D5C-0448,DDR5_COMPONENT,DDR5,COMPONENT,24,,3200,6400,1.1,-40,95,8,CL52,82,VFBGA,3Gb x8,,Production,7.5,14.0,1.0,373,188,1.99,97,0.516,191,1.02,47,94.8,14.4,Watch,1,52.7,DS-DDR5-COMPONENT-FAMILY
ANM-D5C-0449,DDR5_COMPONENT,DDR5,COMPONENT,32,,2400,4800,1.1,-40,95,4,CL40,102,VFBGA,8Gb x4,,Production,7.5,14.0,1.0,649,321,2.02,264,0.822,716,2.23,35,94.6,6.3,Watch,1,37.5,DS-DDR5-COMPONENT-FAMILY
ANM-D5C-0450,DDR5_COMPONENT,DDR5,COMPONENT,24,,3600,7200,1.1,-40,95,8,CL58,82,VFBGA,3Gb x8,,Production,7.5,14.0,1.0,2216,415,5.34,438,1.055,677,1.63,28,89.6,2.5,Watch,0,23.1,DS-DDR5-COMPONENT-FAMILY
ANM-D5C-0451,DDR5_COMPONENT,DDR5,COMPONENT,32,,2400,4800,1.1,0,95,16,CL40,82,VFBGA,2Gb x16,,Production,7.5,14.0,1.0,334,166,2.02,61,0.367,698,4.21,38,92.4,-15.5,Watch,0,43.2,DS-DDR5-COMPONENT-FAMILY
ANM-D5C-0452,DDR5_COMPONENT,DDR5,COMPONENT,16,,2600,5200,1.1,0,95,4,CL42,78,VFBGA,4Gb x4,,End of Life,7.5,14.0,1.0,624,150,4.16,0,0.0,370,2.47,21,95.7,32.9,Watch,0,22.8,DS-DDR5-COMPONENT-FAMILY
ANM-D5C-0453,DDR5_COMPONENT,DDR5,COMPONENT,32,,2600,5200,1.1,-40,95,16,CL42,102,VFBGA,2Gb x16,,Contact Sales,7.5,14.0,1.0,193,160,1.21,51,0.319,116,0.73,47,91.6,11.1,Watch,1,48.0,DS-DDR5-COMPONENT-FAMILY
ANM-D5C-0454,DDR5_COMPONENT,DDR5,COMPONENT,24,,3600,7200,1.1,-40,95,8,CL58,102,VFBGA,3Gb x8,,Production,7.5,14.0,1.0,263,170,1.55,10,0.059,425,2.5,44,95.4,-13.9,Watch,0,45.2,DS-DDR5-COMPONENT-FAMILY
ANM-D5C-0455,DDR5_COMPONENT,DDR5,COMPONENT,32,,3600,7200,1.1,-40,95,16,CL58,82,VFBGA,2Gb x16,,Production,7.5,14.0,1.0,185,77,2.41,14,0.182,140,1.83,32,96.4,4.9,None,0,36.8,DS-DDR5-COMPONENT-FAMILY
ANM-D5C-0456,DDR5_COMPONENT,DDR5,COMPONENT,32,,2400,4800,1.1,0,95,4,CL40,102,VFBGA,8Gb x4,,Contact Sales,7.5,14.0,1.0,611,268,2.28,0,0.0,71,0.27,16,88.0,11.5,Watch,0,17.3,DS-DDR5-COMPONENT-FAMILY
ANM-D5C-0457,DDR5_COMPONENT,DDR5,COMPONENT,24,,3200,6400,1.1,-40,95,16,CL52,78,VFBGA,1.5Gb x16,,Production,7.5,14.0,1.0,545,330,1.65,77,0.233,227,0.69,29,95.2,-31.1,Watch,0,20.5,DS-DDR5-COMPONENT-FAMILY
ANM-D5C-0458,DDR5_COMPONENT,DDR5,COMPONENT,32,,3600,7200,1.1,-40,95,16,CL58,82,VFBGA,2Gb x16,,Contact Sales,7.5,14.0,1.0,896,222,4.04,86,0.387,269,1.21,14,95.5,-12.7,None,0,16.9,DS-DDR5-COMPONENT-FAMILY
ANM-D5C-0459,DDR5_COMPONENT,DDR5,COMPONENT,16,,2400,4800,1.1,-40,95,16,CL40,82,VFBGA,1Gb x16,,Production,7.5,14.0,1.0,213,123,1.74,193,1.569,138,1.12,57,94.6,-11.7,Constrained,0,75.3,DS-DDR5-COMPONENT-FAMILY
ANM-D5C-0460,DDR5_COMPONENT,DDR5,COMPONENT,24,,2800,5600,1.1,-40,95,8,CL46,78,VFBGA,3Gb x8,,Production,7.5,14.0,1.0,328,127,2.59,39,0.307,181,1.43,36,86.2,10.0,None,0,45.8,DS-DDR5-COMPONENT-FAMILY
ANM-D5C-0461,DDR5_COMPONENT,DDR5,COMPONENT,24,,2800,5600,1.1,-40,95,8,CL46,78,VFBGA,3Gb x8,,Production,7.5,14.0,1.0,659,300,2.2,159,0.53,467,1.56,58,90.5,-9.7,Watch,0,70.0,DS-DDR5-COMPONENT-FAMILY
ANM-D5C-0462,DDR5_COMPONENT,DDR5,COMPONENT,24,,3200,6400,1.1,-40,95,16,CL52,102,VFBGA,1.5Gb x16,,Introduction,7.5,14.0,1.0,160,103,1.55,49,0.476,251,2.45,37,91.9,29.3,Watch,1,41.0,DS-DDR5-COMPONENT-FAMILY
ANM-D5C-0463,DDR5_COMPONENT,DDR5,COMPONENT,32,,3600,7200,1.1,0,95,8,CL58,78,VFBGA,4Gb x8,,Production,7.5,14.0,1.0,444,126,3.53,92,0.73,156,1.24,24,92.0,-8.2,Watch,0,33.1,DS-DDR5-COMPONENT-FAMILY
ANM-D5C-0464,DDR5_COMPONENT,DDR5,COMPONENT,16,,2600,5200,1.1,-40,95,4,CL42,82,VFBGA,4Gb x4,,Sampling,7.5,14.0,1.0,440,127,3.47,7,0.055,52,0.41,27,93.7,6.6,None,0,25.3,DS-DDR5-COMPONENT-FAMILY
ANM-D5C-0465,DDR5_COMPONENT,DDR5,COMPONENT,24,,3600,7200,1.1,0,95,8,CL58,78,VFBGA,3Gb x8,,Production,7.5,14.0,1.0,5307,806,6.58,129,0.16,803,1.0,14,92.6,14.5,None,0,20.1,DS-DDR5-COMPONENT-FAMILY
ANM-D5C-0466,DDR5_COMPONENT,DDR5,COMPONENT,16,,3200,6400,1.1,-40,95,16,CL52,78,VFBGA,1Gb x16,,Introduction,7.5,14.0,1.0,209,98,2.14,133,1.357,365,3.73,35,91.8,15.4,Constrained,1,47.8,DS-DDR5-COMPONENT-FAMILY
ANM-D5C-0467,DDR5_COMPONENT,DDR5,COMPONENT,32,,2400,4800,1.1,0,95,8,CL40,78,VFBGA,4Gb x8,,Production,7.5,14.0,1.0,726,97,7.49,5,0.052,176,1.82,14,87.1,3.9,None,0,12.0,DS-DDR5-COMPONENT-FAMILY
ANM-D5C-0468,DDR5_COMPONENT,DDR5,COMPONENT,16,,2600,5200,1.1,0,95,16,CL42,82,VFBGA,1Gb x16,,Production,7.5,14.0,1.0,174,129,1.35,129,1.0,298,2.32,32,89.5,15.6,Watch,0,48.6,DS-DDR5-COMPONENT-FAMILY
ANM-D5C-0469,DDR5_COMPONENT,DDR5,COMPONENT,32,,2400,4800,1.1,0,95,8,CL40,102,VFBGA,4Gb x8,,Introduction,7.5,14.0,1.0,127,112,1.14,0,0.0,210,1.88,54,86.6,6.0,Constrained,1,59.4,DS-DDR5-COMPONENT-FAMILY
ANM-D5C-0470,DDR5_COMPONENT,DDR5,COMPONENT,32,,2800,5600,1.1,-40,95,16,CL46,82,VFBGA,2Gb x16,,Contact Sales,7.5,14.0,1.0,135,117,1.16,216,1.846,416,3.56,81,89.7,14.6,Constrained,1,108.3,DS-DDR5-COMPONENT-FAMILY
ANM-D5C-0471,DDR5_COMPONENT,DDR5,COMPONENT,16,,3200,6400,1.1,-40,95,8,CL52,78,VFBGA,2Gb x8,,Production,7.5,14.0,1.0,377,189,2.0,71,0.376,133,0.71,35,91.9,42.6,Watch,0,48.1,DS-DDR5-COMPONENT-FAMILY
ANM-D5C-0472,DDR5_COMPONENT,DDR5,COMPONENT,24,,3600,7200,1.1,-40,95,16,CL58,102,VFBGA,1.5Gb x16,,Production,7.5,14.0,1.0,995,252,3.95,108,0.429,864,3.43,41,87.1,14.6,None,1,46.4,DS-DDR5-COMPONENT-FAMILY
ANM-D5C-0473,DDR5_COMPONENT,DDR5,COMPONENT,24,,2800,5600,1.1,-40,95,8,CL46,78,VFBGA,3Gb x8,,Production,7.5,14.0,1.0,257,155,1.66,0,0.0,404,2.61,40,92.2,31.5,Watch,0,45.3,DS-DDR5-COMPONENT-FAMILY
ANM-D5C-0474,DDR5_COMPONENT,DDR5,COMPONENT,16,,3600,7200,1.1,-40,95,8,CL58,102,VFBGA,2Gb x8,,Production,7.5,14.0,1.0,397,89,4.46,26,0.292,275,3.1,18,89.0,1.8,None,0,22.8,DS-DDR5-COMPONENT-FAMILY
ANM-D5C-0475,DDR5_COMPONENT,DDR5,COMPONENT,24,,2800,5600,1.1,-40,95,8,CL46,102,VFBGA,3Gb x8,,Production,7.5,14.0,1.0,251,103,2.44,145,1.408,85,0.83,38,95.0,-33.3,Constrained,0,46.7,DS-DDR5-COMPONENT-FAMILY
ANM-D5C-0476,DDR5_COMPONENT,DDR5,COMPONENT,32,,2600,5200,1.1,0,95,8,CL42,102,VFBGA,4Gb x8,,Production,7.5,14.0,1.0,59,188,0.32,137,0.729,21,0.12,53,91.2,14.2,Constrained,1,70.0,DS-DDR5-COMPONENT-FAMILY
ANM-D5C-0477,DDR5_COMPONENT,DDR5,COMPONENT,16,,3600,7200,1.1,-40,95,4,CL58,82,VFBGA,4Gb x4,,Production,7.5,14.0,1.0,397,131,3.04,700,5.344,308,2.35,78,70.0,9.6,Constrained,1,140.0,DS-DDR5-COMPONENT-FAMILY
ANM-D5C-0478,DDR5_COMPONENT,DDR5,COMPONENT,32,,2600,5200,1.1,-40,95,16,CL42,78,VFBGA,2Gb x16,,Production,7.5,14.0,1.0,180,60,3.01,10,0.167,61,1.03,39,88.4,22.9,None,0,46.0,DS-DDR5-COMPONENT-FAMILY
ANM-D5C-0479,DDR5_COMPONENT,DDR5,COMPONENT,24,,3200,6400,1.1,-40,95,8,CL52,102,VFBGA,3Gb x8,,Production,7.5,14.0,1.0,259,99,2.62,46,0.465,183,1.86,26,92.7,18.2,None,0,33.2,DS-DDR5-COMPONENT-FAMILY
ANM-D5C-0480,DDR5_COMPONENT,DDR5,COMPONENT,24,,2400,4800,1.1,0,95,16,CL40,78,VFBGA,1.5Gb x16,,Production,7.5,14.0,1.0,604,151,4.01,81,0.536,303,2.01,25,86.0,45.0,Watch,0,30.1,DS-DDR5-COMPONENT-FAMILY
ANM-D5C-0481,DDR5_COMPONENT,DDR5,COMPONENT,24,,3600,7200,1.1,-40,95,8,CL58,78,VFBGA,3Gb x8,,Production,7.5,14.0,1.0,175,84,2.09,69,0.821,249,2.97,44,95.1,-4.4,Watch,1,51.7,DS-DDR5-COMPONENT-FAMILY
ANM-D5C-0482,DDR5_COMPONENT,DDR5,COMPONENT,24,,3600,7200,1.1,0,95,8,CL58,102,VFBGA,3Gb x8,,Production,7.5,14.0,1.0,90,128,0.71,290,2.266,254,1.99,63,84.0,18.9,Constrained,1,94.0,DS-DDR5-COMPONENT-FAMILY
ANM-D5C-0483,DDR5_COMPONENT,DDR5,COMPONENT,24,,2600,5200,1.1,0,95,8,CL42,82,VFBGA,3Gb x8,,Production,7.5,14.0,1.0,133,47,2.85,36,0.766,126,2.69,32,94.7,6.3,Watch,0,29.9,DS-DDR5-COMPONENT-FAMILY
ANM-D5C-0484,DDR5_COMPONENT,DDR5,COMPONENT,16,,3600,7200,1.1,-40,95,4,CL58,78,VFBGA,4Gb x4,,Production,7.5,14.0,1.0,540,248,2.18,54,0.218,103,0.42,34,99.8,3.6,Watch,0,36.9,DS-DDR5-COMPONENT-FAMILY
ANM-D5C-0485,DDR5_COMPONENT,DDR5,COMPONENT,24,,3200,6400,1.1,-40,95,8,CL52,78,VFBGA,3Gb x8,,Production,7.5,14.0,1.0,190,77,2.47,1,0.013,214,2.79,51,94.3,35.4,Watch,0,65.1,DS-DDR5-COMPONENT-FAMILY
ANM-D5C-0486,DDR5_COMPONENT,DDR5,COMPONENT,16,,2800,5600,1.1,0,95,16,CL46,102,VFBGA,1Gb x16,,Production,7.5,14.0,1.0,191,57,3.36,75,1.316,350,6.15,42,87.2,-28.8,Constrained,0,52.0,DS-DDR5-COMPONENT-FAMILY
ANM-D5C-0487,DDR5_COMPONENT,DDR5,COMPONENT,16,,2800,5600,1.1,0,95,8,CL46,82,VFBGA,2Gb x8,,Production,7.5,14.0,1.0,542,69,7.86,0,0.0,50,0.73,14,91.6,5.0,None,0,11.1,DS-DDR5-COMPONENT-FAMILY
ANM-D5C-0488,DDR5_COMPONENT,DDR5,COMPONENT,16,,2400,4800,1.1,-40,95,8,CL40,102,VFBGA,2Gb x8,,Production,7.5,14.0,1.0,1310,218,6.01,133,0.61,347,1.59,14,92.4,-15.3,None,0,20.2,DS-DDR5-COMPONENT-FAMILY
ANM-D5C-0489,DDR5_COMPONENT,DDR5,COMPONENT,24,,2600,5200,1.1,-40,95,8,CL42,78,VFBGA,3Gb x8,,Production,7.5,14.0,1.0,1311,113,11.6,110,0.973,167,1.49,14,97.3,-9.2,Watch,0,14.6,DS-DDR5-COMPONENT-FAMILY
ANM-D5C-0490,DDR5_COMPONENT,DDR5,COMPONENT,24,,2400,4800,1.1,0,95,4,CL40,78,VFBGA,6Gb x4,,Sampling,7.5,14.0,1.0,172,124,1.39,126,1.016,103,0.84,43,90.9,6.7,Watch,0,54.3,DS-DDR5-COMPONENT-FAMILY
ANM-D5C-0491,DDR5_COMPONENT,DDR5,COMPONENT,16,,2400,4800,1.1,0,95,8,CL40,102,VFBGA,2Gb x8,,Production,7.5,14.0,1.0,929,188,4.95,160,0.851,385,2.05,35,89.6,-4.0,Watch,0,40.8,DS-DDR5-COMPONENT-FAMILY
ANM-D5C-0492,DDR5_COMPONENT,DDR5,COMPONENT,16,,3600,7200,1.1,0,95,4,CL58,78,VFBGA,4Gb x4,,Production,7.5,14.0,1.0,380,210,1.81,297,1.414,225,1.07,48,88.9,17.4,Constrained,1,66.0,DS-DDR5-COMPONENT-FAMILY
ANM-D5C-0493,DDR5_COMPONENT,DDR5,COMPONENT,24,,2400,4800,1.1,-40,95,16,CL40,102,VFBGA,1.5Gb x16,,Production,7.5,14.0,1.0,774,518,1.49,207,0.4,127,0.25,22,92.8,-30.8,Watch,0,22.3,DS-DDR5-COMPONENT-FAMILY
ANM-D5C-0494,DDR5_COMPONENT,DDR5,COMPONENT,32,,2400,4800,1.1,-40,95,8,CL40,102,VFBGA,4Gb x8,,Production,7.5,14.0,1.0,2658,603,4.41,683,1.133,1772,2.94,22,86.1,9.6,Watch,0,28.6,DS-DDR5-COMPONENT-FAMILY
ANM-D5C-0495,DDR5_COMPONENT,DDR5,COMPONENT,32,,2600,5200,1.1,0,95,8,CL42,82,VFBGA,4Gb x8,,Production,7.5,14.0,1.0,155,118,1.32,0,0.0,372,3.16,41,94.9,-10.2,Watch,1,33.4,DS-DDR5-COMPONENT-FAMILY
ANM-D5C-0496,DDR5_COMPONENT,DDR5,COMPONENT,16,,3600,7200,1.1,-40,95,4,CL58,82,VFBGA,4Gb x4,,Sampling,7.5,14.0,1.0,836,256,3.27,52,0.203,451,1.76,19,93.2,14.0,None,0,19.4,DS-DDR5-COMPONENT-FAMILY
ANM-D5C-0497,DDR5_COMPONENT,DDR5,COMPONENT,16,,3600,7200,1.1,0,95,8,CL58,82,VFBGA,2Gb x8,,Production,7.5,14.0,1.0,112,53,2.11,40,0.755,124,2.34,44,91.1,22.0,Watch,1,66.2,DS-DDR5-COMPONENT-FAMILY
ANM-D5C-0498,DDR5_COMPONENT,DDR5,COMPONENT,16,,2400,4800,1.1,-40,95,16,CL40,78,VFBGA,1Gb x16,,Sampling,7.5,14.0,1.0,350,57,6.14,0,0.0,89,1.57,14,95.6,10.5,None,1,17.1,DS-DDR5-COMPONENT-FAMILY
ANM-D5C-0499,DDR5_COMPONENT,DDR5,COMPONENT,32,,2400,4800,1.1,0,95,8,CL40,82,VFBGA,4Gb x8,,Production,7.5,14.0,1.0,345,174,1.99,77,0.443,16,0.09,31,82.5,27.8,Watch,1,40.5,DS-DDR5-COMPONENT-FAMILY
ANM-D5C-0500,DDR5_COMPONENT,DDR5,COMPONENT,16,,2400,4800,1.1,-40,95,8,CL40,82,VFBGA,2Gb x8,,Sampling,7.5,14.0,1.0,385,189,2.04,489,2.587,409,2.17,67,94.5,-21.2,Constrained,1,98.3,DS-DDR5-COMPONENT-FAMILY
ANM-D5C-0501,DDR5_COMPONENT,DDR5,COMPONENT,16,,2400,4800,1.1,0,95,4,CL40,82,VFBGA,4Gb x4,,Contact Sales,7.5,14.0,1.0,803,163,4.93,359,2.202,190,1.17,39,89.4,19.8,Constrained,0,62.5,DS-DDR5-COMPONENT-FAMILY
ANM-D5C-0502,DDR5_COMPONENT,DDR5,COMPONENT,24,,2400,4800,1.1,-40,95,8,CL40,78,VFBGA,3Gb x8,,Production,7.5,14.0,1.0,776,175,4.44,0,0.0,167,0.96,14,89.5,-3.4,None,0,10.4,DS-DDR5-COMPONENT-FAMILY
ANM-D5C-0503,DDR5_COMPONENT,DDR5,COMPONENT,24,,3200,6400,1.1,-40,95,16,CL52,102,VFBGA,1.5Gb x16,,Contact Sales,7.5,14.0,1.0,550,60,9.17,47,0.783,111,1.86,14,93.5,-2.5,Watch,1,17.1,DS-DDR5-COMPONENT-FAMILY
ANM-D5C-0504,DDR5_COMPONENT,DDR5,COMPONENT,16,,2400,4800,1.1,0,95,4,CL40,102,VFBGA,4Gb x4,,Production,7.5,14.0,1.0,491,106,4.64,0,0.0,265,2.51,14,96.8,-3.4,None,0,17.1,DS-DDR5-COMPONENT-FAMILY
ANM-D5C-0505,DDR5_COMPONENT,DDR5,COMPONENT,24,,2600,5200,1.1,-40,95,16,CL42,102,VFBGA,1.5Gb x16,,Production,7.5,14.0,1.0,67,66,1.02,66,1.0,37,0.56,60,95.9,24.2,Constrained,1,69.6,DS-DDR5-COMPONENT-FAMILY
ANM-D5C-0506,DDR5_COMPONENT,DDR5,COMPONENT,32,,2600,5200,1.1,-40,95,8,CL42,82,VFBGA,4Gb x8,,Production,7.5,14.0,1.0,128,206,0.63,0,0.0,137,0.67,39,97.0,16.5,Constrained,1,41.5,DS-DDR5-COMPONENT-FAMILY
ANM-D5C-0507,DDR5_COMPONENT,DDR5,COMPONENT,32,,2800,5600,1.1,0,95,4,CL46,102,VFBGA,8Gb x4,,Production,7.5,14.0,1.0,304,132,2.31,84,0.636,240,1.82,17,90.7,21.5,None,0,22.1,DS-DDR5-COMPONENT-FAMILY
ANM-D5C-0508,DDR5_COMPONENT,DDR5,COMPONENT,16,,3200,6400,1.1,0,95,16,CL52,82,VFBGA,1Gb x16,,Production,7.5,14.0,1.0,363,423,0.86,28,0.066,514,1.22,17,92.9,0.5,Constrained,0,20.1,DS-DDR5-COMPONENT-FAMILY
ANM-D5C-0509,DDR5_COMPONENT,DDR5,COMPONENT,16,,3600,7200,1.1,0,95,16,CL58,102,VFBGA,1Gb x16,,End of Life,7.5,14.0,1.0,181,167,1.09,92,0.551,106,0.63,20,89.6,-28.7,Constrained,0,28.2,DS-DDR5-COMPONENT-FAMILY
ANM-D5C-0510,DDR5_COMPONENT,DDR5,COMPONENT,24,,3200,6400,1.1,0,95,4,CL52,82,VFBGA,6Gb x4,,Production,7.5,14.0,1.0,739,291,2.54,6,0.021,288,0.99,24,97.0,-15.0,None,0,25.5,DS-DDR5-COMPONENT-FAMILY
ANM-D5C-0511,DDR5_COMPONENT,DDR5,COMPONENT,16,,3600,7200,1.1,-40,95,4,CL58,78,VFBGA,4Gb x4,,Production,7.5,14.0,1.0,110,58,1.9,36,0.621,85,1.47,48,77.8,24.5,Watch,1,54.0,DS-DDR5-COMPONENT-FAMILY
ANM-D5C-0512,DDR5_COMPONENT,DDR5,COMPONENT,32,,3200,6400,1.1,-40,95,4,CL52,82,VFBGA,8Gb x4,,Production,7.5,14.0,1.0,678,185,3.67,22,0.119,517,2.8,14,92.5,3.2,None,0,15.8,DS-DDR5-COMPONENT-FAMILY
ANM-D5C-0513,DDR5_COMPONENT,DDR5,COMPONENT,32,,2400,4800,1.1,-40,95,4,CL40,78,VFBGA,8Gb x4,,Production,7.5,14.0,1.0,214,153,1.4,42,0.275,176,1.15,47,96.4,-29.1,Watch,1,44.9,DS-DDR5-COMPONENT-FAMILY
ANM-D5C-0514,DDR5_COMPONENT,DDR5,COMPONENT,16,,3600,7200,1.1,-40,95,16,CL58,102,VFBGA,1Gb x16,,Production,7.5,14.0,1.0,447,267,1.68,0,0.0,379,1.42,39,97.0,50.3,Watch,0,33.0,DS-DDR5-COMPONENT-FAMILY
ANM-D5C-0515,DDR5_COMPONENT,DDR5,COMPONENT,24,,2400,4800,1.1,-40,95,4,CL40,102,VFBGA,6Gb x4,,Sampling,7.5,14.0,1.0,395,207,1.91,204,0.986,117,0.57,44,87.5,-3.2,Watch,0,49.0,DS-DDR5-COMPONENT-FAMILY
ANM-D5C-0516,DDR5_COMPONENT,DDR5,COMPONENT,32,,2800,5600,1.1,-40,95,16,CL46,78,VFBGA,2Gb x16,,Sampling,7.5,14.0,1.0,305,82,3.72,0,0.0,10,0.13,24,94.6,-21.4,None,0,27.5,DS-DDR5-COMPONENT-FAMILY
ANM-D5C-0517,DDR5_COMPONENT,DDR5,COMPONENT,24,,2800,5600,1.1,-40,95,16,CL46,102,VFBGA,1.5Gb x16,,Production,7.5,14.0,1.0,783,169,4.63,79,0.467,125,0.74,28,87.6,4.1,None,0,36.4,DS-DDR5-COMPONENT-FAMILY
ANM-D5C-0518,DDR5_COMPONENT,DDR5,COMPONENT,24,,2600,5200,1.1,-40,95,16,CL42,82,VFBGA,1.5Gb x16,,Production,7.5,14.0,1.0,276,166,1.67,48,0.289,533,3.21,26,96.6,-8.8,Watch,1,31.3,DS-DDR5-COMPONENT-FAMILY
ANM-D5C-0519,DDR5_COMPONENT,DDR5,COMPONENT,24,,2600,5200,1.1,0,95,8,CL42,78,VFBGA,3Gb x8,,Sampling,7.5,14.0,1.0,160,120,1.34,22,0.183,157,1.31,14,90.4,-27.9,Watch,1,12.4,DS-DDR5-COMPONENT-FAMILY
ANM-D5C-0520,DDR5_COMPONENT,DDR5,COMPONENT,32,,3600,7200,1.1,-40,95,4,CL58,102,VFBGA,8Gb x4,,Production,7.5,14.0,1.0,326,105,3.11,22,0.21,257,2.45,20,83.0,-5.5,None,0,19.5,DS-DDR5-COMPONENT-FAMILY
ANM-D5C-0521,DDR5_COMPONENT,DDR5,COMPONENT,24,,2400,4800,1.1,0,95,16,CL40,102,VFBGA,1.5Gb x16,,Production,7.5,14.0,1.0,185,87,2.14,0,0.0,212,2.44,29,95.3,-21.3,Watch,0,26.2,DS-DDR5-COMPONENT-FAMILY
ANM-D5C-0522,DDR5_COMPONENT,DDR5,COMPONENT,16,,3600,7200,1.1,0,95,4,CL58,82,VFBGA,4Gb x4,,Production,7.5,14.0,1.0,1233,157,7.86,0,0.0,138,0.88,14,86.1,-0.8,None,0,14.4,DS-DDR5-COMPONENT-FAMILY
ANM-D5C-0523,DDR5_COMPONENT,DDR5,COMPONENT,24,,3600,7200,1.1,-40,95,8,CL58,82,VFBGA,3Gb x8,,Production,7.5,14.0,1.0,1874,355,5.28,35,0.099,568,1.6,14,92.2,-5.0,None,0,13.9,DS-DDR5-COMPONENT-FAMILY
ANM-D5C-0524,DDR5_COMPONENT,DDR5,COMPONENT,24,,3200,6400,1.1,0,95,4,CL52,102,VFBGA,6Gb x4,,Sampling,7.5,14.0,1.0,927,365,2.54,150,0.411,1870,5.12,40,92.9,14.8,None,0,48.2,DS-DDR5-COMPONENT-FAMILY
ANM-D5C-0525,DDR5_COMPONENT,DDR5,COMPONENT,24,,3600,7200,1.1,0,95,8,CL58,78,VFBGA,3Gb x8,,Production,7.5,14.0,1.0,127,139,0.92,185,1.331,528,3.8,36,91.7,-19.0,Constrained,1,48.5,DS-DDR5-COMPONENT-FAMILY
ANM-D5C-0526,DDR5_COMPONENT,DDR5,COMPONENT,24,,2600,5200,1.1,0,95,16,CL42,102,VFBGA,1.5Gb x16,,Production,7.5,14.0,1.0,35,103,0.34,229,2.223,175,1.7,47,88.5,9.2,Constrained,1,67.4,DS-DDR5-COMPONENT-FAMILY
ANM-D5C-0527,DDR5_COMPONENT,DDR5,COMPONENT,24,,3600,7200,1.1,-40,95,16,CL58,82,VFBGA,1.5Gb x16,,Introduction,7.5,14.0,1.0,59,56,1.07,20,0.357,42,0.76,29,93.5,17.1,Constrained,1,37.4,DS-DDR5-COMPONENT-FAMILY
ANM-D5C-0528,DDR5_COMPONENT,DDR5,COMPONENT,16,,3200,6400,1.1,0,95,4,CL52,78,VFBGA,4Gb x4,,Production,7.5,14.0,1.0,1030,171,6.03,0,0.0,370,2.17,20,96.5,-36.6,None,0,15.9,DS-DDR5-COMPONENT-FAMILY
ANM-D5C-0529,DDR5_COMPONENT,DDR5,COMPONENT,24,,2800,5600,1.1,0,95,4,CL46,78,VFBGA,6Gb x4,,Sampling,7.5,14.0,1.0,174,96,1.81,116,1.208,105,1.1,55,95.5,-9.5,Watch,1,73.0,DS-DDR5-COMPONENT-FAMILY
ANM-D5C-0530,DDR5_COMPONENT,DDR5,COMPONENT,24,,2400,4800,1.1,0,95,16,CL40,78,VFBGA,1.5Gb x16,,Production,7.5,14.0,1.0,428,166,2.58,0,0.0,186,1.13,52,99.8,26.0,Watch,0,53.0,DS-DDR5-COMPONENT-FAMILY
ANM-D5C-0531,DDR5_COMPONENT,DDR5,COMPONENT,32,,2800,5600,1.1,0,95,16,CL46,82,VFBGA,2Gb x16,,Production,7.5,14.0,1.0,80,121,0.66,185,1.529,288,2.39,77,86.5,23.0,Constrained,1,95.3,DS-DDR5-COMPONENT-FAMILY
ANM-D5C-0532,DDR5_COMPONENT,DDR5,COMPONENT,32,,2800,5600,1.1,0,95,16,CL46,102,VFBGA,2Gb x16,,Production,7.5,14.0,1.0,676,226,2.99,0,0.0,332,1.47,27,96.8,23.6,None,0,32.5,DS-DDR5-COMPONENT-FAMILY
ANM-D5C-0533,DDR5_COMPONENT,DDR5,COMPONENT,24,,2600,5200,1.1,-40,95,16,CL42,102,VFBGA,1.5Gb x16,,End of Life,7.5,14.0,1.0,225,172,1.31,0,0.0,256,1.49,63,89.7,4.1,Watch,1,59.5,DS-DDR5-COMPONENT-FAMILY
ANM-D5C-0534,DDR5_COMPONENT,DDR5,COMPONENT,16,,2400,4800,1.1,0,95,4,CL40,82,VFBGA,4Gb x4,,Production,7.5,14.0,1.0,176,174,1.01,401,2.305,348,2.0,55,76.1,25.4,Constrained,1,90.5,DS-DDR5-COMPONENT-FAMILY
ANM-D5C-0535,DDR5_COMPONENT,DDR5,COMPONENT,24,,2600,5200,1.1,-40,95,4,CL42,82,VFBGA,6Gb x4,,Production,7.5,14.0,1.0,262,109,2.41,64,0.587,235,2.16,53,93.5,-22.0,None,0,61.9,DS-DDR5-COMPONENT-FAMILY
ANM-D5C-0536,DDR5_COMPONENT,DDR5,COMPONENT,16,,2600,5200,1.1,0,95,8,CL42,82,VFBGA,2Gb x8,,Introduction,7.5,14.0,1.0,441,193,2.29,146,0.756,341,1.77,52,91.9,15.9,Watch,0,70.1,DS-DDR5-COMPONENT-FAMILY
ANM-D5C-0537,DDR5_COMPONENT,DDR5,COMPONENT,16,,2800,5600,1.1,0,95,16,CL46,102,VFBGA,1Gb x16,,Production,7.5,14.0,1.0,808,262,3.08,5,0.019,383,1.46,25,94.6,39.9,Watch,0,27.1,DS-DDR5-COMPONENT-FAMILY
ANM-D5C-0538,DDR5_COMPONENT,DDR5,COMPONENT,24,,3600,7200,1.1,-40,95,16,CL58,82,VFBGA,1.5Gb x16,,Production,7.5,14.0,1.0,149,144,1.04,97,0.674,417,2.9,34,95.4,6.7,Constrained,1,42.4,DS-DDR5-COMPONENT-FAMILY
ANM-D5C-0539,DDR5_COMPONENT,DDR5,COMPONENT,24,,2800,5600,1.1,-40,95,8,CL46,102,VFBGA,3Gb x8,,Production,7.5,14.0,1.0,437,96,4.56,174,1.812,219,2.28,36,90.7,5.3,Constrained,0,61.3,DS-DDR5-COMPONENT-FAMILY
ANM-D5C-0540,DDR5_COMPONENT,DDR5,COMPONENT,32,,2400,4800,1.1,-40,95,4,CL40,78,VFBGA,8Gb x4,,Contact Sales,7.5,14.0,1.0,110,51,2.17,4,0.078,212,4.16,29,94.1,1.6,Watch,0,35.1,DS-DDR5-COMPONENT-FAMILY
ANM-D5C-0541,DDR5_COMPONENT,DDR5,COMPONENT,32,,2600,5200,1.1,-40,95,4,CL42,78,VFBGA,8Gb x4,,Production,7.5,14.0,1.0,141,91,1.56,23,0.253,251,2.76,40,93.2,-8.7,Watch,0,45.4,DS-DDR5-COMPONENT-FAMILY
ANM-D5C-0542,DDR5_COMPONENT,DDR5,COMPONENT,24,,2400,4800,1.1,-40,95,16,CL40,82,VFBGA,1.5Gb x16,,Production,7.5,14.0,1.0,177,61,2.91,62,1.016,152,2.5,15,96.3,49.0,Watch,0,30.5,DS-DDR5-COMPONENT-FAMILY
ANM-D5C-0543,DDR5_COMPONENT,DDR5,COMPONENT,16,,2800,5600,1.1,0,95,16,CL46,78,VFBGA,1Gb x16,,End of Life,7.5,14.0,1.0,1363,104,13.11,81,0.779,106,1.02,14,93.7,5.0,Watch,0,16.3,DS-DDR5-COMPONENT-FAMILY
ANM-D5C-0544,DDR5_COMPONENT,DDR5,COMPONENT,32,,2400,4800,1.1,0,95,16,CL40,102,VFBGA,2Gb x16,,Production,7.5,14.0,1.0,177,108,1.65,184,1.704,107,0.99,55,81.9,10.0,Constrained,1,69.0,DS-DDR5-COMPONENT-FAMILY
ANM-D5C-0545,DDR5_COMPONENT,DDR5,COMPONENT,32,,3200,6400,1.1,0,95,4,CL52,102,VFBGA,8Gb x4,,Introduction,7.5,14.0,1.0,1550,380,4.08,44,0.116,419,1.1,20,93.6,-6.6,None,1,20.4,DS-DDR5-COMPONENT-FAMILY
ANM-D5C-0546,DDR5_COMPONENT,DDR5,COMPONENT,32,,2600,5200,1.1,-40,95,4,CL42,78,VFBGA,8Gb x4,,Production,7.5,14.0,1.0,198,48,4.14,64,1.333,89,1.87,38,85.9,19.4,Constrained,1,56.2,DS-DDR5-COMPONENT-FAMILY
ANM-D5C-0547,DDR5_COMPONENT,DDR5,COMPONENT,24,,3600,7200,1.1,0,95,4,CL58,82,VFBGA,6Gb x4,,Production,7.5,14.0,1.0,389,184,2.12,52,0.283,366,1.99,26,93.4,-25.2,Watch,0,26.6,DS-DDR5-COMPONENT-FAMILY
ANM-D5C-0548,DDR5_COMPONENT,DDR5,COMPONENT,24,,2800,5600,1.1,-40,95,4,CL46,102,VFBGA,6Gb x4,,Production,7.5,14.0,1.0,256,202,1.27,32,0.158,97,0.48,39,93.3,1.4,Watch,0,40.6,DS-DDR5-COMPONENT-FAMILY
ANM-D5C-0549,DDR5_COMPONENT,DDR5,COMPONENT,16,,3600,7200,1.1,0,95,4,CL58,102,VFBGA,4Gb x4,,Production,7.5,14.0,1.0,656,260,2.53,151,0.581,297,1.14,18,94.3,59.6,Watch,0,31.8,DS-DDR5-COMPONENT-FAMILY
ANM-D5C-0550,DDR5_COMPONENT,DDR5,COMPONENT,24,,3600,7200,1.1,-40,95,4,CL58,82,VFBGA,6Gb x4,,Production,7.5,14.0,1.0,439,158,2.78,30,0.19,276,1.75,29,88.5,29.0,Watch,0,27.8,DS-DDR5-COMPONENT-FAMILY
ANM-D5C-0551,DDR5_COMPONENT,DDR5,COMPONENT,24,,2600,5200,1.1,0,95,16,CL42,102,VFBGA,1.5Gb x16,,Production,7.5,14.0,1.0,167,133,1.26,177,1.331,112,0.84,24,91.0,-6.6,Constrained,0,36.3,DS-DDR5-COMPONENT-FAMILY
ANM-D5C-0552,DDR5_COMPONENT,DDR5,COMPONENT,32,,2800,5600,1.1,0,95,16,CL46,102,VFBGA,2Gb x16,,Contact Sales,7.5,14.0,1.0,887,99,8.96,57,0.576,29,0.29,14,88.9,9.5,None,0,14.5,DS-DDR5-COMPONENT-FAMILY
ANM-D5C-0553,DDR5_COMPONENT,DDR5,COMPONENT,32,,2800,5600,1.1,0,95,4,CL46,78,VFBGA,8Gb x4,,Production,7.5,14.0,1.0,424,190,2.23,0,0.0,349,1.84,42,88.9,16.2,Watch,0,44.3,DS-DDR5-COMPONENT-FAMILY
ANM-D5C-0554,DDR5_COMPONENT,DDR5,COMPONENT,32,,3600,7200,1.1,-40,95,4,CL58,102,VFBGA,8Gb x4,,Sampling,7.5,14.0,1.0,532,357,1.49,0,0.0,575,1.61,38,94.6,-1.1,Watch,0,36.9,DS-DDR5-COMPONENT-FAMILY
ANM-D5C-0555,DDR5_COMPONENT,DDR5,COMPONENT,16,,3200,6400,1.1,0,95,16,CL52,78,VFBGA,1Gb x16,,Production,7.5,14.0,1.0,1959,815,2.4,588,0.721,2006,2.46,37,96.6,1.8,Watch,0,31.9,DS-DDR5-COMPONENT-FAMILY
ANM-D5C-0556,DDR5_COMPONENT,DDR5,COMPONENT,16,,2400,4800,1.1,0,95,4,CL40,102,VFBGA,4Gb x4,,Production,7.5,14.0,1.0,259,72,3.61,108,1.5,279,3.88,14,92.2,-10.7,Constrained,1,29.6,DS-DDR5-COMPONENT-FAMILY
ANM-D5C-0557,DDR5_COMPONENT,DDR5,COMPONENT,16,,2800,5600,1.1,0,95,4,CL46,82,VFBGA,4Gb x4,,Production,7.5,14.0,1.0,176,74,2.39,195,2.635,170,2.31,87,82.3,-27.8,Constrained,1,115.7,DS-DDR5-COMPONENT-FAMILY
ANM-D5C-0558,DDR5_COMPONENT,DDR5,COMPONENT,16,,2400,4800,1.1,0,95,8,CL40,82,VFBGA,2Gb x8,,Production,7.5,14.0,1.0,783,176,4.45,98,0.557,187,1.06,14,90.0,10.5,None,0,14.8,DS-DDR5-COMPONENT-FAMILY
ANM-D5C-0559,DDR5_COMPONENT,DDR5,COMPONENT,32,,2800,5600,1.1,0,95,16,CL46,82,VFBGA,2Gb x16,,End of Life,7.5,14.0,1.0,24,65,0.38,25,0.385,233,3.59,32,95.4,-12.3,Constrained,1,43.1,DS-DDR5-COMPONENT-FAMILY
ANM-D5C-0560,DDR5_COMPONENT,DDR5,COMPONENT,24,,2600,5200,1.1,-40,95,4,CL42,82,VFBGA,6Gb x4,,Production,7.5,14.0,1.0,20,90,0.23,21,0.233,79,0.88,38,86.1,-6.2,Constrained,0,37.8,DS-DDR5-COMPONENT-FAMILY
ANM-D5C-0561,DDR5_COMPONENT,DDR5,COMPONENT,24,,3200,6400,1.1,-40,95,8,CL52,82,VFBGA,3Gb x8,,Production,7.5,14.0,1.0,175,103,1.7,70,0.68,70,0.68,22,96.9,12.8,Watch,1,38.3,DS-DDR5-COMPONENT-FAMILY
ANM-D5C-0562,DDR5_COMPONENT,DDR5,COMPONENT,32,,2400,4800,1.1,0,95,8,CL40,82,VFBGA,4Gb x8,,Sampling,7.5,14.0,1.0,232,228,1.02,0,0.0,859,3.77,16,99.8,-9.3,Constrained,0,10.7,DS-DDR5-COMPONENT-FAMILY
ANM-D5C-0563,DDR5_COMPONENT,DDR5,COMPONENT,32,,2400,4800,1.1,0,95,4,CL40,102,VFBGA,8Gb x4,,Production,7.5,14.0,1.0,94,42,2.24,0,0.0,15,0.37,47,99.8,22.4,Watch,1,45.8,DS-DDR5-COMPONENT-FAMILY
ANM-D5C-0564,DDR5_COMPONENT,DDR5,COMPONENT,24,,3600,7200,1.1,-40,95,16,CL58,82,VFBGA,1.5Gb x16,,Production,7.5,14.0,1.0,132,37,3.57,12,0.324,114,3.1,25,81.4,34.1,Watch,0,28.9,DS-DDR5-COMPONENT-FAMILY
ANM-D5C-0565,DDR5_COMPONENT,DDR5,COMPONENT,32,,2800,5600,1.1,-40,95,4,CL46,82,VFBGA,8Gb x4,,Production,7.5,14.0,1.0,533,196,2.72,68,0.347,315,1.61,47,93.8,-3.2,None,1,52.4,DS-DDR5-COMPONENT-FAMILY
ANM-D5C-0566,DDR5_COMPONENT,DDR5,COMPONENT,16,,3600,7200,1.1,0,95,16,CL58,82,VFBGA,1Gb x16,,Production,7.5,14.0,1.0,1770,196,9.03,190,0.969,313,1.6,17,91.8,25.3,Watch,0,31.5,DS-DDR5-COMPONENT-FAMILY
ANM-D5C-0567,DDR5_COMPONENT,DDR5,COMPONENT,32,,2600,5200,1.1,-40,95,16,CL42,78,VFBGA,2Gb x16,,Production,7.5,14.0,1.0,136,87,1.57,28,0.322,83,0.96,26,98.3,28.4,Watch,0,40.6,DS-DDR5-COMPONENT-FAMILY
ANM-D5C-0568,DDR5_COMPONENT,DDR5,COMPONENT,16,,2800,5600,1.1,0,95,8,CL46,102,VFBGA,2Gb x8,,Production,7.5,14.0,1.0,2131,467,4.56,199,0.426,152,0.33,15,97.4,-26.0,None,0,10.9,DS-DDR5-COMPONENT-FAMILY
ANM-D5C-0569,DDR5_COMPONENT,DDR5,COMPONENT,24,,3200,6400,1.1,-40,95,8,CL52,78,VFBGA,3Gb x8,,End of Life,7.5,14.0,1.0,468,159,2.94,164,1.031,153,0.97,63,87.0,43.8,Watch,1,76.0,DS-DDR5-COMPONENT-FAMILY
ANM-D5C-0570,DDR5_COMPONENT,DDR5,COMPONENT,32,,3600,7200,1.1,-40,95,16,CL58,102,VFBGA,2Gb x16,,Production,7.5,14.0,1.0,175,71,2.48,132,1.859,117,1.65,56,86.1,21.6,Constrained,1,77.7,DS-DDR5-COMPONENT-FAMILY
ANM-D5C-0571,DDR5_COMPONENT,DDR5,COMPONENT,32,,3200,6400,1.1,0,95,8,CL52,82,VFBGA,4Gb x8,,End of Life,7.5,14.0,1.0,78,216,0.36,140,0.648,106,0.49,62,96.9,5.7,Constrained,1,63.2,DS-DDR5-COMPONENT-FAMILY
ANM-D5C-0572,DDR5_COMPONENT,DDR5,COMPONENT,24,,2800,5600,1.1,-40,95,8,CL46,102,VFBGA,3Gb x8,,Production,7.5,14.0,1.0,752,93,8.09,1,0.011,143,1.55,14,95.2,-14.0,None,0,16.1,DS-DDR5-COMPONENT-FAMILY
ANM-D5C-0573,DDR5_COMPONENT,DDR5,COMPONENT,24,,2600,5200,1.1,0,95,4,CL42,78,VFBGA,6Gb x4,,Production,7.5,14.0,1.0,774,238,3.25,0,0.0,535,2.25,16,89.9,-21.8,None,0,13.1,DS-DDR5-COMPONENT-FAMILY
ANM-D5C-0574,DDR5_COMPONENT,DDR5,COMPONENT,32,,2400,4800,1.1,0,95,16,CL40,82,VFBGA,2Gb x16,,Sampling,7.5,14.0,1.0,98,51,1.92,19,0.373,106,2.08,43,89.4,43.2,Watch,0,53.0,DS-DDR5-COMPONENT-FAMILY
ANM-D5C-0575,DDR5_COMPONENT,DDR5,COMPONENT,24,,3200,6400,1.1,0,95,4,CL52,78,VFBGA,6Gb x4,,Production,7.5,14.0,1.0,720,136,5.3,51,0.375,594,4.37,18,91.7,-6.0,None,0,22.3,DS-DDR5-COMPONENT-FAMILY
ANM-D5C-0576,DDR5_COMPONENT,DDR5,COMPONENT,32,,2600,5200,1.1,0,95,4,CL42,78,VFBGA,8Gb x4,,Production,7.5,14.0,1.0,307,144,2.14,0,0.0,152,1.06,14,94.3,19.5,Watch,0,10.0,DS-DDR5-COMPONENT-FAMILY
ANM-D5C-0577,DDR5_COMPONENT,DDR5,COMPONENT,32,,3200,6400,1.1,0,95,16,CL52,78,VFBGA,2Gb x16,,Production,7.5,14.0,1.0,1134,233,4.87,58,0.249,1252,5.37,38,95.5,-36.3,None,0,39.9,DS-DDR5-COMPONENT-FAMILY
ANM-D5C-0578,DDR5_COMPONENT,DDR5,COMPONENT,24,,3200,6400,1.1,0,95,4,CL52,102,VFBGA,6Gb x4,,Production,7.5,14.0,1.0,224,238,0.94,49,0.206,649,2.73,40,97.5,51.6,Constrained,1,50.3,DS-DDR5-COMPONENT-FAMILY
ANM-D5C-0579,DDR5_COMPONENT,DDR5,COMPONENT,16,,3600,7200,1.1,-40,95,16,CL58,102,VFBGA,1Gb x16,,Production,7.5,14.0,1.0,699,152,4.6,0,0.0,221,1.45,14,89.6,-2.1,None,0,16.7,DS-DDR5-COMPONENT-FAMILY
ANM-D5C-0580,DDR5_COMPONENT,DDR5,COMPONENT,32,,3600,7200,1.1,0,95,4,CL58,82,VFBGA,8Gb x4,,Production,7.5,14.0,1.0,678,213,3.19,513,2.408,164,0.77,36,92.1,31.9,Constrained,1,65.3,DS-DDR5-COMPONENT-FAMILY
ANM-D5C-0581,DDR5_COMPONENT,DDR5,COMPONENT,32,,3600,7200,1.1,-40,95,16,CL58,102,VFBGA,2Gb x16,,Production,7.5,14.0,1.0,919,290,3.17,0,0.0,249,0.86,24,97.1,4.6,None,0,25.2,DS-DDR5-COMPONENT-FAMILY
ANM-D5C-0582,DDR5_COMPONENT,DDR5,COMPONENT,32,,3600,7200,1.1,0,95,4,CL58,82,VFBGA,8Gb x4,,Production,7.5,14.0,1.0,628,184,3.42,59,0.321,128,0.7,14,93.4,8.2,None,0,14.2,DS-DDR5-COMPONENT-FAMILY
ANM-D5C-0583,DDR5_COMPONENT,DDR5,COMPONENT,32,,2400,4800,1.1,-40,95,16,CL40,82,VFBGA,2Gb x16,,Contact Sales,7.5,14.0,1.0,361,107,3.38,90,0.841,86,0.8,18,92.9,-11.6,Watch,0,31.4,DS-DDR5-COMPONENT-FAMILY
ANM-D5C-0584,DDR5_COMPONENT,DDR5,COMPONENT,24,,2600,5200,1.1,-40,95,8,CL42,102,VFBGA,3Gb x8,,Introduction,7.5,14.0,1.0,339,87,3.9,25,0.287,51,0.59,33,91.8,1.9,None,0,36.6,DS-DDR5-COMPONENT-FAMILY
ANM-D5C-0585,DDR5_COMPONENT,DDR5,COMPONENT,32,,3600,7200,1.1,-40,95,4,CL58,82,VFBGA,8Gb x4,,Production,7.5,14.0,1.0,323,97,3.34,127,1.309,341,3.52,29,89.1,4.6,Constrained,1,51.8,DS-DDR5-COMPONENT-FAMILY
ANM-D5C-0586,DDR5_COMPONENT,DDR5,COMPONENT,16,,2800,5600,1.1,-40,95,16,CL46,78,VFBGA,1Gb x16,,Production,7.5,14.0,1.0,418,85,4.92,126,1.482,78,0.93,28,89.4,3.7,Constrained,0,46.8,DS-DDR5-COMPONENT-FAMILY
ANM-D5C-0587,DDR5_COMPONENT,DDR5,COMPONENT,16,,3600,7200,1.1,0,95,16,CL58,82,VFBGA,1Gb x16,,Production,7.5,14.0,1.0,506,205,2.47,371,1.81,1190,5.81,69,92.0,-4.8,Constrained,1,83.8,DS-DDR5-COMPONENT-FAMILY
ANM-D5C-0588,DDR5_COMPONENT,DDR5,COMPONENT,24,,3200,6400,1.1,0,95,8,CL52,82,VFBGA,3Gb x8,,Production,7.5,14.0,1.0,225,100,2.25,105,1.05,208,2.08,41,87.2,5.7,Watch,1,44.7,DS-DDR5-COMPONENT-FAMILY
ANM-D5C-0589,DDR5_COMPONENT,DDR5,COMPONENT,32,,3200,6400,1.1,-40,95,16,CL52,102,VFBGA,2Gb x16,,Production,7.5,14.0,1.0,804,160,5.03,0,0.0,38,0.24,26,86.3,-20.2,None,0,24.5,DS-DDR5-COMPONENT-FAMILY
ANM-D5C-0590,DDR5_COMPONENT,DDR5,COMPONENT,32,,3600,7200,1.1,0,95,8,CL58,102,VFBGA,4Gb x8,,Production,7.5,14.0,1.0,703,508,1.39,676,1.331,595,1.17,50,87.0,11.5,Constrained,1,70.9,DS-DDR5-COMPONENT-FAMILY
ANM-D5C-0591,DDR5_COMPONENT,DDR5,COMPONENT,24,,3600,7200,1.1,-40,95,8,CL58,102,VFBGA,3Gb x8,,Production,7.5,14.0,1.0,920,146,6.3,197,1.349,353,2.42,14,83.6,-5.2,Constrained,1,26.4,DS-DDR5-COMPONENT-FAMILY
ANM-D5C-0592,DDR5_COMPONENT,DDR5,COMPONENT,32,,2600,5200,1.1,0,95,4,CL42,82,VFBGA,8Gb x4,,Introduction,7.5,14.0,1.0,356,65,5.48,7,0.108,35,0.55,47,99.8,-16.9,None,0,54.8,DS-DDR5-COMPONENT-FAMILY
ANM-D5C-0593,DDR5_COMPONENT,DDR5,COMPONENT,32,,2400,4800,1.1,-40,95,4,CL40,78,VFBGA,8Gb x4,,Introduction,7.5,14.0,1.0,376,119,3.16,0,0.0,117,0.99,34,90.4,-25.5,None,0,34.0,DS-DDR5-COMPONENT-FAMILY
ANM-D5C-0594,DDR5_COMPONENT,DDR5,COMPONENT,32,,3200,6400,1.1,0,95,4,CL52,78,VFBGA,8Gb x4,,Production,7.5,14.0,1.0,181,76,2.39,142,1.868,106,1.4,78,89.2,21.4,Constrained,1,95.7,DS-DDR5-COMPONENT-FAMILY
ANM-D5C-0595,DDR5_COMPONENT,DDR5,COMPONENT,32,,3200,6400,1.1,-40,95,8,CL52,78,VFBGA,4Gb x8,,Production,7.5,14.0,1.0,188,91,2.07,159,1.747,275,3.02,19,85.7,10.5,Constrained,1,37.2,DS-DDR5-COMPONENT-FAMILY
ANM-D5C-0596,DDR5_COMPONENT,DDR5,COMPONENT,16,,3600,7200,1.1,0,95,8,CL58,102,VFBGA,2Gb x8,,Production,7.5,14.0,1.0,571,88,6.49,113,1.284,79,0.9,31,92.2,29.3,Watch,0,41.0,DS-DDR5-COMPONENT-FAMILY
ANM-D5C-0597,DDR5_COMPONENT,DDR5,COMPONENT,32,,2600,5200,1.1,0,95,16,CL42,78,VFBGA,2Gb x16,,Production,7.5,14.0,1.0,274,93,2.95,0,0.0,10,0.11,21,90.0,-2.0,None,0,28.1,DS-DDR5-COMPONENT-FAMILY
ANM-D5C-0598,DDR5_COMPONENT,DDR5,COMPONENT,16,,2800,5600,1.1,-40,95,8,CL46,82,VFBGA,2Gb x8,,Production,7.5,14.0,1.0,587,227,2.59,150,0.661,205,0.9,38,99.8,10.4,None,0,43.3,DS-DDR5-COMPONENT-FAMILY
ANM-D5C-0599,DDR5_COMPONENT,DDR5,COMPONENT,32,,2400,4800,1.1,-40,95,4,CL40,82,VFBGA,8Gb x4,,End of Life,7.5,14.0,1.0,273,171,1.6,33,0.193,241,1.41,29,88.6,5.0,Watch,0,32.3,DS-DDR5-COMPONENT-FAMILY
ANM-D5C-0600,DDR5_COMPONENT,DDR5,COMPONENT,32,,2600,5200,1.1,-40,95,8,CL42,82,VFBGA,4Gb x8,,Production,7.5,14.0,1.0,847,164,5.17,229,1.396,96,0.59,42,92.5,16.0,Constrained,1,64.7,DS-DDR5-COMPONENT-FAMILY
ANM-D5C-0601,DDR5_COMPONENT,DDR5,COMPONENT,32,,2400,4800,1.1,-40,95,16,CL40,78,VFBGA,2Gb x16,,Introduction,7.5,14.0,1.0,507,130,3.9,176,1.354,104,0.81,33,89.1,-21.9,Constrained,0,51.4,DS-DDR5-COMPONENT-FAMILY
ANM-D5C-0602,DDR5_COMPONENT,DDR5,COMPONENT,32,,3600,7200,1.1,-40,95,8,CL58,102,VFBGA,4Gb x8,,Production,7.5,14.0,1.0,131,275,0.48,370,1.345,391,1.42,56,98.3,-10.2,Constrained,1,71.9,DS-DDR5-COMPONENT-FAMILY
ANM-D5C-0603,DDR5_COMPONENT,DDR5,COMPONENT,24,,3200,6400,1.1,-40,95,16,CL52,82,VFBGA,1.5Gb x16,,Production,7.5,14.0,1.0,210,81,2.6,173,2.136,121,1.49,68,86.0,27.5,Constrained,1,90.7,DS-DDR5-COMPONENT-FAMILY
ANM-D5C-0604,DDR5_COMPONENT,DDR5,COMPONENT,32,,2600,5200,1.1,0,95,16,CL42,82,VFBGA,2Gb x16,,End of Life,7.5,14.0,1.0,134,68,1.97,64,0.941,245,3.61,24,91.9,-0.2,Watch,0,31.8,DS-DDR5-COMPONENT-FAMILY
ANM-D5C-0605,DDR5_COMPONENT,DDR5,COMPONENT,16,,2800,5600,1.1,-40,95,4,CL46,82,VFBGA,4Gb x4,,Production,7.5,14.0,1.0,243,113,2.16,145,1.283,118,1.05,71,89.6,1.0,Constrained,0,84.2,DS-DDR5-COMPONENT-FAMILY
ANM-D5C-0606,DDR5_COMPONENT,DDR5,COMPONENT,16,,3600,7200,1.1,-40,95,4,CL58,82,VFBGA,4Gb x4,,Production,7.5,14.0,1.0,324,154,2.11,267,1.734,1170,7.6,37,88.7,-2.2,Constrained,1,51.5,DS-DDR5-COMPONENT-FAMILY
ANM-D5C-0607,DDR5_COMPONENT,DDR5,COMPONENT,16,,2600,5200,1.1,0,95,8,CL42,102,VFBGA,2Gb x8,,Production,7.5,14.0,1.0,30,50,0.62,137,2.74,141,2.82,78,91.3,36.2,Constrained,1,108.3,DS-DDR5-COMPONENT-FAMILY
ANM-D5C-0608,DDR5_COMPONENT,DDR5,COMPONENT,16,,2600,5200,1.1,-40,95,4,CL42,78,VFBGA,4Gb x4,,Production,7.5,14.0,1.0,62,41,1.54,7,0.171,131,3.21,54,99.8,-20.9,Watch,1,54.7,DS-DDR5-COMPONENT-FAMILY
ANM-D5C-0609,DDR5_COMPONENT,DDR5,COMPONENT,32,,3200,6400,1.1,0,95,16,CL52,82,VFBGA,2Gb x16,,Production,7.5,14.0,1.0,452,188,2.41,0,0.0,85,0.46,36,97.4,17.6,None,0,27.5,DS-DDR5-COMPONENT-FAMILY
ANM-D5C-0610,DDR5_COMPONENT,DDR5,COMPONENT,32,,2800,5600,1.1,0,95,8,CL46,82,VFBGA,4Gb x8,,Production,7.5,14.0,1.0,107,148,0.73,9,0.061,242,1.64,21,90.3,9.3,Constrained,0,16.2,DS-DDR5-COMPONENT-FAMILY
ANM-D5C-0611,DDR5_COMPONENT,DDR5,COMPONENT,16,,3600,7200,1.1,-40,95,8,CL58,102,VFBGA,2Gb x8,,Production,7.5,14.0,1.0,1142,246,4.65,11,0.045,975,3.97,14,95.6,2.2,None,0,10.0,DS-DDR5-COMPONENT-FAMILY
ANM-D5C-0612,DDR5_COMPONENT,DDR5,COMPONENT,16,,3200,6400,1.1,-40,95,4,CL52,102,VFBGA,4Gb x4,,Production,7.5,14.0,1.0,656,178,3.69,10,0.056,382,2.15,21,94.7,-25.7,None,0,23.9,DS-DDR5-COMPONENT-FAMILY
ANM-D5C-0613,DDR5_COMPONENT,DDR5,COMPONENT,24,,3600,7200,1.1,-40,95,4,CL58,102,VFBGA,6Gb x4,,Contact Sales,7.5,14.0,1.0,80,92,0.88,26,0.283,55,0.6,34,92.6,-7.3,Constrained,1,45.7,DS-DDR5-COMPONENT-FAMILY
ANM-D5C-0614,DDR5_COMPONENT,DDR5,COMPONENT,24,,2600,5200,1.1,-40,95,8,CL42,82,VFBGA,3Gb x8,,Production,7.5,14.0,1.0,393,197,2.0,0,0.0,267,1.36,42,90.4,-9.8,Watch,0,39.6,DS-DDR5-COMPONENT-FAMILY
ANM-D5C-0615,DDR5_COMPONENT,DDR5,COMPONENT,24,,2800,5600,1.1,-40,95,8,CL46,82,VFBGA,3Gb x8,,Production,7.5,14.0,1.0,152,42,3.62,0,0.0,24,0.59,39,89.3,15.1,None,1,32.5,DS-DDR5-COMPONENT-FAMILY
ANM-D5C-0616,DDR5_COMPONENT,DDR5,COMPONENT,32,,2600,5200,1.1,-40,95,4,CL42,102,VFBGA,8Gb x4,,Production,7.5,14.0,1.0,558,213,2.62,0,0.0,564,2.65,16,92.1,13.6,None,0,14.1,DS-DDR5-COMPONENT-FAMILY
ANM-D5C-0617,DDR5_COMPONENT,DDR5,COMPONENT,16,,2600,5200,1.1,0,95,8,CL42,82,VFBGA,2Gb x8,,Production,7.5,14.0,1.0,348,151,2.31,743,4.921,282,1.87,98,80.8,-1.1,Constrained,0,140.0,DS-DDR5-COMPONENT-FAMILY
ANM-D5C-0618,DDR5_COMPONENT,DDR5,COMPONENT,32,,3600,7200,1.1,-40,95,16,CL58,82,VFBGA,2Gb x16,,Production,7.5,14.0,1.0,220,47,4.69,48,1.021,313,6.68,36,96.2,5.9,Watch,0,41.6,DS-DDR5-COMPONENT-FAMILY
ANM-D5C-0619,DDR5_COMPONENT,DDR5,COMPONENT,16,,3200,6400,1.1,0,95,4,CL52,78,VFBGA,4Gb x4,,Introduction,7.5,14.0,1.0,1115,251,4.44,202,0.805,191,0.76,14,87.9,-15.9,Watch,0,25.6,DS-DDR5-COMPONENT-FAMILY
ANM-D5C-0620,DDR5_COMPONENT,DDR5,COMPONENT,32,,2400,4800,1.1,-40,95,8,CL40,82,VFBGA,4Gb x8,,Production,7.5,14.0,1.0,750,230,3.26,335,1.457,280,1.22,60,91.6,-18.0,Constrained,1,81.5,DS-DDR5-COMPONENT-FAMILY
ANM-D5C-0621,DDR5_COMPONENT,DDR5,COMPONENT,24,,2800,5600,1.1,-40,95,4,CL46,82,VFBGA,6Gb x4,,Contact Sales,7.5,14.0,1.0,1759,348,5.06,319,0.917,2370,6.81,14,85.6,20.1,Watch,0,17.4,DS-DDR5-COMPONENT-FAMILY
ANM-D5C-0622,DDR5_COMPONENT,DDR5,COMPONENT,16,,3600,7200,1.1,0,95,16,CL58,82,VFBGA,1Gb x16,,Production,7.5,14.0,1.0,789,133,5.94,58,0.436,99,0.75,25,94.5,31.7,Watch,0,38.9,DS-DDR5-COMPONENT-FAMILY
ANM-D5C-0623,DDR5_COMPONENT,DDR5,COMPONENT,32,,3200,6400,1.1,-40,95,4,CL52,82,VFBGA,8Gb x4,,Production,7.5,14.0,1.0,492,101,4.88,12,0.119,100,1.0,14,98.4,-24.0,None,0,22.0,DS-DDR5-COMPONENT-FAMILY
ANM-D5C-0624,DDR5_COMPONENT,DDR5,COMPONENT,16,,2800,5600,1.1,-40,95,8,CL46,78,VFBGA,2Gb x8,,Production,7.5,14.0,1.0,477,222,2.15,92,0.414,729,3.29,32,87.1,2.1,Watch,1,42.3,DS-DDR5-COMPONENT-FAMILY
ANM-D5C-0625,DDR5_COMPONENT,DDR5,COMPONENT,24,,2800,5600,1.1,-40,95,16,CL46,82,VFBGA,1.5Gb x16,,Contact Sales,7.5,14.0,1.0,1454,216,6.73,420,1.944,246,1.14,14,83.8,14.5,Constrained,0,38.5,DS-DDR5-COMPONENT-FAMILY
ANM-D5C-0626,DDR5_COMPONENT,DDR5,COMPONENT,24,,3600,7200,1.1,-40,95,16,CL58,78,VFBGA,1.5Gb x16,,Production,7.5,14.0,1.0,241,72,3.36,232,3.222,73,1.02,66,89.0,-7.0,Constrained,1,93.3,DS-DDR5-COMPONENT-FAMILY
ANM-D5C-0627,DDR5_COMPONENT,DDR5,COMPONENT,32,,2600,5200,1.1,-40,95,16,CL42,78,VFBGA,2Gb x16,,Production,7.5,14.0,1.0,98,170,0.58,122,0.718,182,1.07,62,80.4,-1.6,Constrained,1,78.0,DS-DDR5-COMPONENT-FAMILY
ANM-D5C-0628,DDR5_COMPONENT,DDR5,COMPONENT,16,,3200,6400,1.1,0,95,16,CL52,82,VFBGA,1Gb x16,,Production,7.5,14.0,1.0,1234,197,6.27,56,0.284,99,0.51,14,98.5,-5.1,None,0,12.8,DS-DDR5-COMPONENT-FAMILY
ANM-D5C-0629,DDR5_COMPONENT,DDR5,COMPONENT,16,,2800,5600,1.1,0,95,16,CL46,102,VFBGA,1Gb x16,,End of Life,7.5,14.0,1.0,448,56,8.0,46,0.821,34,0.62,18,91.5,21.4,Watch,0,20.1,DS-DDR5-COMPONENT-FAMILY
ANM-D5C-0630,DDR5_COMPONENT,DDR5,COMPONENT,16,,2600,5200,1.1,-40,95,16,CL42,102,VFBGA,1Gb x16,,Production,7.5,14.0,1.0,261,166,1.58,168,1.012,484,2.92,57,91.0,23.6,Watch,1,81.7,DS-DDR5-COMPONENT-FAMILY
ANM-D5C-0631,DDR5_COMPONENT,DDR5,COMPONENT,16,,2400,4800,1.1,-40,95,4,CL40,82,VFBGA,4Gb x4,,Production,7.5,14.0,1.0,165,67,2.46,31,0.463,19,0.29,19,92.0,31.3,Watch,0,29.2,DS-DDR5-COMPONENT-FAMILY
ANM-D5C-0632,DDR5_COMPONENT,DDR5,COMPONENT,24,,3600,7200,1.1,0,95,8,CL58,102,VFBGA,3Gb x8,,Production,7.5,14.0,1.0,194,168,1.16,31,0.185,130,0.78,27,91.9,10.9,Constrained,0,23.4,DS-DDR5-COMPONENT-FAMILY
ANM-D5C-0633,DDR5_COMPONENT,DDR5,COMPONENT,32,,3600,7200,1.1,-40,95,8,CL58,82,VFBGA,4Gb x8,,Production,7.5,14.0,1.0,334,119,2.81,0,0.0,108,0.91,14,92.7,15.2,None,0,24.6,DS-DDR5-COMPONENT-FAMILY
ANM-D5C-0634,DDR5_COMPONENT,DDR5,COMPONENT,24,,2800,5600,1.1,-40,95,8,CL46,78,VFBGA,3Gb x8,,Production,7.5,14.0,1.0,1208,213,5.67,24,0.113,1013,4.76,14,99.8,2.0,None,1,15.7,DS-DDR5-COMPONENT-FAMILY
ANM-D5C-0635,DDR5_COMPONENT,DDR5,COMPONENT,16,,2800,5600,1.1,-40,95,8,CL46,102,VFBGA,2Gb x8,,End of Life,7.5,14.0,1.0,421,234,1.8,43,0.184,72,0.31,28,86.5,5.9,Watch,0,30.5,DS-DDR5-COMPONENT-FAMILY
ANM-D5C-0636,DDR5_COMPONENT,DDR5,COMPONENT,24,,2800,5600,1.1,-40,95,4,CL46,102,VFBGA,6Gb x4,,Production,7.5,14.0,1.0,382,112,3.42,79,0.705,184,1.65,46,95.0,4.5,Watch,1,48.5,DS-DDR5-COMPONENT-FAMILY
ANM-D5C-0637,DDR5_COMPONENT,DDR5,COMPONENT,24,,2600,5200,1.1,-40,95,8,CL42,78,VFBGA,3Gb x8,,Production,7.5,14.0,1.0,197,103,1.92,37,0.359,56,0.54,19,93.8,-9.1,Watch,0,13.3,DS-DDR5-COMPONENT-FAMILY
ANM-D5C-0638,DDR5_COMPONENT,DDR5,COMPONENT,24,,3200,6400,1.1,-40,95,4,CL52,82,VFBGA,6Gb x4,,Production,7.5,14.0,1.0,108,80,1.35,64,0.8,65,0.82,41,93.5,13.4,Watch,0,44.8,DS-DDR5-COMPONENT-FAMILY
ANM-D5C-0639,DDR5_COMPONENT,DDR5,COMPONENT,32,,2800,5600,1.1,-40,95,8,CL46,78,VFBGA,4Gb x8,,Contact Sales,7.5,14.0,1.0,1486,256,5.81,95,0.371,674,2.63,14,91.9,25.9,Watch,1,10.0,DS-DDR5-COMPONENT-FAMILY
ANM-D5C-0640,DDR5_COMPONENT,DDR5,COMPONENT,24,,2400,4800,1.1,-40,95,16,CL40,82,VFBGA,1.5Gb x16,,Sampling,7.5,14.0,1.0,312,144,2.17,211,1.465,554,3.85,68,90.7,-31.3,Constrained,1,84.9,DS-DDR5-COMPONENT-FAMILY
ANM-D5C-0641,DDR5_COMPONENT,DDR5,COMPONENT,24,,2400,4800,1.1,0,95,4,CL40,78,VFBGA,6Gb x4,,End of Life,7.5,14.0,1.0,721,264,2.73,374,1.417,606,2.3,65,90.0,-20.9,Constrained,1,71.4,DS-DDR5-COMPONENT-FAMILY
ANM-D5C-0642,DDR5_COMPONENT,DDR5,COMPONENT,16,,3200,6400,1.1,0,95,16,CL52,78,VFBGA,1Gb x16,,Production,7.5,14.0,1.0,288,170,1.7,402,2.365,117,0.69,70,88.9,18.6,Constrained,1,97.7,DS-DDR5-COMPONENT-FAMILY
ANM-D5C-0643,DDR5_COMPONENT,DDR5,COMPONENT,24,,3200,6400,1.1,-40,95,8,CL52,82,VFBGA,3Gb x8,,Production,7.5,14.0,1.0,952,745,1.28,259,0.348,2117,2.84,18,89.8,15.9,Watch,1,21.3,DS-DDR5-COMPONENT-FAMILY
ANM-D5C-0644,DDR5_COMPONENT,DDR5,COMPONENT,16,,2600,5200,1.1,-40,95,4,CL42,78,VFBGA,4Gb x4,,Production,7.5,14.0,1.0,333,166,2.01,22,0.133,215,1.3,29,95.1,-30.9,Watch,0,17.8,DS-DDR5-COMPONENT-FAMILY
ANM-D5C-0645,DDR5_COMPONENT,DDR5,COMPONENT,24,,3200,6400,1.1,0,95,4,CL52,82,VFBGA,6Gb x4,,Sampling,7.5,14.0,1.0,716,179,4.0,226,1.263,372,2.08,40,91.8,34.8,Watch,1,68.9,DS-DDR5-COMPONENT-FAMILY
ANM-D5C-0646,DDR5_COMPONENT,DDR5,COMPONENT,32,,2400,4800,1.1,-40,95,4,CL40,102,VFBGA,8Gb x4,,Production,7.5,14.0,1.0,63,174,0.36,403,2.316,153,0.88,36,82.4,-15.7,Constrained,1,64.2,DS-DDR5-COMPONENT-FAMILY
ANM-D5C-0647,DDR5_COMPONENT,DDR5,COMPONENT,24,,2800,5600,1.1,0,95,8,CL46,102,VFBGA,3Gb x8,,End of Life,7.5,14.0,1.0,859,239,3.6,64,0.268,265,1.11,27,87.9,-23.4,None,0,33.5,DS-DDR5-COMPONENT-FAMILY
ANM-D5C-0648,DDR5_COMPONENT,DDR5,COMPONENT,24,,3200,6400,1.1,-40,95,16,CL52,82,VFBGA,1.5Gb x16,,Contact Sales,7.5,14.0,1.0,533,117,4.56,0,0.0,286,2.45,31,91.6,0.4,None,0,37.9,DS-DDR5-COMPONENT-FAMILY
ANM-D5C-0649,DDR5_COMPONENT,DDR5,COMPONENT,16,,2400,4800,1.1,-40,95,4,CL40,78,VFBGA,4Gb x4,,Production,7.5,14.0,1.0,2543,346,7.35,0,0.0,328,0.95,14,87.0,8.7,None,0,13.0,DS-DDR5-COMPONENT-FAMILY
ANM-D5C-0650,DDR5_COMPONENT,DDR5,COMPONENT,16,,3200,6400,1.1,0,95,4,CL52,102,VFBGA,4Gb x4,,Introduction,7.5,14.0,1.0,196,105,1.87,81,0.771,39,0.37,21,92.4,-31.4,Watch,0,21.0,DS-DDR5-COMPONENT-FAMILY
ANM-D5C-0651,DDR5_COMPONENT,DDR5,COMPONENT,32,,2600,5200,1.1,0,95,8,CL42,78,VFBGA,4Gb x8,,Production,7.5,14.0,1.0,285,148,1.93,372,2.514,319,2.16,62,82.0,-11.5,Constrained,1,86.0,DS-DDR5-COMPONENT-FAMILY
ANM-D5C-0652,DDR5_COMPONENT,DDR5,COMPONENT,24,,2400,4800,1.1,-40,95,4,CL40,102,VFBGA,6Gb x4,,Production,7.5,14.0,1.0,1451,174,8.34,126,0.724,88,0.51,14,90.8,-7.5,Watch,1,18.3,DS-DDR5-COMPONENT-FAMILY
ANM-D5C-0653,DDR5_COMPONENT,DDR5,COMPONENT,24,,2600,5200,1.1,-40,95,8,CL42,102,VFBGA,3Gb x8,,Production,7.5,14.0,1.0,621,415,1.5,180,0.434,485,1.17,28,99.8,17.3,Watch,0,33.9,DS-DDR5-COMPONENT-FAMILY
ANM-D5C-0654,DDR5_COMPONENT,DDR5,COMPONENT,24,,2600,5200,1.1,0,95,8,CL42,102,VFBGA,3Gb x8,,Production,7.5,14.0,1.0,584,111,5.27,49,0.441,28,0.26,23,91.5,-7.1,None,0,31.7,DS-DDR5-COMPONENT-FAMILY
ANM-D5C-0655,DDR5_COMPONENT,DDR5,COMPONENT,32,,3200,6400,1.1,0,95,4,CL52,82,VFBGA,8Gb x4,,Sampling,7.5,14.0,1.0,792,94,8.43,46,0.489,318,3.39,14,92.3,-10.1,None,0,22.2,DS-DDR5-COMPONENT-FAMILY
ANM-D5C-0656,DDR5_COMPONENT,DDR5,COMPONENT,32,,3600,7200,1.1,0,95,4,CL58,82,VFBGA,8Gb x4,,Production,7.5,14.0,1.0,593,255,2.33,0,0.0,262,1.03,38,91.1,-1.4,None,0,29.7,DS-DDR5-COMPONENT-FAMILY
ANM-D5C-0657,DDR5_COMPONENT,DDR5,COMPONENT,24,,3200,6400,1.1,-40,95,4,CL52,78,VFBGA,6Gb x4,,Production,7.5,14.0,1.0,460,164,2.81,391,2.384,673,4.11,56,84.2,-17.5,Constrained,1,80.6,DS-DDR5-COMPONENT-FAMILY
ANM-D5C-0658,DDR5_COMPONENT,DDR5,COMPONENT,32,,2600,5200,1.1,0,95,8,CL42,78,VFBGA,4Gb x8,,Production,7.5,14.0,1.0,254,168,1.51,7,0.042,160,0.96,24,89.4,3.3,Watch,0,17.5,DS-DDR5-COMPONENT-FAMILY
ANM-D5C-0659,DDR5_COMPONENT,DDR5,COMPONENT,32,,2600,5200,1.1,-40,95,16,CL42,82,VFBGA,2Gb x16,,Production,7.5,14.0,1.0,748,249,3.01,224,0.9,573,2.3,30,88.5,11.1,Watch,1,32.3,DS-DDR5-COMPONENT-FAMILY
ANM-D5C-0660,DDR5_COMPONENT,DDR5,COMPONENT,32,,2400,4800,1.1,0,95,4,CL40,78,VFBGA,8Gb x4,,Production,7.5,14.0,1.0,546,205,2.66,11,0.054,676,3.3,44,88.7,-15.6,None,0,57.5,DS-DDR5-COMPONENT-FAMILY
ANM-D5C-0661,DDR5_COMPONENT,DDR5,COMPONENT,16,,2400,4800,1.1,-40,95,16,CL40,102,VFBGA,1Gb x16,,Production,7.5,14.0,1.0,1098,388,2.83,406,1.046,729,1.88,33,97.7,-14.6,Watch,0,41.2,DS-DDR5-COMPONENT-FAMILY
ANM-D5C-0662,DDR5_COMPONENT,DDR5,COMPONENT,16,,2800,5600,1.1,0,95,4,CL46,78,VFBGA,4Gb x4,,Production,7.5,14.0,1.0,237,81,2.93,1,0.012,220,2.73,39,95.9,30.0,Watch,0,39.7,DS-DDR5-COMPONENT-FAMILY
ANM-D5C-0663,DDR5_COMPONENT,DDR5,COMPONENT,16,,3200,6400,1.1,0,95,16,CL52,102,VFBGA,1Gb x16,,Sampling,7.5,14.0,1.0,115,117,0.99,206,1.761,52,0.45,72,81.2,-7.5,Constrained,1,89.4,DS-DDR5-COMPONENT-FAMILY
ANM-D5C-0664,DDR5_COMPONENT,DDR5,COMPONENT,24,,2400,4800,1.1,-40,95,16,CL40,102,VFBGA,1.5Gb x16,,Production,7.5,14.0,1.0,246,258,0.96,0,0.0,219,0.85,38,99.8,52.0,Constrained,1,43.6,DS-DDR5-COMPONENT-FAMILY
ANM-D5C-0665,DDR5_COMPONENT,DDR5,COMPONENT,16,,3600,7200,1.1,0,95,4,CL58,102,VFBGA,4Gb x4,,Production,7.5,14.0,1.0,927,274,3.39,163,0.595,451,1.65,25,92.1,0.6,None,0,40.5,DS-DDR5-COMPONENT-FAMILY
ANM-D5C-0666,DDR5_COMPONENT,DDR5,COMPONENT,32,,2600,5200,1.1,0,95,16,CL42,102,VFBGA,2Gb x16,,Production,7.5,14.0,1.0,275,126,2.19,350,2.778,415,3.3,68,89.7,32.1,Constrained,1,89.9,DS-DDR5-COMPONENT-FAMILY
ANM-D5C-0667,DDR5_COMPONENT,DDR5,COMPONENT,24,,3200,6400,1.1,-40,95,16,CL52,78,VFBGA,1.5Gb x16,,Introduction,7.5,14.0,1.0,455,71,6.41,52,0.732,51,0.72,14,85.9,11.4,Watch,0,16.3,DS-DDR5-COMPONENT-FAMILY
ANM-D5C-0668,DDR5_COMPONENT,DDR5,COMPONENT,32,,2800,5600,1.1,0,95,16,CL46,82,VFBGA,2Gb x16,,Contact Sales,7.5,14.0,1.0,310,112,2.77,102,0.911,326,2.92,30,90.1,17.8,Watch,0,38.6,DS-DDR5-COMPONENT-FAMILY
ANM-D5C-0669,DDR5_COMPONENT,DDR5,COMPONENT,24,,2800,5600,1.1,-40,95,8,CL46,102,VFBGA,3Gb x8,,Production,7.5,14.0,1.0,554,147,3.77,26,0.177,105,0.72,23,95.6,4.9,None,0,25.1,DS-DDR5-COMPONENT-FAMILY
ANM-D5C-0670,DDR5_COMPONENT,DDR5,COMPONENT,24,,3600,7200,1.1,-40,95,16,CL58,82,VFBGA,1.5Gb x16,,Production,7.5,14.0,1.0,1392,205,6.79,377,1.839,565,2.76,40,97.5,-40.0,Constrained,1,56.4,DS-DDR5-COMPONENT-FAMILY
ANM-D5C-0671,DDR5_COMPONENT,DDR5,COMPONENT,32,,2400,4800,1.1,0,95,8,CL40,82,VFBGA,4Gb x8,,Production,7.5,14.0,1.0,1577,295,5.35,1231,4.173,338,1.15,69,76.9,9.8,Constrained,0,106.7,DS-DDR5-COMPONENT-FAMILY
ANM-D5C-0672,DDR5_COMPONENT,DDR5,COMPONENT,16,,2800,5600,1.1,-40,95,4,CL46,78,VFBGA,4Gb x4,,Production,7.5,14.0,1.0,442,110,4.02,0,0.0,34,0.31,14,98.0,-1.5,None,0,12.0,DS-DDR5-COMPONENT-FAMILY
ANM-D5C-0673,DDR5_COMPONENT,DDR5,COMPONENT,16,,2800,5600,1.1,0,95,8,CL46,82,VFBGA,2Gb x8,,Introduction,7.5,14.0,1.0,688,188,3.66,148,0.787,54,0.29,40,91.7,2.3,Watch,1,41.6,DS-DDR5-COMPONENT-FAMILY
ANM-D5C-0674,DDR5_COMPONENT,DDR5,COMPONENT,24,,3600,7200,1.1,0,95,4,CL58,82,VFBGA,6Gb x4,,Production,7.5,14.0,1.0,414,78,5.31,57,0.731,130,1.67,14,91.9,-0.6,Watch,0,26.0,DS-DDR5-COMPONENT-FAMILY
ANM-D5C-0675,DDR5_COMPONENT,DDR5,COMPONENT,32,,3600,7200,1.1,-40,95,4,CL58,102,VFBGA,8Gb x4,,Introduction,7.5,14.0,1.0,1530,384,3.99,863,2.247,123,0.32,58,93.7,-33.5,Constrained,1,86.1,DS-DDR5-COMPONENT-FAMILY
ANM-D5C-0676,DDR5_COMPONENT,DDR5,COMPONENT,16,,2800,5600,1.1,-40,95,8,CL46,78,VFBGA,2Gb x8,,Contact Sales,7.5,14.0,1.0,80,88,0.92,141,1.602,231,2.64,85,85.5,30.7,Constrained,1,97.7,DS-DDR5-COMPONENT-FAMILY
ANM-D5C-0677,DDR5_COMPONENT,DDR5,COMPONENT,32,,3600,7200,1.1,-40,95,4,CL58,82,VFBGA,8Gb x4,,Production,7.5,14.0,1.0,368,199,1.85,0,0.0,91,0.46,33,94.2,19.6,Watch,0,32.5,DS-DDR5-COMPONENT-FAMILY
ANM-D5C-0678,DDR5_COMPONENT,DDR5,COMPONENT,32,,2600,5200,1.1,0,95,8,CL42,78,VFBGA,4Gb x8,,Production,7.5,14.0,1.0,312,373,0.84,605,1.622,2748,7.37,56,86.3,-0.0,Constrained,0,66.4,DS-DDR5-COMPONENT-FAMILY
ANM-D5C-0679,DDR5_COMPONENT,DDR5,COMPONENT,24,,3600,7200,1.1,0,95,16,CL58,82,VFBGA,1.5Gb x16,,Production,7.5,14.0,1.0,673,240,2.81,356,1.483,760,3.17,17,94.8,-13.1,Constrained,1,36.6,DS-DDR5-COMPONENT-FAMILY
ANM-D5C-0680,DDR5_COMPONENT,DDR5,COMPONENT,16,,2800,5600,1.1,-40,95,4,CL46,102,VFBGA,4Gb x4,,Production,7.5,14.0,1.0,933,116,8.05,23,0.198,83,0.72,14,92.2,-25.7,None,1,15.3,DS-DDR5-COMPONENT-FAMILY
ANM-D5C-0681,DDR5_COMPONENT,DDR5,COMPONENT,32,,3200,6400,1.1,0,95,16,CL52,82,VFBGA,2Gb x16,,Production,7.5,14.0,1.0,506,120,4.22,58,0.483,112,0.94,27,94.9,5.8,None,0,30.0,DS-DDR5-COMPONENT-FAMILY
ANM-D5C-0682,DDR5_COMPONENT,DDR5,COMPONENT,32,,3600,7200,1.1,0,95,4,CL58,78,VFBGA,8Gb x4,,Production,7.5,14.0,1.0,348,197,1.77,17,0.086,190,0.97,53,87.1,-0.3,Watch,0,51.7,DS-DDR5-COMPONENT-FAMILY
ANM-D5C-0683,DDR5_COMPONENT,DDR5,COMPONENT,32,,3600,7200,1.1,0,95,4,CL58,82,VFBGA,8Gb x4,,Production,7.5,14.0,1.0,303,148,2.05,314,2.122,396,2.68,67,84.1,15.9,Constrained,1,88.9,DS-DDR5-COMPONENT-FAMILY
ANM-D5C-0684,DDR5_COMPONENT,DDR5,COMPONENT,24,,3600,7200,1.1,0,95,16,CL58,78,VFBGA,1.5Gb x16,,End of Life,7.5,14.0,1.0,279,47,5.94,0,0.0,86,1.84,14,89.2,39.8,Watch,0,18.8,DS-DDR5-COMPONENT-FAMILY
ANM-D5C-0685,DDR5_COMPONENT,DDR5,COMPONENT,24,,3600,7200,1.1,-40,95,4,CL58,78,VFBGA,6Gb x4,,Production,7.5,14.0,1.0,302,96,3.15,264,2.75,321,3.34,32,90.5,-13.4,Constrained,1,57.4,DS-DDR5-COMPONENT-FAMILY
ANM-D5C-0686,DDR5_COMPONENT,DDR5,COMPONENT,32,,2400,4800,1.1,0,95,4,CL40,102,VFBGA,8Gb x4,,End of Life,7.5,14.0,1.0,353,99,3.57,20,0.202,153,1.55,36,85.5,-4.0,None,0,50.7,DS-DDR5-COMPONENT-FAMILY
ANM-D5C-0687,DDR5_COMPONENT,DDR5,COMPONENT,24,,2400,4800,1.1,0,95,8,CL40,82,VFBGA,3Gb x8,,Production,7.5,14.0,1.0,1021,108,9.46,18,0.167,150,1.4,14,94.1,5.2,None,0,19.9,DS-DDR5-COMPONENT-FAMILY
ANM-D5C-0688,DDR5_COMPONENT,DDR5,COMPONENT,32,,3600,7200,1.1,0,95,4,CL58,102,VFBGA,8Gb x4,,Production,7.5,14.0,1.0,56,93,0.61,50,0.538,42,0.46,61,86.9,34.6,Constrained,1,79.6,DS-DDR5-COMPONENT-FAMILY
ANM-D5C-0689,DDR5_COMPONENT,DDR5,COMPONENT,16,,2400,4800,1.1,0,95,8,CL40,78,VFBGA,2Gb x8,,Production,7.5,14.0,1.0,91,155,0.59,0,0.0,821,5.3,67,94.0,-16.2,Constrained,1,66.2,DS-DDR5-COMPONENT-FAMILY
ANM-D5C-0690,DDR5_COMPONENT,DDR5,COMPONENT,32,,3600,7200,1.1,0,95,8,CL58,102,VFBGA,4Gb x8,,End of Life,7.5,14.0,1.0,464,144,3.23,142,0.986,259,1.8,47,92.7,1.9,Watch,1,58.4,DS-DDR5-COMPONENT-FAMILY
ANM-D5C-0691,DDR5_COMPONENT,DDR5,COMPONENT,32,,2800,5600,1.1,-40,95,16,CL46,78,VFBGA,2Gb x16,,Production,7.5,14.0,1.0,334,173,1.93,3,0.017,223,1.29,27,96.7,-7.3,Watch,0,25.8,DS-DDR5-COMPONENT-FAMILY
ANM-D5C-0692,DDR5_COMPONENT,DDR5,COMPONENT,24,,2600,5200,1.1,0,95,8,CL42,82,VFBGA,3Gb x8,,Contact Sales,7.5,14.0,1.0,73,149,0.5,0,0.0,460,3.09,53,95.7,11.2,Constrained,1,54.9,DS-DDR5-COMPONENT-FAMILY
ANM-D5C-0693,DDR5_COMPONENT,DDR5,COMPONENT,16,,2600,5200,1.1,-40,95,16,CL42,78,VFBGA,1Gb x16,,Production,7.5,14.0,1.0,361,118,3.07,69,0.585,650,5.52,16,99.8,4.2,None,0,23.1,DS-DDR5-COMPONENT-FAMILY
ANM-D5C-0694,DDR5_COMPONENT,DDR5,COMPONENT,24,,3200,6400,1.1,0,95,8,CL52,82,VFBGA,3Gb x8,,Production,7.5,14.0,1.0,816,313,2.61,21,0.067,864,2.76,30,97.3,47.7,Watch,0,37.9,DS-DDR5-COMPONENT-FAMILY
ANM-D5C-0695,DDR5_COMPONENT,DDR5,COMPONENT,24,,2600,5200,1.1,-40,95,16,CL42,102,VFBGA,1.5Gb x16,,Production,7.5,14.0,1.0,327,127,2.58,132,1.039,165,1.31,65,90.6,17.9,Watch,1,73.6,DS-DDR5-COMPONENT-FAMILY
ANM-D5C-0696,DDR5_COMPONENT,DDR5,COMPONENT,16,,3600,7200,1.1,0,95,8,CL58,82,VFBGA,2Gb x8,,Contact Sales,7.5,14.0,1.0,2804,314,8.93,125,0.398,982,3.13,16,92.7,19.5,None,0,15.1,DS-DDR5-COMPONENT-FAMILY
ANM-D5C-0697,DDR5_COMPONENT,DDR5,COMPONENT,16,,3200,6400,1.1,0,95,16,CL52,78,VFBGA,1Gb x16,,Production,7.5,14.0,1.0,336,130,2.59,49,0.377,395,3.04,23,90.2,-5.3,None,0,24.5,DS-DDR5-COMPONENT-FAMILY
ANM-D5C-0698,DDR5_COMPONENT,DDR5,COMPONENT,24,,3600,7200,1.1,-40,95,8,CL58,78,VFBGA,3Gb x8,,Production,7.5,14.0,1.0,696,178,3.91,278,1.562,382,2.15,31,87.5,-14.1,Constrained,1,41.3,DS-DDR5-COMPONENT-FAMILY
ANM-D5C-0699,DDR5_COMPONENT,DDR5,COMPONENT,32,,2600,5200,1.1,-40,95,4,CL42,82,VFBGA,8Gb x4,,End of Life,7.5,14.0,1.0,1630,467,3.49,0,0.0,1614,3.46,33,93.5,-4.2,None,0,33.8,DS-DDR5-COMPONENT-FAMILY
ANM-D5C-0700,DDR5_COMPONENT,DDR5,COMPONENT,16,,3600,7200,1.1,-40,95,4,CL58,102,VFBGA,4Gb x4,,Production,7.5,14.0,1.0,876,192,4.56,39,0.203,653,3.4,46,99.8,15.1,None,0,49.1,DS-DDR5-COMPONENT-FAMILY
ANM-D5C-0701,DDR5_COMPONENT,DDR5,COMPONENT,16,,2800,5600,1.1,0,95,4,CL46,82,VFBGA,4Gb x4,,End of Life,7.5,14.0,1.0,261,127,2.06,55,0.433,430,3.39,48,89.1,-4.1,Watch,0,47.4,DS-DDR5-COMPONENT-FAMILY
ANM-D5C-0702,DDR5_COMPONENT,DDR5,COMPONENT,32,,2800,5600,1.1,0,95,4,CL46,78,VFBGA,8Gb x4,,Production,7.5,14.0,1.0,93,94,1.0,113,1.202,14,0.15,71,85.3,-11.8,Constrained,1,87.0,DS-DDR5-COMPONENT-FAMILY
ANM-D5C-0703,DDR5_COMPONENT,DDR5,COMPONENT,32,,3600,7200,1.1,0,95,8,CL58,78,VFBGA,4Gb x8,,Production,7.5,14.0,1.0,876,172,5.09,4,0.023,414,2.41,31,97.0,35.1,Watch,0,32.3,DS-DDR5-COMPONENT-FAMILY
ANM-D5C-0704,DDR5_COMPONENT,DDR5,COMPONENT,32,,3200,6400,1.1,-40,95,4,CL52,78,VFBGA,8Gb x4,,Contact Sales,7.5,14.0,1.0,145,73,1.99,212,2.904,75,1.04,72,88.9,19.2,Constrained,1,101.8,DS-DDR5-COMPONENT-FAMILY
ANM-D5C-0705,DDR5_COMPONENT,DDR5,COMPONENT,16,,2600,5200,1.1,0,95,4,CL42,82,VFBGA,4Gb x4,,Sampling,7.5,14.0,1.0,774,198,3.91,153,0.773,532,2.69,14,90.3,4.8,Watch,1,13.1,DS-DDR5-COMPONENT-FAMILY
ANM-D5C-0706,DDR5_COMPONENT,DDR5,COMPONENT,24,,3200,6400,1.1,0,95,4,CL52,78,VFBGA,6Gb x4,,Production,7.5,14.0,1.0,1014,318,3.19,614,1.931,644,2.03,60,84.0,21.7,Constrained,0,81.5,DS-DDR5-COMPONENT-FAMILY
ANM-D5C-0707,DDR5_COMPONENT,DDR5,COMPONENT,24,,3600,7200,1.1,-40,95,8,CL58,78,VFBGA,3Gb x8,,Production,7.5,14.0,1.0,135,214,0.63,308,1.439,345,1.62,88,82.6,18.1,Constrained,1,100.9,DS-DDR5-COMPONENT-FAMILY
ANM-D5C-0708,DDR5_COMPONENT,DDR5,COMPONENT,32,,3200,6400,1.1,-40,95,16,CL52,102,VFBGA,2Gb x16,,End of Life,7.5,14.0,1.0,353,146,2.42,123,0.842,35,0.24,20,89.5,-21.3,Watch,0,29.3,DS-DDR5-COMPONENT-FAMILY
ANM-D5C-0709,DDR5_COMPONENT,DDR5,COMPONENT,32,,3600,7200,1.1,0,95,16,CL58,82,VFBGA,2Gb x16,,Production,7.5,14.0,1.0,221,75,2.95,12,0.16,140,1.87,14,96.0,35.8,Watch,0,33.1,DS-DDR5-COMPONENT-FAMILY
ANM-D5C-0710,DDR5_COMPONENT,DDR5,COMPONENT,16,,3600,7200,1.1,-40,95,16,CL58,102,VFBGA,1Gb x16,,Production,7.5,14.0,1.0,746,156,4.79,139,0.891,212,1.36,25,96.0,11.2,Watch,0,36.6,DS-DDR5-COMPONENT-FAMILY
ANM-D5C-0711,DDR5_COMPONENT,DDR5,COMPONENT,16,,2600,5200,1.1,-40,95,8,CL42,82,VFBGA,2Gb x8,,Sampling,7.5,14.0,1.0,288,205,1.41,0,0.0,119,0.58,26,88.6,-6.9,Watch,0,26.0,DS-DDR5-COMPONENT-FAMILY
ANM-D5C-0712,DDR5_COMPONENT,DDR5,COMPONENT,16,,3200,6400,1.1,0,95,8,CL52,82,VFBGA,2Gb x8,,Introduction,7.5,14.0,1.0,87,77,1.14,0,0.0,150,1.96,26,88.4,10.6,Constrained,0,31.7,DS-DDR5-COMPONENT-FAMILY
ANM-D5C-0713,DDR5_COMPONENT,DDR5,COMPONENT,32,,3600,7200,1.1,0,95,4,CL58,82,VFBGA,8Gb x4,,Production,7.5,14.0,1.0,356,301,1.18,109,0.362,1367,4.54,14,93.7,38.5,Constrained,1,20.0,DS-DDR5-COMPONENT-FAMILY
ANM-D5C-0714,DDR5_COMPONENT,DDR5,COMPONENT,16,,3200,6400,1.1,0,95,16,CL52,78,VFBGA,1Gb x16,,Production,7.5,14.0,1.0,462,131,3.53,27,0.206,307,2.35,38,87.3,4.4,None,0,29.5,DS-DDR5-COMPONENT-FAMILY
ANM-D5C-0715,DDR5_COMPONENT,DDR5,COMPONENT,32,,2600,5200,1.1,0,95,16,CL42,78,VFBGA,2Gb x16,,Sampling,7.5,14.0,1.0,304,138,2.21,17,0.123,768,5.57,56,94.1,17.6,Watch,0,59.3,DS-DDR5-COMPONENT-FAMILY
ANM-D5C-0716,DDR5_COMPONENT,DDR5,COMPONENT,16,,3600,7200,1.1,-40,95,16,CL58,82,VFBGA,1Gb x16,,Production,7.5,14.0,1.0,32,102,0.32,0,0.0,266,2.61,29,94.2,20.6,Constrained,1,38.4,DS-DDR5-COMPONENT-FAMILY
ANM-D5C-0717,DDR5_COMPONENT,DDR5,COMPONENT,16,,2800,5600,1.1,0,95,16,CL46,78,VFBGA,1Gb x16,,Production,7.5,14.0,1.0,126,137,0.92,0,0.0,331,2.42,39,95.8,2.7,Constrained,0,34.7,DS-DDR5-COMPONENT-FAMILY
ANM-D5C-0718,DDR5_COMPONENT,DDR5,COMPONENT,24,,2800,5600,1.1,-40,95,8,CL46,102,VFBGA,3Gb x8,,Production,7.5,14.0,1.0,558,259,2.16,776,2.996,176,0.68,49,86.5,-19.1,Constrained,0,72.9,DS-DDR5-COMPONENT-FAMILY
ANM-D5C-0719,DDR5_COMPONENT,DDR5,COMPONENT,16,,2400,4800,1.1,-40,95,16,CL40,82,VFBGA,1Gb x16,,Production,7.5,14.0,1.0,105,48,2.19,45,0.938,69,1.45,53,96.6,23.0,Watch,0,66.7,DS-DDR5-COMPONENT-FAMILY
ANM-D5C-0720,DDR5_COMPONENT,DDR5,COMPONENT,16,,3600,7200,1.1,0,95,8,CL58,102,VFBGA,2Gb x8,,Production,7.5,14.0,1.0,198,149,1.33,240,1.611,281,1.89,22,91.7,24.8,Constrained,1,33.2,DS-DDR5-COMPONENT-FAMILY
ANM-D5C-0721,DDR5_COMPONENT,DDR5,COMPONENT,24,,2400,4800,1.1,0,95,16,CL40,102,VFBGA,1.5Gb x16,,Production,7.5,14.0,1.0,791,147,5.38,0,0.0,185,1.27,14,89.5,21.5,None,0,21.0,DS-DDR5-COMPONENT-FAMILY
ANM-D5C-0722,DDR5_COMPONENT,DDR5,COMPONENT,16,,2400,4800,1.1,0,95,4,CL40,102,VFBGA,4Gb x4,,Production,7.5,14.0,1.0,113,181,0.63,23,0.127,387,2.14,41,99.5,10.8,Constrained,1,39.5,DS-DDR5-COMPONENT-FAMILY
ANM-D5C-0723,DDR5_COMPONENT,DDR5,COMPONENT,16,,3600,7200,1.1,-40,95,16,CL58,78,VFBGA,1Gb x16,,Production,7.5,14.0,1.0,115,65,1.78,0,0.0,95,1.46,49,96.7,3.5,Watch,0,55.4,DS-DDR5-COMPONENT-FAMILY
ANM-D5C-0724,DDR5_COMPONENT,DDR5,COMPONENT,16,,2600,5200,1.1,-40,95,16,CL42,82,VFBGA,1Gb x16,,Sampling,7.5,14.0,1.0,326,213,1.53,152,0.714,265,1.24,48,95.1,6.1,Watch,1,56.4,DS-DDR5-COMPONENT-FAMILY
ANM-D5C-0725,DDR5_COMPONENT,DDR5,COMPONENT,16,,2400,4800,1.1,-40,95,8,CL40,82,VFBGA,2Gb x8,,Introduction,7.5,14.0,1.0,122,129,0.95,256,1.984,110,0.86,74,89.1,1.7,Constrained,1,91.6,DS-DDR5-COMPONENT-FAMILY
ANM-D5C-0726,DDR5_COMPONENT,DDR5,COMPONENT,32,,2400,4800,1.1,-40,95,8,CL40,78,VFBGA,4Gb x8,,Production,7.5,14.0,1.0,289,193,1.5,0,0.0,562,2.91,33,92.6,3.7,Watch,0,31.0,DS-DDR5-COMPONENT-FAMILY
ANM-D5C-0727,DDR5_COMPONENT,DDR5,COMPONENT,32,,3200,6400,1.1,0,95,16,CL52,102,VFBGA,2Gb x16,,Production,7.5,14.0,1.0,140,48,2.92,99,2.062,27,0.56,33,89.4,-10.4,Constrained,1,51.2,DS-DDR5-COMPONENT-FAMILY
ANM-D5C-0728,DDR5_COMPONENT,DDR5,COMPONENT,32,,3600,7200,1.1,-40,95,4,CL58,82,VFBGA,8Gb x4,,Production,7.5,14.0,1.0,157,95,1.66,92,0.968,152,1.61,48,96.3,-11.5,Watch,1,52.5,DS-DDR5-COMPONENT-FAMILY
ANM-D5C-0729,DDR5_COMPONENT,DDR5,COMPONENT,32,,3600,7200,1.1,-40,95,16,CL58,102,VFBGA,2Gb x16,,Production,7.5,14.0,1.0,295,219,1.35,584,2.667,233,1.07,87,78.7,-33.2,Constrained,1,115.5,DS-DDR5-COMPONENT-FAMILY
ANM-D5C-0730,DDR5_COMPONENT,DDR5,COMPONENT,32,,3200,6400,1.1,0,95,8,CL52,102,VFBGA,4Gb x8,,Production,7.5,14.0,1.0,337,116,2.91,68,0.586,413,3.57,22,86.2,-33.0,None,0,22.4,DS-DDR5-COMPONENT-FAMILY
ANM-D5C-0731,DDR5_COMPONENT,DDR5,COMPONENT,16,,2400,4800,1.1,0,95,8,CL40,102,VFBGA,2Gb x8,,End of Life,7.5,14.0,1.0,758,129,5.88,141,1.093,92,0.72,16,93.4,20.1,Watch,0,32.1,DS-DDR5-COMPONENT-FAMILY
ANM-D5C-0732,DDR5_COMPONENT,DDR5,COMPONENT,24,,2800,5600,1.1,0,95,16,CL46,102,VFBGA,1.5Gb x16,,Production,7.5,14.0,1.0,170,84,2.02,0,0.0,70,0.84,25,96.5,2.0,Watch,0,16.7,DS-DDR5-COMPONENT-FAMILY
ANM-D5C-0733,DDR5_COMPONENT,DDR5,COMPONENT,16,,2800,5600,1.1,-40,95,8,CL46,78,VFBGA,2Gb x8,,Production,7.5,14.0,1.0,187,65,2.88,56,0.862,48,0.75,51,95.0,-5.0,Watch,1,61.7,DS-DDR5-COMPONENT-FAMILY
ANM-D5C-0734,DDR5_COMPONENT,DDR5,COMPONENT,32,,3600,7200,1.1,0,95,16,CL58,78,VFBGA,2Gb x16,,Production,7.5,14.0,1.0,327,130,2.52,38,0.292,566,4.36,55,96.7,-16.4,None,0,61.6,DS-DDR5-COMPONENT-FAMILY
ANM-D5C-0735,DDR5_COMPONENT,DDR5,COMPONENT,32,,3200,6400,1.1,0,95,8,CL52,82,VFBGA,4Gb x8,,Production,7.5,14.0,1.0,1143,259,4.41,6,0.023,305,1.18,14,90.4,10.0,None,0,10.0,DS-DDR5-COMPONENT-FAMILY
ANM-D5C-0736,DDR5_COMPONENT,DDR5,COMPONENT,32,,2800,5600,1.1,-40,95,8,CL46,102,VFBGA,4Gb x8,,Production,7.5,14.0,1.0,466,129,3.62,113,0.876,110,0.86,53,89.9,43.6,Watch,0,56.7,DS-DDR5-COMPONENT-FAMILY
ANM-D5C-0737,DDR5_COMPONENT,DDR5,COMPONENT,24,,3600,7200,1.1,0,95,16,CL58,102,VFBGA,1.5Gb x16,,Production,7.5,14.0,1.0,407,63,6.46,45,0.714,107,1.7,14,91.9,6.1,Watch,0,13.3,DS-DDR5-COMPONENT-FAMILY
ANM-D5C-0738,DDR5_COMPONENT,DDR5,COMPONENT,24,,2400,4800,1.1,-40,95,4,CL40,82,VFBGA,6Gb x4,,End of Life,7.5,14.0,1.0,2678,658,4.07,0,0.0,3100,4.71,16,92.9,15.6,None,0,26.9,DS-DDR5-COMPONENT-FAMILY
ANM-D5C-0739,DDR5_COMPONENT,DDR5,COMPONENT,16,,3600,7200,1.1,-40,95,16,CL58,102,VFBGA,1Gb x16,,Production,7.5,14.0,1.0,1052,215,4.89,94,0.437,408,1.9,34,89.8,5.0,None,0,39.6,DS-DDR5-COMPONENT-FAMILY
ANM-D5C-0740,DDR5_COMPONENT,DDR5,COMPONENT,24,,2800,5600,1.1,0,95,16,CL46,82,VFBGA,1.5Gb x16,,Production,7.5,14.0,1.0,914,87,10.51,154,1.77,33,0.39,14,83.0,1.8,Constrained,0,40.1,DS-DDR5-COMPONENT-FAMILY
ANM-D5C-0741,DDR5_COMPONENT,DDR5,COMPONENT,24,,3200,6400,1.1,0,95,8,CL52,78,VFBGA,3Gb x8,,Production,7.5,14.0,1.0,1152,346,3.33,430,1.243,441,1.27,36,92.0,18.7,Watch,0,53.4,DS-DDR5-COMPONENT-FAMILY
ANM-D5C-0742,DDR5_COMPONENT,DDR5,COMPONENT,16,,2400,4800,1.1,0,95,8,CL40,102,VFBGA,2Gb x8,,Production,7.5,14.0,1.0,337,262,1.29,395,1.508,309,1.18,84,89.7,23.3,Constrained,1,103.0,DS-DDR5-COMPONENT-FAMILY
ANM-D5C-0743,DDR5_COMPONENT,DDR5,COMPONENT,24,,3600,7200,1.1,-40,95,8,CL58,78,VFBGA,3Gb x8,,Introduction,7.5,14.0,1.0,265,94,2.82,0,0.0,97,1.04,14,92.7,6.6,None,0,10.0,DS-DDR5-COMPONENT-FAMILY
ANM-D5C-0744,DDR5_COMPONENT,DDR5,COMPONENT,32,,2600,5200,1.1,0,95,4,CL42,82,VFBGA,8Gb x4,,Sampling,7.5,14.0,1.0,160,93,1.73,181,1.946,68,0.73,29,92.0,17.0,Constrained,1,51.9,DS-DDR5-COMPONENT-FAMILY
ANM-D5C-0745,DDR5_COMPONENT,DDR5,COMPONENT,16,,2800,5600,1.1,0,95,4,CL46,82,VFBGA,4Gb x4,,Contact Sales,7.5,14.0,1.0,447,111,4.03,18,0.162,198,1.79,16,94.6,21.3,None,1,25.5,DS-DDR5-COMPONENT-FAMILY
ANM-D5C-0746,DDR5_COMPONENT,DDR5,COMPONENT,32,,2800,5600,1.1,-40,95,4,CL46,82,VFBGA,8Gb x4,,Production,7.5,14.0,1.0,353,143,2.47,166,1.161,234,1.64,29,99.3,-26.3,Watch,1,37.0,DS-DDR5-COMPONENT-FAMILY
ANM-D5C-0747,DDR5_COMPONENT,DDR5,COMPONENT,32,,2800,5600,1.1,0,95,8,CL46,78,VFBGA,4Gb x8,,Production,7.5,14.0,1.0,928,173,5.37,0,0.0,273,1.58,14,92.7,40.0,Watch,1,16.9,DS-DDR5-COMPONENT-FAMILY
ANM-D5C-0748,DDR5_COMPONENT,DDR5,COMPONENT,32,,3600,7200,1.1,0,95,16,CL58,102,VFBGA,2Gb x16,,Production,7.5,14.0,1.0,742,180,4.13,0,0.0,527,2.93,22,87.0,14.6,None,0,10.0,DS-DDR5-COMPONENT-FAMILY
ANM-D5C-0749,DDR5_COMPONENT,DDR5,COMPONENT,16,,2800,5600,1.1,0,95,16,CL46,78,VFBGA,1Gb x16,,Production,7.5,14.0,1.0,618,84,7.36,13,0.155,50,0.6,14,96.4,31.5,Watch,0,28.1,DS-DDR5-COMPONENT-FAMILY
ANM-D5C-0750,DDR5_COMPONENT,DDR5,COMPONENT,32,,3200,6400,1.1,0,95,4,CL52,82,VFBGA,8Gb x4,,Contact Sales,7.5,14.0,1.0,1026,717,1.43,1732,2.416,1568,2.19,62,84.0,2.9,Constrained,1,80.4,DS-DDR5-COMPONENT-FAMILY
ANM-D5C-0751,DDR5_COMPONENT,DDR5,COMPONENT,24,,2400,4800,1.1,-40,95,4,CL40,78,VFBGA,6Gb x4,,Sampling,7.5,14.0,1.0,433,68,6.38,62,0.912,82,1.21,14,87.2,-30.8,Watch,0,20.7,DS-DDR5-COMPONENT-FAMILY
ANM-D5C-0752,DDR5_COMPONENT,DDR5,COMPONENT,32,,3200,6400,1.1,-40,95,16,CL52,82,VFBGA,2Gb x16,,Introduction,7.5,14.0,1.0,818,308,2.66,104,0.338,699,2.27,18,90.9,-5.4,None,0,33.3,DS-DDR5-COMPONENT-FAMILY
ANM-D5C-0753,DDR5_COMPONENT,DDR5,COMPONENT,32,,3600,7200,1.1,-40,95,4,CL58,78,VFBGA,8Gb x4,,Introduction,7.5,14.0,1.0,1329,295,4.51,201,0.681,665,2.26,22,92.0,-0.9,None,0,26.3,DS-DDR5-COMPONENT-FAMILY
ANM-D5C-0754,DDR5_COMPONENT,DDR5,COMPONENT,24,,2400,4800,1.1,-40,95,8,CL40,82,VFBGA,3Gb x8,,Production,7.5,14.0,1.0,397,101,3.94,66,0.653,260,2.58,34,95.0,17.7,None,1,40.6,DS-DDR5-COMPONENT-FAMILY
ANM-D5C-0755,DDR5_COMPONENT,DDR5,COMPONENT,32,,2800,5600,1.1,-40,95,8,CL46,102,VFBGA,4Gb x8,,Contact Sales,7.5,14.0,1.0,120,198,0.61,131,0.662,69,0.35,44,97.5,0.6,Constrained,1,54.0,DS-DDR5-COMPONENT-FAMILY
ANM-D5C-0756,DDR5_COMPONENT,DDR5,COMPONENT,24,,3200,6400,1.1,0,95,8,CL52,82,VFBGA,3Gb x8,,Production,7.5,14.0,1.0,473,43,11.0,22,0.512,175,4.08,14,90.5,-5.9,None,0,16.9,DS-DDR5-COMPONENT-FAMILY
ANM-D5C-0757,DDR5_COMPONENT,DDR5,COMPONENT,16,,2800,5600,1.1,0,95,8,CL46,82,VFBGA,2Gb x8,,Introduction,7.5,14.0,1.0,1760,305,5.77,410,1.344,460,1.51,14,93.9,-0.9,Constrained,0,20.0,DS-DDR5-COMPONENT-FAMILY
ANM-D5C-0758,DDR5_COMPONENT,DDR5,COMPONENT,24,,3600,7200,1.1,0,95,16,CL58,102,VFBGA,1.5Gb x16,,Production,7.5,14.0,1.0,2966,312,9.51,40,0.128,466,1.5,16,91.7,-8.8,None,0,13.6,DS-DDR5-COMPONENT-FAMILY
ANM-D5C-0759,DDR5_COMPONENT,DDR5,COMPONENT,16,,3600,7200,1.1,0,95,4,CL58,82,VFBGA,4Gb x4,,Production,7.5,14.0,1.0,146,118,1.24,21,0.178,382,3.24,28,91.4,5.4,Watch,1,31.9,DS-DDR5-COMPONENT-FAMILY
ANM-D5C-0760,DDR5_COMPONENT,DDR5,COMPONENT,32,,3600,7200,1.1,-40,95,8,CL58,102,VFBGA,4Gb x8,,Production,7.5,14.0,1.0,396,86,4.61,0,0.0,142,1.66,14,93.9,-10.4,None,0,14.6,DS-DDR5-COMPONENT-FAMILY
ANM-D5C-0761,DDR5_COMPONENT,DDR5,COMPONENT,32,,2400,4800,1.1,-40,95,16,CL40,102,VFBGA,2Gb x16,,Production,7.5,14.0,1.0,446,191,2.34,314,1.644,281,1.47,40,97.9,9.9,Constrained,1,52.5,DS-DDR5-COMPONENT-FAMILY
ANM-D5C-0762,DDR5_COMPONENT,DDR5,COMPONENT,16,,3200,6400,1.1,-40,95,4,CL52,78,VFBGA,4Gb x4,,Production,7.5,14.0,1.0,3464,368,9.41,419,1.139,527,1.43,18,93.3,24.7,Watch,0,32.3,DS-DDR5-COMPONENT-FAMILY
ANM-D5C-0763,DDR5_COMPONENT,DDR5,COMPONENT,32,,3200,6400,1.1,-40,95,8,CL52,78,VFBGA,4Gb x8,,Production,7.5,14.0,1.0,585,242,2.42,85,0.351,347,1.44,23,90.0,42.2,Watch,1,36.5,DS-DDR5-COMPONENT-FAMILY
ANM-D5C-0764,DDR5_COMPONENT,DDR5,COMPONENT,32,,2400,4800,1.1,0,95,4,CL40,102,VFBGA,8Gb x4,,Production,7.5,14.0,1.0,74,39,1.9,11,0.282,23,0.61,53,81.9,4.8,Watch,0,51.6,DS-DDR5-COMPONENT-FAMILY
ANM-D5C-0765,DDR5_COMPONENT,DDR5,COMPONENT,24,,2600,5200,1.1,-40,95,4,CL42,102,VFBGA,6Gb x4,,Introduction,7.5,14.0,1.0,188,100,1.89,17,0.17,400,4.01,30,99.8,-24.0,Watch,0,23.5,DS-DDR5-COMPONENT-FAMILY
ANM-D5C-0766,DDR5_COMPONENT,DDR5,COMPONENT,24,,2800,5600,1.1,0,95,4,CL46,78,VFBGA,6Gb x4,,Contact Sales,7.5,14.0,1.0,1440,141,10.21,54,0.383,223,1.58,14,94.3,7.2,None,1,19.9,DS-DDR5-COMPONENT-FAMILY
ANM-D5C-0767,DDR5_COMPONENT,DDR5,COMPONENT,32,,2400,4800,1.1,-40,95,4,CL40,82,VFBGA,8Gb x4,,Contact Sales,7.5,14.0,1.0,431,99,4.36,0,0.0,158,1.6,14,92.0,-5.7,None,0,16.1,DS-DDR5-COMPONENT-FAMILY
ANM-D5C-0768,DDR5_COMPONENT,DDR5,COMPONENT,32,,3600,7200,1.1,-40,95,8,CL58,82,VFBGA,4Gb x8,,Production,7.5,14.0,1.0,364,155,2.35,3,0.019,175,1.13,38,99.0,11.8,None,0,28.9,DS-DDR5-COMPONENT-FAMILY
ANM-D5C-0769,DDR5_COMPONENT,DDR5,COMPONENT,32,,2600,5200,1.1,0,95,8,CL42,102,VFBGA,4Gb x8,,Production,7.5,14.0,1.0,312,172,1.82,77,0.448,192,1.12,29,89.5,-33.3,Watch,0,34.3,DS-DDR5-COMPONENT-FAMILY
ANM-D5C-0770,DDR5_COMPONENT,DDR5,COMPONENT,24,,2600,5200,1.1,0,95,8,CL42,78,VFBGA,3Gb x8,,Production,7.5,14.0,1.0,822,141,5.84,279,1.979,289,2.05,41,81.2,1.7,Constrained,1,54.6,DS-DDR5-COMPONENT-FAMILY
ANM-D5C-0771,DDR5_COMPONENT,DDR5,COMPONENT,32,,3200,6400,1.1,-40,95,16,CL52,78,VFBGA,2Gb x16,,Production,7.5,14.0,1.0,114,79,1.45,61,0.772,76,0.97,29,95.1,2.1,Watch,0,33.9,DS-DDR5-COMPONENT-FAMILY
ANM-D5C-0772,DDR5_COMPONENT,DDR5,COMPONENT,24,,3600,7200,1.1,0,95,8,CL58,102,VFBGA,3Gb x8,,Production,7.5,14.0,1.0,516,151,3.42,15,0.099,220,1.46,17,91.8,-29.7,None,0,12.0,DS-DDR5-COMPONENT-FAMILY
ANM-D5C-0773,DDR5_COMPONENT,DDR5,COMPONENT,24,,2800,5600,1.1,0,95,4,CL46,102,VFBGA,6Gb x4,,Production,7.5,14.0,1.0,138,49,2.82,56,1.143,31,0.64,14,93.2,0.5,Watch,0,24.2,DS-DDR5-COMPONENT-FAMILY
ANM-D5C-0774,DDR5_COMPONENT,DDR5,COMPONENT,32,,2600,5200,1.1,-40,95,16,CL42,102,VFBGA,2Gb x16,,Production,7.5,14.0,1.0,299,88,3.4,0,0.0,114,1.3,53,92.7,19.9,None,1,59.5,DS-DDR5-COMPONENT-FAMILY
ANM-D5C-0775,DDR5_COMPONENT,DDR5,COMPONENT,16,,3600,7200,1.1,-40,95,8,CL58,102,VFBGA,2Gb x8,,Production,7.5,14.0,1.0,223,88,2.54,56,0.636,162,1.85,62,95.0,-13.6,None,0,68.9,DS-DDR5-COMPONENT-FAMILY
ANM-D5C-0776,DDR5_COMPONENT,DDR5,COMPONENT,16,,3600,7200,1.1,-40,95,8,CL58,102,VFBGA,2Gb x8,,Contact Sales,7.5,14.0,1.0,140,70,2.01,0,0.0,139,2.0,41,95.1,-6.1,Watch,1,42.7,DS-DDR5-COMPONENT-FAMILY
ANM-D5C-0777,DDR5_COMPONENT,DDR5,COMPONENT,24,,2400,4800,1.1,-40,95,16,CL40,82,VFBGA,1.5Gb x16,,Production,7.5,14.0,1.0,219,110,1.99,0,0.0,189,1.72,17,96.2,9.1,Watch,1,14.8,DS-DDR5-COMPONENT-FAMILY
ANM-D5C-0778,DDR5_COMPONENT,DDR5,COMPONENT,24,,3600,7200,1.1,-40,95,8,CL58,82,VFBGA,3Gb x8,,End of Life,7.5,14.0,1.0,92,31,2.97,34,1.097,26,0.85,44,87.7,2.0,Watch,0,52.8,DS-DDR5-COMPONENT-FAMILY
ANM-D5C-0779,DDR5_COMPONENT,DDR5,COMPONENT,24,,2600,5200,1.1,-40,95,4,CL42,78,VFBGA,6Gb x4,,Production,7.5,14.0,1.0,1025,297,3.45,5,0.017,301,1.02,40,87.5,27.0,Watch,0,43.8,DS-DDR5-COMPONENT-FAMILY
ANM-D5C-0780,DDR5_COMPONENT,DDR5,COMPONENT,32,,2400,4800,1.1,-40,95,16,CL40,82,VFBGA,2Gb x16,,Production,7.5,14.0,1.0,762,246,3.1,103,0.419,911,3.7,32,95.5,21.0,None,1,41.1,DS-DDR5-COMPONENT-FAMILY
ANM-D5C-0781,DDR5_COMPONENT,DDR5,COMPONENT,16,,2800,5600,1.1,0,95,8,CL46,82,VFBGA,2Gb x8,,Contact Sales,7.5,14.0,1.0,324,118,2.75,57,0.483,192,1.63,48,90.0,5.2,None,1,53.6,DS-DDR5-COMPONENT-FAMILY
ANM-D5C-0782,DDR5_COMPONENT,DDR5,COMPONENT,16,,3600,7200,1.1,0,95,4,CL58,82,VFBGA,4Gb x4,,Introduction,7.5,14.0,1.0,1115,375,2.97,1262,3.365,291,0.78,60,86.4,-24.1,Constrained,1,88.7,DS-DDR5-COMPONENT-FAMILY
ANM-D5C-0783,DDR5_COMPONENT,DDR5,COMPONENT,32,,2600,5200,1.1,0,95,8,CL42,82,VFBGA,4Gb x8,,End of Life,7.5,14.0,1.0,776,179,4.34,173,0.966,176,0.98,35,85.8,8.5,Watch,0,57.0,DS-DDR5-COMPONENT-FAMILY
ANM-D5C-0784,DDR5_COMPONENT,DDR5,COMPONENT,32,,2600,5200,1.1,-40,95,8,CL42,78,VFBGA,4Gb x8,,Production,7.5,14.0,1.0,457,80,5.72,4,0.05,97,1.22,17,92.1,43.3,Watch,0,21.2,DS-DDR5-COMPONENT-FAMILY
ANM-D5C-0785,DDR5_COMPONENT,DDR5,COMPONENT,16,,2600,5200,1.1,-40,95,16,CL42,102,VFBGA,1Gb x16,,Production,7.5,14.0,1.0,645,222,2.91,0,0.0,686,3.09,38,91.0,31.7,Watch,0,40.3,DS-DDR5-COMPONENT-FAMILY
ANM-D5C-0786,DDR5_COMPONENT,DDR5,COMPONENT,16,,2600,5200,1.1,-40,95,8,CL42,82,VFBGA,2Gb x8,,Production,7.5,14.0,1.0,310,448,0.69,115,0.257,1118,2.5,89,91.6,-15.0,Constrained,0,82.0,DS-DDR5-COMPONENT-FAMILY
ANM-D5C-0787,DDR5_COMPONENT,DDR5,COMPONENT,32,,2600,5200,1.1,-40,95,8,CL42,82,VFBGA,4Gb x8,,Production,7.5,14.0,1.0,262,84,3.13,164,1.952,97,1.15,53,81.1,-5.9,Constrained,0,73.5,DS-DDR5-COMPONENT-FAMILY
ANM-D5C-0788,DDR5_COMPONENT,DDR5,COMPONENT,16,,2800,5600,1.1,-40,95,8,CL46,102,VFBGA,2Gb x8,,Production,7.5,14.0,1.0,103,103,1.0,3,0.029,175,1.71,45,91.8,-3.0,Constrained,1,39.5,DS-DDR5-COMPONENT-FAMILY
ANM-D5C-0789,DDR5_COMPONENT,DDR5,COMPONENT,32,,2800,5600,1.1,-40,95,8,CL46,82,VFBGA,4Gb x8,,Production,7.5,14.0,1.0,2039,182,11.2,203,1.115,127,0.7,15,84.6,-35.8,Watch,1,36.0,DS-DDR5-COMPONENT-FAMILY
ANM-D5C-0790,DDR5_COMPONENT,DDR5,COMPONENT,32,,3600,7200,1.1,-40,95,8,CL58,102,VFBGA,4Gb x8,,Production,7.5,14.0,1.0,287,157,1.83,32,0.204,821,5.23,24,96.6,43.4,Watch,0,34.9,DS-DDR5-COMPONENT-FAMILY
ANM-D5C-0791,DDR5_COMPONENT,DDR5,COMPONENT,32,,2800,5600,1.1,0,95,16,CL46,102,VFBGA,2Gb x16,,Production,7.5,14.0,1.0,2339,261,8.96,188,0.72,1018,3.9,14,92.4,-6.6,Watch,1,11.7,DS-DDR5-COMPONENT-FAMILY
ANM-D5C-0792,DDR5_COMPONENT,DDR5,COMPONENT,16,,2400,4800,1.1,0,95,8,CL40,102,VFBGA,2Gb x8,,Production,7.5,14.0,1.0,303,96,3.17,0,0.0,373,3.89,35,93.2,19.1,None,0,32.8,DS-DDR5-COMPONENT-FAMILY
ANM-D5C-0793,DDR5_COMPONENT,DDR5,COMPONENT,24,,2800,5600,1.1,0,95,4,CL46,102,VFBGA,6Gb x4,,Production,7.5,14.0,1.0,49,113,0.44,0,0.0,178,1.58,63,92.3,18.5,Constrained,0,68.9,DS-DDR5-COMPONENT-FAMILY
ANM-D5C-0794,DDR5_COMPONENT,DDR5,COMPONENT,32,,2600,5200,1.1,0,95,16,CL42,78,VFBGA,2Gb x16,,Contact Sales,7.5,14.0,1.0,892,191,4.67,66,0.346,193,1.01,34,93.6,0.9,None,1,37.6,DS-DDR5-COMPONENT-FAMILY
ANM-D5C-0795,DDR5_COMPONENT,DDR5,COMPONENT,32,,3600,7200,1.1,0,95,4,CL58,82,VFBGA,8Gb x4,,Production,7.5,14.0,1.0,1739,147,11.83,0,0.0,162,1.1,14,88.9,35.6,Watch,0,21.5,DS-DDR5-COMPONENT-FAMILY
ANM-D5C-0796,DDR5_COMPONENT,DDR5,COMPONENT,16,,3200,6400,1.1,-40,95,8,CL52,82,VFBGA,2Gb x8,,Production,7.5,14.0,1.0,452,117,3.87,308,2.632,46,0.4,52,88.7,8.6,Constrained,1,72.9,DS-DDR5-COMPONENT-FAMILY
ANM-D5C-0797,DDR5_COMPONENT,DDR5,COMPONENT,16,,3200,6400,1.1,-40,95,8,CL52,82,VFBGA,2Gb x8,,End of Life,7.5,14.0,1.0,585,116,5.04,81,0.698,498,4.29,28,87.2,-24.8,None,0,39.2,DS-DDR5-COMPONENT-FAMILY
ANM-D5C-0798,DDR5_COMPONENT,DDR5,COMPONENT,24,,2400,4800,1.1,0,95,8,CL40,78,VFBGA,3Gb x8,,Production,7.5,14.0,1.0,308,150,2.06,0,0.0,446,2.97,38,94.5,-22.2,Watch,1,45.6,DS-DDR5-COMPONENT-FAMILY
ANM-D5C-0799,DDR5_COMPONENT,DDR5,COMPONENT,32,,3200,6400,1.1,0,95,4,CL52,102,VFBGA,8Gb x4,,Production,7.5,14.0,1.0,337,181,1.86,0,0.0,755,4.17,27,96.0,-25.1,Watch,1,26.0,DS-DDR5-COMPONENT-FAMILY
ANM-D5C-0800,DDR5_COMPONENT,DDR5,COMPONENT,16,,3600,7200,1.1,-40,95,16,CL58,78,VFBGA,1Gb x16,,Contact Sales,7.5,14.0,1.0,977,252,3.88,141,0.56,827,3.28,14,99.0,-16.8,None,0,31.2,DS-DDR5-COMPONENT-FAMILY
ANM-D5C-0801,DDR5_COMPONENT,DDR5,COMPONENT,32,,2400,4800,1.1,-40,95,4,CL40,78,VFBGA,8Gb x4,,Sampling,7.5,14.0,1.0,457,476,0.96,48,0.101,889,1.87,30,91.7,9.2,Constrained,0,36.6,DS-DDR5-COMPONENT-FAMILY
ANM-D5C-0802,DDR5_COMPONENT,DDR5,COMPONENT,32,,2400,4800,1.1,-40,95,16,CL40,82,VFBGA,2Gb x16,,Production,7.5,14.0,1.0,156,106,1.47,17,0.16,463,4.37,47,89.8,7.9,Watch,0,48.7,DS-DDR5-COMPONENT-FAMILY
ANM-D5C-0803,DDR5_COMPONENT,DDR5,COMPONENT,16,,3600,7200,1.1,0,95,4,CL58,102,VFBGA,4Gb x4,,Introduction,7.5,14.0,1.0,1001,391,2.56,108,0.276,676,1.73,20,99.8,12.6,None,0,23.8,DS-DDR5-COMPONENT-FAMILY
ANM-D5C-0804,DDR5_COMPONENT,DDR5,COMPONENT,32,,3600,7200,1.1,-40,95,8,CL58,82,VFBGA,4Gb x8,,Production,7.5,14.0,1.0,295,85,3.47,28,0.329,220,2.6,14,97.0,4.4,None,0,12.7,DS-DDR5-COMPONENT-FAMILY
ANM-D5C-0805,DDR5_COMPONENT,DDR5,COMPONENT,32,,2400,4800,1.1,-40,95,8,CL40,82,VFBGA,4Gb x8,,Sampling,7.5,14.0,1.0,578,355,1.63,483,1.361,390,1.1,33,87.7,2.6,Constrained,1,54.9,DS-DDR5-COMPONENT-FAMILY
ANM-D5C-0806,DDR5_COMPONENT,DDR5,COMPONENT,16,,2600,5200,1.1,0,95,16,CL42,102,VFBGA,1Gb x16,,Production,7.5,14.0,1.0,190,103,1.85,4,0.039,257,2.5,47,94.7,1.4,Watch,0,52.4,DS-DDR5-COMPONENT-FAMILY
ANM-D5C-0807,DDR5_COMPONENT,DDR5,COMPONENT,16,,2800,5600,1.1,0,95,8,CL46,102,VFBGA,2Gb x8,,Production,7.5,14.0,1.0,343,145,2.37,422,2.91,371,2.56,73,82.4,26.8,Constrained,1,101.4,DS-DDR5-COMPONENT-FAMILY
ANM-D5C-0808,DDR5_COMPONENT,DDR5,COMPONENT,16,,3600,7200,1.1,-40,95,4,CL58,78,VFBGA,4Gb x4,,Introduction,7.5,14.0,1.0,265,139,1.91,141,1.014,122,0.88,40,82.2,-8.4,Watch,0,63.2,DS-DDR5-COMPONENT-FAMILY
ANM-D5C-0809,DDR5_COMPONENT,DDR5,COMPONENT,24,,3600,7200,1.1,0,95,8,CL58,82,VFBGA,3Gb x8,,Production,7.5,14.0,1.0,869,107,8.12,153,1.43,77,0.72,18,92.0,8.3,Constrained,0,35.4,DS-DDR5-COMPONENT-FAMILY
ANM-D5C-0810,DDR5_COMPONENT,DDR5,COMPONENT,16,,3200,6400,1.1,0,95,4,CL52,102,VFBGA,4Gb x4,,Contact Sales,7.5,14.0,1.0,396,117,3.39,183,1.564,103,0.89,41,88.6,-14.0,Constrained,1,48.1,DS-DDR5-COMPONENT-FAMILY
ANM-D5C-0811,DDR5_COMPONENT,DDR5,COMPONENT,32,,3600,7200,1.1,0,95,4,CL58,102,VFBGA,8Gb x4,,Production,7.5,14.0,1.0,492,290,1.7,402,1.386,301,1.04,37,84.1,12.6,Constrained,1,60.0,DS-DDR5-COMPONENT-FAMILY
ANM-D5C-0812,DDR5_COMPONENT,DDR5,COMPONENT,24,,3600,7200,1.1,0,95,4,CL58,78,VFBGA,6Gb x4,,Production,7.5,14.0,1.0,1357,297,4.57,252,0.848,803,2.71,15,94.0,-0.3,Watch,1,10.0,DS-DDR5-COMPONENT-FAMILY
ANM-D5C-0813,DDR5_COMPONENT,DDR5,COMPONENT,24,,2400,4800,1.1,0,95,8,CL40,78,VFBGA,3Gb x8,,Production,7.5,14.0,1.0,302,183,1.65,88,0.481,609,3.33,20,89.6,13.5,Watch,0,26.5,DS-DDR5-COMPONENT-FAMILY
ANM-D5C-0814,DDR5_COMPONENT,DDR5,COMPONENT,32,,2600,5200,1.1,0,95,4,CL42,82,VFBGA,8Gb x4,,Introduction,7.5,14.0,1.0,815,249,3.27,395,1.586,350,1.41,34,87.7,8.8,Constrained,0,56.6,DS-DDR5-COMPONENT-FAMILY
ANM-D5C-0815,DDR5_COMPONENT,DDR5,COMPONENT,32,,3200,6400,1.1,0,95,8,CL52,82,VFBGA,4Gb x8,,Introduction,7.5,14.0,1.0,257,148,1.74,248,1.676,325,2.2,43,90.6,11.4,Constrained,0,67.1,DS-DDR5-COMPONENT-FAMILY
ANM-D5C-0816,DDR5_COMPONENT,DDR5,COMPONENT,16,,3600,7200,1.1,-40,95,4,CL58,78,VFBGA,4Gb x4,,Production,7.5,14.0,1.0,519,137,3.79,0,0.0,207,1.52,25,99.8,-6.8,None,0,22.9,DS-DDR5-COMPONENT-FAMILY
ANM-D5C-0817,DDR5_COMPONENT,DDR5,COMPONENT,16,,2800,5600,1.1,0,95,16,CL46,78,VFBGA,1Gb x16,,End of Life,7.5,14.0,1.0,2444,296,8.26,76,0.257,664,2.24,14,92.4,30.2,Watch,1,11.7,DS-DDR5-COMPONENT-FAMILY
ANM-D5C-0818,DDR5_COMPONENT,DDR5,COMPONENT,16,,3600,7200,1.1,0,95,8,CL58,82,VFBGA,2Gb x8,,Production,7.5,14.0,1.0,1365,430,3.18,512,1.191,399,0.93,58,84.1,-3.3,Watch,1,69.1,DS-DDR5-COMPONENT-FAMILY
ANM-D5C-0819,DDR5_COMPONENT,DDR5,COMPONENT,16,,3600,7200,1.1,-40,95,8,CL58,102,VFBGA,2Gb x8,,Production,7.5,14.0,1.0,74,161,0.46,151,0.938,522,3.25,15,88.1,-4.3,Constrained,1,27.5,DS-DDR5-COMPONENT-FAMILY
ANM-D5C-0820,DDR5_COMPONENT,DDR5,COMPONENT,24,,3600,7200,1.1,-40,95,8,CL58,78,VFBGA,3Gb x8,,Production,7.5,14.0,1.0,429,167,2.57,656,3.928,229,1.38,52,85.9,13.8,Constrained,1,91.1,DS-DDR5-COMPONENT-FAMILY
ANM-D5C-0821,DDR5_COMPONENT,DDR5,COMPONENT,16,,3200,6400,1.1,0,95,16,CL52,82,VFBGA,1Gb x16,,Production,7.5,14.0,1.0,226,379,0.6,82,0.216,1105,2.92,23,92.2,31.3,Constrained,1,34.4,DS-DDR5-COMPONENT-FAMILY
ANM-D5C-0822,DDR5_COMPONENT,DDR5,COMPONENT,16,,2400,4800,1.1,0,95,16,CL40,102,VFBGA,1Gb x16,,Production,7.5,14.0,1.0,89,80,1.12,14,0.175,135,1.7,28,96.3,-1.1,Constrained,0,34.3,DS-DDR5-COMPONENT-FAMILY
ANM-D5C-0823,DDR5_COMPONENT,DDR5,COMPONENT,32,,2600,5200,1.1,0,95,8,CL42,78,VFBGA,4Gb x8,,Introduction,7.5,14.0,1.0,1599,195,8.2,120,0.615,34,0.18,14,87.7,-15.6,None,0,23.2,DS-DDR5-COMPONENT-FAMILY
ANM-D5C-0824,DDR5_COMPONENT,DDR5,COMPONENT,24,,3200,6400,1.1,0,95,4,CL52,78,VFBGA,6Gb x4,,Production,7.5,14.0,1.0,530,202,2.62,329,1.629,545,2.7,44,95.9,36.0,Constrained,1,67.1,DS-DDR5-COMPONENT-FAMILY
ANM-D5C-0825,DDR5_COMPONENT,DDR5,COMPONENT,24,,2800,5600,1.1,-40,95,8,CL46,78,VFBGA,3Gb x8,,Sampling,7.5,14.0,1.0,858,253,3.39,0,0.0,211,0.84,30,97.2,24.2,None,0,39.9,DS-DDR5-COMPONENT-FAMILY
ANM-D5C-0826,DDR5_COMPONENT,DDR5,COMPONENT,16,,2600,5200,1.1,-40,95,4,CL42,78,VFBGA,4Gb x4,,Contact Sales,7.5,14.0,1.0,861,143,6.02,135,0.944,182,1.27,41,99.8,8.8,Watch,0,45.1,DS-DDR5-COMPONENT-FAMILY
ANM-D5C-0827,DDR5_COMPONENT,DDR5,COMPONENT,32,,3600,7200,1.1,-40,95,8,CL58,102,VFBGA,4Gb x8,,Production,7.5,14.0,1.0,323,123,2.63,150,1.22,235,1.91,72,90.9,13.2,Constrained,1,86.7,DS-DDR5-COMPONENT-FAMILY
ANM-D5C-0828,DDR5_COMPONENT,DDR5,COMPONENT,16,,2800,5600,1.1,0,95,4,CL46,102,VFBGA,4Gb x4,,Production,7.5,14.0,1.0,526,198,2.66,0,0.0,696,3.52,27,99.8,-6.6,None,0,18.6,DS-DDR5-COMPONENT-FAMILY
ANM-D5C-0829,DDR5_COMPONENT,DDR5,COMPONENT,16,,2400,4800,1.1,-40,95,8,CL40,82,VFBGA,2Gb x8,,Production,7.5,14.0,1.0,1683,210,8.02,208,0.99,801,3.82,14,85.4,-26.7,Watch,0,26.3,DS-DDR5-COMPONENT-FAMILY
ANM-D5C-0830,DDR5_COMPONENT,DDR5,COMPONENT,24,,2600,5200,1.1,-40,95,8,CL42,82,VFBGA,3Gb x8,,Sampling,7.5,14.0,1.0,517,91,5.69,0,0.0,265,2.92,25,95.1,9.8,None,0,24.9,DS-DDR5-COMPONENT-FAMILY
ANM-D5C-0831,DDR5_COMPONENT,DDR5,COMPONENT,24,,2600,5200,1.1,0,95,8,CL42,102,VFBGA,3Gb x8,,Production,7.5,14.0,1.0,1804,120,15.04,151,1.258,124,1.03,14,80.5,18.8,Watch,1,26.7,DS-DDR5-COMPONENT-FAMILY
ANM-D5C-0832,DDR5_COMPONENT,DDR5,COMPONENT,16,,3200,6400,1.1,-40,95,8,CL52,82,VFBGA,2Gb x8,,Production,7.5,14.0,1.0,146,119,1.23,0,0.0,315,2.66,32,99.8,-8.5,Watch,0,30.3,DS-DDR5-COMPONENT-FAMILY
ANM-D5C-0833,DDR5_COMPONENT,DDR5,COMPONENT,16,,3600,7200,1.1,0,95,4,CL58,82,VFBGA,4Gb x4,,Contact Sales,7.5,14.0,1.0,60,127,0.47,29,0.228,297,2.34,37,98.7,-10.3,Constrained,1,39.1,DS-DDR5-COMPONENT-FAMILY
ANM-D5C-0834,DDR5_COMPONENT,DDR5,COMPONENT,16,,3600,7200,1.1,-40,95,8,CL58,78,VFBGA,2Gb x8,,Sampling,7.5,14.0,1.0,71,131,0.55,84,0.641,636,4.86,22,92.3,18.0,Constrained,0,28.4,DS-DDR5-COMPONENT-FAMILY
ANM-D5C-0835,DDR5_COMPONENT,DDR5,COMPONENT,16,,2600,5200,1.1,-40,95,8,CL42,102,VFBGA,2Gb x8,,End of Life,7.5,14.0,1.0,554,351,1.58,346,0.986,398,1.14,61,92.7,13.5,Watch,0,67.2,DS-DDR5-COMPONENT-FAMILY
ANM-D5C-0836,DDR5_COMPONENT,DDR5,COMPONENT,16,,3200,6400,1.1,0,95,4,CL52,102,VFBGA,4Gb x4,,Sampling,7.5,14.0,1.0,340,77,4.42,206,2.675,144,1.87,60,88.7,-8.8,Constrained,1,76.3,DS-DDR5-COMPONENT-FAMILY
ANM-D5C-0837,DDR5_COMPONENT,DDR5,COMPONENT,32,,3200,6400,1.1,0,95,8,CL52,82,VFBGA,4Gb x8,,Production,7.5,14.0,1.0,353,117,3.02,29,0.248,114,0.98,42,95.3,-14.4,None,0,38.0,DS-DDR5-COMPONENT-FAMILY
ANM-D5C-0838,DDR5_COMPONENT,DDR5,COMPONENT,16,,3200,6400,1.1,0,95,4,CL52,82,VFBGA,4Gb x4,,Production,7.5,14.0,1.0,1205,231,5.22,32,0.139,187,0.81,18,90.1,3.5,None,0,22.2,DS-DDR5-COMPONENT-FAMILY
ANM-D5C-0839,DDR5_COMPONENT,DDR5,COMPONENT,16,,3200,6400,1.1,-40,95,16,CL52,102,VFBGA,1Gb x16,,Production,7.5,14.0,1.0,721,226,3.19,153,0.677,427,1.89,35,99.0,19.5,None,0,36.9,DS-DDR5-COMPONENT-FAMILY
ANM-D5C-0840,DDR5_COMPONENT,DDR5,COMPONENT,32,,2400,4800,1.1,-40,95,8,CL40,102,VFBGA,4Gb x8,,Production,7.5,14.0,1.0,1546,250,6.18,565,2.26,162,0.65,42,85.3,21.0,Constrained,1,71.2,DS-DDR5-COMPONENT-FAMILY
ANM-D5C-0841,DDR5_COMPONENT,DDR5,COMPONENT,24,,3200,6400,1.1,0,95,16,CL52,82,VFBGA,1.5Gb x16,,Contact Sales,7.5,14.0,1.0,281,146,1.93,0,0.0,119,0.82,42,90.0,-1.9,Watch,0,46.9,DS-DDR5-COMPONENT-FAMILY
ANM-D5C-0842,DDR5_COMPONENT,DDR5,COMPONENT,16,,2800,5600,1.1,-40,95,8,CL46,102,VFBGA,2Gb x8,,Production,7.5,14.0,1.0,631,297,2.13,0,0.0,240,0.81,30,94.8,6.4,Watch,0,22.2,DS-DDR5-COMPONENT-FAMILY
ANM-D5C-0843,DDR5_COMPONENT,DDR5,COMPONENT,32,,2400,4800,1.1,-40,95,16,CL40,78,VFBGA,2Gb x16,,Production,7.5,14.0,1.0,190,54,3.53,28,0.519,114,2.12,48,87.8,12.5,None,0,70.7,DS-DDR5-COMPONENT-FAMILY
ANM-D5C-0844,DDR5_COMPONENT,DDR5,COMPONENT,16,,2800,5600,1.1,0,95,8,CL46,102,VFBGA,2Gb x8,,Sampling,7.5,14.0,1.0,730,272,2.69,391,1.438,384,1.41,47,92.0,-7.7,Constrained,1,50.4,DS-DDR5-COMPONENT-FAMILY
ANM-D5C-0845,DDR5_COMPONENT,DDR5,COMPONENT,24,,2600,5200,1.1,0,95,16,CL42,102,VFBGA,1.5Gb x16,,End of Life,7.5,14.0,1.0,647,121,5.35,23,0.19,233,1.93,15,96.7,-0.6,None,0,11.3,DS-DDR5-COMPONENT-FAMILY
ANM-D5C-0846,DDR5_COMPONENT,DDR5,COMPONENT,32,,2600,5200,1.1,0,95,16,CL42,82,VFBGA,2Gb x16,,Contact Sales,7.5,14.0,1.0,444,88,5.05,0,0.0,166,1.89,26,93.5,7.9,None,0,21.6,DS-DDR5-COMPONENT-FAMILY
ANM-D5C-0847,DDR5_COMPONENT,DDR5,COMPONENT,24,,2800,5600,1.1,0,95,4,CL46,82,VFBGA,6Gb x4,,Production,7.5,14.0,1.0,343,162,2.12,3,0.019,365,2.26,41,91.0,-31.1,Watch,0,44.6,DS-DDR5-COMPONENT-FAMILY
ANM-D5C-0848,DDR5_COMPONENT,DDR5,COMPONENT,16,,3200,6400,1.1,-40,95,16,CL52,102,VFBGA,1Gb x16,,Production,7.5,14.0,1.0,1529,367,4.17,0,0.0,540,1.47,17,89.5,15.6,None,0,12.2,DS-DDR5-COMPONENT-FAMILY
ANM-D5C-0849,DDR5_COMPONENT,DDR5,COMPONENT,32,,2400,4800,1.1,-40,95,4,CL40,78,VFBGA,8Gb x4,,Production,7.5,14.0,1.0,163,125,1.31,64,0.512,139,1.11,44,79.9,18.3,Watch,1,55.0,DS-DDR5-COMPONENT-FAMILY
ANM-D5C-0850,DDR5_COMPONENT,DDR5,COMPONENT,16,,2400,4800,1.1,-40,95,4,CL40,102,VFBGA,4Gb x4,,Production,7.5,14.0,1.0,550,312,1.77,0,0.0,642,2.06,25,86.6,-9.5,Watch,1,28.0,DS-DDR5-COMPONENT-FAMILY
ANM-D5C-0851,DDR5_COMPONENT,DDR5,COMPONENT,16,,3600,7200,1.1,0,95,16,CL58,82,VFBGA,1Gb x16,,End of Life,7.5,14.0,1.0,236,54,4.37,13,0.241,166,3.08,36,92.1,12.3,None,0,38.9,DS-DDR5-COMPONENT-FAMILY
ANM-D5C-0852,DDR5_COMPONENT,DDR5,COMPONENT,16,,3200,6400,1.1,-40,95,8,CL52,102,VFBGA,2Gb x8,,Production,7.5,14.0,1.0,417,170,2.46,299,1.759,347,2.05,52,89.6,29.7,Constrained,1,75.6,DS-DDR5-COMPONENT-FAMILY
ANM-D5C-0853,DDR5_COMPONENT,DDR5,COMPONENT,16,,2400,4800,1.1,-40,95,4,CL40,102,VFBGA,4Gb x4,,Production,7.5,14.0,1.0,728,342,2.13,396,1.158,228,0.67,54,89.6,-1.5,Watch,0,72.5,DS-DDR5-COMPONENT-FAMILY
ANM-D5C-0854,DDR5_COMPONENT,DDR5,COMPONENT,24,,3200,6400,1.1,-40,95,16,CL52,82,VFBGA,1.5Gb x16,,Production,7.5,14.0,1.0,685,140,4.9,0,0.0,181,1.29,25,99.7,-16.2,None,0,28.7,DS-DDR5-COMPONENT-FAMILY
ANM-D5C-0855,DDR5_COMPONENT,DDR5,COMPONENT,24,,2600,5200,1.1,0,95,8,CL42,82,VFBGA,3Gb x8,,End of Life,7.5,14.0,1.0,301,106,2.84,43,0.406,171,1.62,48,99.1,-8.3,None,0,55.0,DS-DDR5-COMPONENT-FAMILY
ANM-D5C-0856,DDR5_COMPONENT,DDR5,COMPONENT,16,,2600,5200,1.1,-40,95,8,CL42,78,VFBGA,2Gb x8,,Production,7.5,14.0,1.0,1273,226,5.64,0,0.0,379,1.68,30,92.9,-19.0,None,0,31.5,DS-DDR5-COMPONENT-FAMILY
ANM-D5C-0857,DDR5_COMPONENT,DDR5,COMPONENT,32,,2800,5600,1.1,0,95,4,CL46,78,VFBGA,8Gb x4,,Production,7.5,14.0,1.0,2041,165,12.38,47,0.285,103,0.63,14,90.2,0.5,None,1,20.2,DS-DDR5-COMPONENT-FAMILY
ANM-D5C-0858,DDR5_COMPONENT,DDR5,COMPONENT,24,,3600,7200,1.1,-40,95,4,CL58,82,VFBGA,6Gb x4,,Production,7.5,14.0,1.0,1227,164,7.49,284,1.732,268,1.64,14,88.4,7.1,Constrained,1,32.6,DS-DDR5-COMPONENT-FAMILY
ANM-D5C-0859,DDR5_COMPONENT,DDR5,COMPONENT,16,,2800,5600,1.1,0,95,8,CL46,82,VFBGA,2Gb x8,,Production,7.5,14.0,1.0,801,308,2.6,342,1.11,459,1.49,47,83.4,-1.4,Watch,1,51.5,DS-DDR5-COMPONENT-FAMILY
ANM-D5C-0860,DDR5_COMPONENT,DDR5,COMPONENT,24,,2400,4800,1.1,-40,95,4,CL40,78,VFBGA,6Gb x4,,End of Life,7.5,14.0,1.0,829,299,2.77,74,0.247,431,1.44,27,93.5,7.1,None,0,29.7,DS-DDR5-COMPONENT-FAMILY
ANM-D5C-0861,DDR5_COMPONENT,DDR5,COMPONENT,16,,2400,4800,1.1,-40,95,16,CL40,82,VFBGA,1Gb x16,,Contact Sales,7.5,14.0,1.0,194,135,1.44,41,0.304,184,1.37,37,93.2,11.2,Watch,0,37.1,DS-DDR5-COMPONENT-FAMILY
ANM-D5C-0862,DDR5_COMPONENT,DDR5,COMPONENT,32,,2600,5200,1.1,-40,95,16,CL42,102,VFBGA,2Gb x16,,Production,7.5,14.0,1.0,420,190,2.22,472,2.484,175,0.92,47,91.1,10.6,Constrained,1,78.8,DS-DDR5-COMPONENT-FAMILY
ANM-D5C-0863,DDR5_COMPONENT,DDR5,COMPONENT,16,,2600,5200,1.1,0,95,16,CL42,78,VFBGA,1Gb x16,,Production,7.5,14.0,1.0,106,269,0.4,59,0.219,139,0.52,41,99.8,1.5,Constrained,0,43.7,DS-DDR5-COMPONENT-FAMILY
ANM-D5C-0864,DDR5_COMPONENT,DDR5,COMPONENT,24,,2800,5600,1.1,-40,95,4,CL46,102,VFBGA,6Gb x4,,Production,7.5,14.0,1.0,680,316,2.15,22,0.07,499,1.58,36,96.8,14.0,Watch,0,27.4,DS-DDR5-COMPONENT-FAMILY
ANM-D5C-0865,DDR5_COMPONENT,DDR5,COMPONENT,16,,2800,5600,1.1,0,95,4,CL46,102,VFBGA,4Gb x4,,Contact Sales,7.5,14.0,1.0,155,115,1.35,57,0.496,113,0.99,51,98.0,-13.8,Watch,0,53.3,DS-DDR5-COMPONENT-FAMILY
ANM-D5C-0866,DDR5_COMPONENT,DDR5,COMPONENT,16,,3600,7200,1.1,0,95,8,CL58,82,VFBGA,2Gb x8,,Production,7.5,14.0,1.0,875,225,3.89,115,0.511,180,0.8,31,97.3,-1.0,None,0,30.4,DS-DDR5-COMPONENT-FAMILY
ANM-D5C-0867,DDR5_COMPONENT,DDR5,COMPONENT,16,,2800,5600,1.1,0,95,8,CL46,82,VFBGA,2Gb x8,,Production,7.5,14.0,1.0,1994,612,3.26,227,0.371,2286,3.74,39,92.9,14.9,None,1,44.5,DS-DDR5-COMPONENT-FAMILY
ANM-D5C-0868,DDR5_COMPONENT,DDR5,COMPONENT,24,,2800,5600,1.1,-40,95,8,CL46,78,VFBGA,3Gb x8,,Sampling,7.5,14.0,1.0,313,203,1.54,268,1.32,861,4.25,48,90.5,-1.0,Constrained,1,66.7,DS-DDR5-COMPONENT-FAMILY
ANM-D5C-0869,DDR5_COMPONENT,DDR5,COMPONENT,24,,3200,6400,1.1,0,95,8,CL52,102,VFBGA,3Gb x8,,Contact Sales,7.5,14.0,1.0,445,203,2.19,17,0.084,533,2.63,35,92.2,-3.7,Watch,1,27.1,DS-DDR5-COMPONENT-FAMILY
ANM-D5C-0870,DDR5_COMPONENT,DDR5,COMPONENT,32,,3600,7200,1.1,0,95,4,CL58,82,VFBGA,8Gb x4,,Production,7.5,14.0,1.0,261,129,2.03,96,0.744,81,0.63,40,91.9,12.0,Watch,0,47.3,DS-DDR5-COMPONENT-FAMILY
ANM-D5C-0871,DDR5_COMPONENT,DDR5,COMPONENT,24,,2400,4800,1.1,-40,95,16,CL40,78,VFBGA,1.5Gb x16,,Production,7.5,14.0,1.0,1602,242,6.62,28,0.116,335,1.38,23,93.4,-18.6,None,0,18.8,DS-DDR5-COMPONENT-FAMILY
ANM-D5C-0872,DDR5_COMPONENT,DDR5,COMPONENT,24,,2600,5200,1.1,-40,95,16,CL42,78,VFBGA,1.5Gb x16,,Production,7.5,14.0,1.0,625,172,3.64,39,0.227,183,1.07,19,98.1,-6.8,None,0,26.1,DS-DDR5-COMPONENT-FAMILY
ANM-D5C-0873,DDR5_COMPONENT,DDR5,COMPONENT,32,,3200,6400,1.1,-40,95,4,CL52,82,VFBGA,8Gb x4,,Production,7.5,14.0,1.0,567,231,2.46,72,0.312,329,1.42,14,94.6,2.4,None,0,24.9,DS-DDR5-COMPONENT-FAMILY
ANM-D5C-0874,DDR5_COMPONENT,DDR5,COMPONENT,16,,2400,4800,1.1,-40,95,4,CL40,102,VFBGA,4Gb x4,,Introduction,7.5,14.0,1.0,49,88,0.57,54,0.614,187,2.14,66,86.1,-2.2,Constrained,1,84.3,DS-DDR5-COMPONENT-FAMILY
ANM-D5C-0875,DDR5_COMPONENT,DDR5,COMPONENT,32,,2800,5600,1.1,0,95,8,CL46,102,VFBGA,4Gb x8,,Production,7.5,14.0,1.0,460,163,2.82,381,2.337,164,1.01,40,80.2,22.9,Constrained,1,58.1,DS-DDR5-COMPONENT-FAMILY
ANM-D5C-0876,DDR5_COMPONENT,DDR5,COMPONENT,24,,3200,6400,1.1,-40,95,4,CL52,102,VFBGA,6Gb x4,,Production,7.5,14.0,1.0,861,170,5.07,28,0.165,398,2.35,27,98.3,8.8,None,0,24.2,DS-DDR5-COMPONENT-FAMILY
ANM-D5C-0877,DDR5_COMPONENT,DDR5,COMPONENT,32,,3200,6400,1.1,0,95,16,CL52,102,VFBGA,2Gb x16,,Sampling,7.5,14.0,1.0,414,118,3.51,35,0.297,339,2.88,14,90.9,-4.4,None,1,16.9,DS-DDR5-COMPONENT-FAMILY
ANM-D5C-0878,DDR5_COMPONENT,DDR5,COMPONENT,24,,2600,5200,1.1,0,95,16,CL42,82,VFBGA,1.5Gb x16,,Production,7.5,14.0,1.0,104,61,1.71,23,0.377,27,0.44,50,89.5,-17.8,Watch,0,57.7,DS-DDR5-COMPONENT-FAMILY
ANM-D5C-0879,DDR5_COMPONENT,DDR5,COMPONENT,24,,2600,5200,1.1,-40,95,4,CL42,82,VFBGA,6Gb x4,,Production,7.5,14.0,1.0,409,143,2.87,0,0.0,284,1.99,14,98.2,9.3,None,0,15.9,DS-DDR5-COMPONENT-FAMILY
ANM-D5C-0880,DDR5_COMPONENT,DDR5,COMPONENT,16,,2800,5600,1.1,0,95,8,CL46,102,VFBGA,2Gb x8,,Production,7.5,14.0,1.0,95,100,0.96,18,0.18,57,0.57,51,99.8,-0.5,Constrained,1,42.0,DS-DDR5-COMPONENT-FAMILY
ANM-D5C-0881,DDR5_COMPONENT,DDR5,COMPONENT,16,,3600,7200,1.1,-40,95,8,CL58,82,VFBGA,2Gb x8,,Production,7.5,14.0,1.0,1451,337,4.31,8,0.024,221,0.66,30,83.3,-19.4,None,0,35.4,DS-DDR5-COMPONENT-FAMILY
ANM-D5C-0882,DDR5_COMPONENT,DDR5,COMPONENT,16,,3600,7200,1.1,-40,95,16,CL58,78,VFBGA,1Gb x16,,Production,7.5,14.0,1.0,2172,332,6.54,420,1.265,305,0.92,25,86.2,11.8,Watch,1,42.8,DS-DDR5-COMPONENT-FAMILY
ANM-D5C-0883,DDR5_COMPONENT,DDR5,COMPONENT,24,,3200,6400,1.1,0,95,8,CL52,78,VFBGA,3Gb x8,,Production,7.5,14.0,1.0,108,114,0.95,87,0.763,228,2.0,37,93.1,-24.2,Constrained,1,46.3,DS-DDR5-COMPONENT-FAMILY
ANM-D5C-0884,DDR5_COMPONENT,DDR5,COMPONENT,16,,3600,7200,1.1,0,95,16,CL58,82,VFBGA,1Gb x16,,Contact Sales,7.5,14.0,1.0,571,434,1.32,108,0.249,460,1.06,28,91.7,24.4,Watch,1,33.9,DS-DDR5-COMPONENT-FAMILY
ANM-D5C-0885,DDR5_COMPONENT,DDR5,COMPONENT,16,,2400,4800,1.1,-40,95,8,CL40,102,VFBGA,2Gb x8,,Production,7.5,14.0,1.0,423,77,5.5,105,1.364,221,2.87,33,94.0,38.6,Constrained,0,46.0,DS-DDR5-COMPONENT-FAMILY
ANM-D5C-0886,DDR5_COMPONENT,DDR5,COMPONENT,32,,3600,7200,1.1,0,95,8,CL58,78,VFBGA,4Gb x8,,Sampling,7.5,14.0,1.0,729,268,2.72,0,0.0,380,1.42,14,88.2,10.1,None,0,12.5,DS-DDR5-COMPONENT-FAMILY
ANM-D5C-0887,DDR5_COMPONENT,DDR5,COMPONENT,16,,2600,5200,1.1,0,95,16,CL42,78,VFBGA,1Gb x16,,Production,7.5,14.0,1.0,203,113,1.8,0,0.0,221,1.96,36,96.4,29.4,Watch,0,37.2,DS-DDR5-COMPONENT-FAMILY
ANM-D5C-0888,DDR5_COMPONENT,DDR5,COMPONENT,24,,2400,4800,1.1,0,95,4,CL40,82,VFBGA,6Gb x4,,Production,7.5,14.0,1.0,542,108,5.03,41,0.38,100,0.93,22,96.2,7.5,None,1,21.6,DS-DDR5-COMPONENT-FAMILY
ANM-D5C-0889,DDR5_COMPONENT,DDR5,COMPONENT,32,,3600,7200,1.1,0,95,16,CL58,78,VFBGA,2Gb x16,,Contact Sales,7.5,14.0,1.0,422,133,3.18,59,0.444,175,1.32,39,91.3,9.8,None,1,46.9,DS-DDR5-COMPONENT-FAMILY
ANM-D5C-0890,DDR5_COMPONENT,DDR5,COMPONENT,24,,2400,4800,1.1,0,95,4,CL40,102,VFBGA,6Gb x4,,Contact Sales,7.5,14.0,1.0,275,85,3.25,136,1.6,78,0.92,45,88.5,-25.7,Constrained,1,56.2,DS-DDR5-COMPONENT-FAMILY
ANM-D5C-0891,DDR5_COMPONENT,DDR5,COMPONENT,24,,2400,4800,1.1,0,95,4,CL40,102,VFBGA,6Gb x4,,Production,7.5,14.0,1.0,1057,275,3.84,62,0.225,1003,3.65,14,93.1,-6.6,None,0,17.5,DS-DDR5-COMPONENT-FAMILY
ANM-D5C-0892,DDR5_COMPONENT,DDR5,COMPONENT,32,,3600,7200,1.1,0,95,4,CL58,102,VFBGA,8Gb x4,,Sampling,7.5,14.0,1.0,121,95,1.28,218,2.295,60,0.64,33,87.1,-2.8,Constrained,1,55.4,DS-DDR5-COMPONENT-FAMILY
ANM-D5C-0893,DDR5_COMPONENT,DDR5,COMPONENT,32,,2600,5200,1.1,0,95,8,CL42,102,VFBGA,4Gb x8,,Production,7.5,14.0,1.0,773,176,4.39,2,0.011,806,4.58,18,99.8,0.1,None,0,16.8,DS-DDR5-COMPONENT-FAMILY
ANM-D5C-0894,DDR5_COMPONENT,DDR5,COMPONENT,32,,3200,6400,1.1,0,95,8,CL52,102,VFBGA,4Gb x8,,End of Life,7.5,14.0,1.0,736,162,4.55,111,0.685,316,1.96,27,90.3,18.0,None,1,30.6,DS-DDR5-COMPONENT-FAMILY
ANM-D5C-0895,DDR5_COMPONENT,DDR5,COMPONENT,24,,3200,6400,1.1,0,95,8,CL52,82,VFBGA,3Gb x8,,Production,7.5,14.0,1.0,301,96,3.14,0,0.0,101,1.06,25,90.4,14.1,None,0,24.6,DS-DDR5-COMPONENT-FAMILY
ANM-D5C-0896,DDR5_COMPONENT,DDR5,COMPONENT,16,,3200,6400,1.1,0,95,4,CL52,82,VFBGA,4Gb x4,,Sampling,7.5,14.0,1.0,108,75,1.44,92,1.227,163,2.18,49,92.8,-4.4,Watch,0,65.2,DS-DDR5-COMPONENT-FAMILY
ANM-D5C-0897,DDR5_COMPONENT,DDR5,COMPONENT,16,,2400,4800,1.1,-40,95,8,CL40,82,VFBGA,2Gb x8,,Production,7.5,14.0,1.0,152,167,0.91,202,1.21,121,0.73,73,84.7,6.1,Constrained,1,85.9,DS-DDR5-COMPONENT-FAMILY
ANM-D5C-0898,DDR5_COMPONENT,DDR5,COMPONENT,24,,3200,6400,1.1,-40,95,4,CL52,82,VFBGA,6Gb x4,,Production,7.5,14.0,1.0,626,233,2.69,12,0.052,244,1.05,25,90.4,-24.5,None,1,28.6,DS-DDR5-COMPONENT-FAMILY
ANM-D5C-0899,DDR5_COMPONENT,DDR5,COMPONENT,24,,2800,5600,1.1,0,95,4,CL46,102,VFBGA,6Gb x4,,Production,7.5,14.0,1.0,359,197,1.83,38,0.193,499,2.53,26,94.3,18.0,Watch,0,25.9,DS-DDR5-COMPONENT-FAMILY
ANM-D5C-0900,DDR5_COMPONENT,DDR5,COMPONENT,32,,2400,4800,1.1,0,95,4,CL40,82,VFBGA,8Gb x4,,Production,7.5,14.0,1.0,684,228,3.0,75,0.329,711,3.12,41,91.7,-3.3,None,0,46.5,DS-DDR5-COMPONENT-FAMILY
ANM-L5X-0001,LPDDR5X_COMPONENT,LPDDR5X,COMPONENT,96,,3200,6400,0.5,-40,95,32,Programmable,496,TFBGA,3Gb x32,,Production,12.4,15.0,1.1,339,103,3.29,202,1.961,86,0.84,47,81.4,41.6,Constrained,1,72.8,DS-LPDDR5X-FAMILY
ANM-L5X-0002,LPDDR5X_COMPONENT,LPDDR5X,COMPONENT,48,,3200,6400,0.5,-40,105,32,Programmable,496,WFBGA,1.5Gb x32,,Sampling,12.4,15.0,1.1,301,50,6.03,1,0.02,15,0.32,15,88.3,9.0,None,0,10.0,DS-LPDDR5X-FAMILY
ANM-L5X-0003,LPDDR5X_COMPONENT,LPDDR5X,COMPONENT,64,,3750,7500,0.5,-40,95,64,Programmable,561,WFBGA,1Gb x64,,End of Life,12.4,15.0,1.1,778,302,2.58,491,1.626,530,1.76,47,87.1,-9.7,Constrained,1,69.5,DS-LPDDR5X-FAMILY
ANM-L5X-0004,LPDDR5X_COMPONENT,LPDDR5X,COMPONENT,24,,3750,7500,0.5,-25,85,32,Programmable,561,UFBGA,0.75Gb x32,,Production,12.4,15.0,1.1,343,71,4.83,83,1.169,42,0.6,29,97.9,21.8,Watch,0,41.8,DS-LPDDR5X-FAMILY
ANM-L5X-0005,LPDDR5X_COMPONENT,LPDDR5X,COMPONENT,24,,3200,6400,0.5,-25,85,32,Programmable,561,LFBGA,0.75Gb x32,,Production,12.4,15.0,1.1,476,221,2.15,259,1.172,651,2.95,41,88.8,4.8,Watch,0,55.7,DS-LPDDR5X-FAMILY
ANM-L5X-0006,LPDDR5X_COMPONENT,LPDDR5X,COMPONENT,48,,4266,8533,0.5,-40,85,64,Programmable,315,UFBGA,0.75Gb x64,,Sampling,12.4,15.0,1.1,658,333,1.98,176,0.529,916,2.75,18,96.2,43.1,Watch,0,23.1,DS-LPDDR5X-FAMILY
ANM-L5X-0007,LPDDR5X_COMPONENT,LPDDR5X,COMPONENT,64,,3750,7500,0.5,-40,85,64,Programmable,561,UFBGA,1Gb x64,,Production,12.4,15.0,1.1,103,94,1.1,73,0.777,249,2.65,63,89.1,21.4,Constrained,1,75.7,DS-LPDDR5X-FAMILY
ANM-L5X-0008,LPDDR5X_COMPONENT,LPDDR5X,COMPONENT,32,,4266,8533,0.5,-25,85,32,Programmable,315,WFBGA,1Gb x32,,Production,12.4,15.0,1.1,374,207,1.81,0,0.0,132,0.64,45,99.6,1.7,Watch,0,47.4,DS-LPDDR5X-FAMILY
ANM-L5X-0009,LPDDR5X_COMPONENT,LPDDR5X,COMPONENT,48,,3750,7500,0.5,-25,85,64,Programmable,441,LFBGA,0.75Gb x64,,Production,12.4,15.0,1.1,402,223,1.81,197,0.883,279,1.25,37,99.4,-22.5,Watch,0,48.4,DS-LPDDR5X-FAMILY
ANM-L5X-0010,LPDDR5X_COMPONENT,LPDDR5X,COMPONENT,32,,4266,8533,0.5,-40,105,32,Programmable,441,WFBGA,1Gb x32,,Production,12.4,15.0,1.1,245,108,2.27,179,1.657,88,0.82,54,93.3,5.7,Constrained,1,72.1,DS-LPDDR5X-FAMILY
ANM-L5X-0011,LPDDR5X_COMPONENT,LPDDR5X,COMPONENT,128,,3200,6400,0.5,-40,125,64,Programmable,561,WFBGA,2Gb x64,,Production,12.4,15.0,1.1,137,140,0.98,27,0.193,131,0.94,45,90.0,-25.0,Constrained,1,50.7,DS-LPDDR5X-FAMILY
ANM-L5X-0012,LPDDR5X_COMPONENT,LPDDR5X,COMPONENT,16,,3750,7500,0.5,-40,105,64,Programmable,496,WFBGA,0.25Gb x64,,Sampling,12.4,15.0,1.1,183,81,2.26,91,1.123,454,5.61,58,91.9,10.0,Watch,1,78.2,DS-LPDDR5X-FAMILY
ANM-L5X-0013,LPDDR5X_COMPONENT,LPDDR5X,COMPONENT,16,,3200,6400,0.5,-40,85,32,Programmable,496,UFBGA,0.5Gb x32,,Introduction,12.4,15.0,1.1,61,69,0.9,117,1.696,223,3.25,44,88.8,14.3,Constrained,1,61.2,DS-LPDDR5X-FAMILY
ANM-L5X-0014,LPDDR5X_COMPONENT,LPDDR5X,COMPONENT,128,,4266,8533,0.5,-40,105,64,Programmable,561,LFBGA,2Gb x64,,Production,12.4,15.0,1.1,275,44,6.27,60,1.364,135,3.09,54,84.3,-26.5,Constrained,1,72.3,DS-LPDDR5X-FAMILY
ANM-L5X-0015,LPDDR5X_COMPONENT,LPDDR5X,COMPONENT,32,,3200,6400,0.5,-40,85,32,Programmable,496,TFBGA,1Gb x32,,Production,12.4,15.0,1.1,773,314,2.46,437,1.392,159,0.51,51,87.8,7.3,Constrained,0,70.5,DS-LPDDR5X-FAMILY
ANM-L5X-0016,LPDDR5X_COMPONENT,LPDDR5X,COMPONENT,16,,3750,7500,0.5,-40,95,32,Programmable,315,TFBGA,0.5Gb x32,,Production,12.4,15.0,1.1,129,75,1.73,46,0.613,112,1.51,34,80.5,-7.9,Watch,1,42.8,DS-LPDDR5X-FAMILY
ANM-L5X-0017,LPDDR5X_COMPONENT,LPDDR5X,COMPONENT,96,,3750,7500,0.5,-40,95,64,Programmable,561,LFBGA,1.5Gb x64,,Production,12.4,15.0,1.1,269,109,2.47,41,0.376,42,0.39,25,91.9,-26.6,None,0,30.4,DS-LPDDR5X-FAMILY
ANM-L5X-0018,LPDDR5X_COMPONENT,LPDDR5X,COMPONENT,48,,4266,8533,0.5,-40,95,64,Programmable,561,LFBGA,0.75Gb x64,,Production,12.4,15.0,1.1,517,171,3.02,57,0.333,60,0.36,26,95.8,1.1,None,0,27.7,DS-LPDDR5X-FAMILY
ANM-L5X-0019,LPDDR5X_COMPONENT,LPDDR5X,COMPONENT,32,,3750,7500,0.5,-40,85,64,Programmable,496,UFBGA,0.5Gb x64,,End of Life,12.4,15.0,1.1,457,150,3.05,85,0.567,606,4.05,42,84.9,27.5,Watch,1,52.2,DS-LPDDR5X-FAMILY
ANM-L5X-0020,LPDDR5X_COMPONENT,LPDDR5X,COMPONENT,96,,3200,6400,0.5,-40,95,32,Programmable,315,UFBGA,3Gb x32,,Production,12.4,15.0,1.1,503,144,3.5,81,0.562,173,1.21,49,86.0,-14.0,None,0,61.2,DS-LPDDR5X-FAMILY
ANM-L5X-0021,LPDDR5X_COMPONENT,LPDDR5X,COMPONENT,128,,3200,6400,0.5,-40,125,32,Programmable,496,LFBGA,4Gb x32,,Production,12.4,15.0,1.1,580,330,1.76,0,0.0,357,1.08,14,97.0,17.7,Watch,0,13.0,DS-LPDDR5X-FAMILY
ANM-L5X-0022,LPDDR5X_COMPONENT,LPDDR5X,COMPONENT,64,,3750,7500,0.5,-40,85,64,Programmable,315,UFBGA,1Gb x64,,Production,12.4,15.0,1.1,367,130,2.83,37,0.285,35,0.27,28,99.8,-0.1,None,0,28.5,DS-LPDDR5X-FAMILY
ANM-L5X-0023,LPDDR5X_COMPONENT,LPDDR5X,COMPONENT,128,,3750,7500,0.5,-40,125,64,Programmable,441,UFBGA,2Gb x64,,Production,12.4,15.0,1.1,299,95,3.15,89,0.937,117,1.23,43,94.3,30.8,Watch,1,50.0,DS-LPDDR5X-FAMILY
ANM-L5X-0024,LPDDR5X_COMPONENT,LPDDR5X,COMPONENT,64,,3750,7500,0.5,-25,85,32,Programmable,561,TFBGA,2Gb x32,,Production,12.4,15.0,1.1,1804,310,5.82,0,0.0,441,1.43,19,95.0,-15.2,None,0,21.4,DS-LPDDR5X-FAMILY
ANM-L5X-0025,LPDDR5X_COMPONENT,LPDDR5X,COMPONENT,96,,3750,7500,0.5,-40,125,64,Programmable,315,WFBGA,1.5Gb x64,,Production,12.4,15.0,1.1,240,105,2.29,63,0.6,170,1.62,38,91.7,10.3,Watch,0,52.3,DS-LPDDR5X-FAMILY
ANM-L5X-0026,LPDDR5X_COMPONENT,LPDDR5X,COMPONENT,24,,3200,6400,0.5,-40,95,32,Programmable,561,WFBGA,0.75Gb x32,,Production,12.4,15.0,1.1,567,148,3.84,0,0.0,157,1.06,51,95.7,-4.9,None,0,54.9,DS-LPDDR5X-FAMILY
ANM-L5X-0027,LPDDR5X_COMPONENT,LPDDR5X,COMPONENT,16,,4266,8533,0.5,-40,105,32,Programmable,496,UFBGA,0.5Gb x32,,Production,12.4,15.0,1.1,285,185,1.54,0,0.0,419,2.27,43,99.8,0.4,Watch,0,47.8,DS-LPDDR5X-FAMILY
ANM-L5X-0028,LPDDR5X_COMPONENT,LPDDR5X,COMPONENT,64,,3200,6400,0.5,-40,85,64,Programmable,441,LFBGA,1Gb x64,,Production,12.4,15.0,1.1,212,67,3.16,7,0.104,28,0.42,15,93.2,-5.9,None,0,10.0,DS-LPDDR5X-FAMILY
ANM-L5X-0029,LPDDR5X_COMPONENT,LPDDR5X,COMPONENT,128,,3750,7500,0.5,-40,105,64,Programmable,561,WFBGA,2Gb x64,,Production,12.4,15.0,1.1,304,92,3.31,62,0.674,263,2.87,34,92.1,53.7,Watch,1,31.8,DS-LPDDR5X-FAMILY
ANM-L5X-0030,LPDDR5X_COMPONENT,LPDDR5X,COMPONENT,24,,3750,7500,0.5,-25,85,32,Programmable,496,UFBGA,0.75Gb x32,,Production,12.4,15.0,1.1,441,100,4.42,2,0.02,274,2.75,14,97.3,10.6,None,0,12.3,DS-LPDDR5X-FAMILY
ANM-L5X-0031,LPDDR5X_COMPONENT,LPDDR5X,COMPONENT,128,,3200,6400,0.5,-25,85,64,Programmable,315,LFBGA,2Gb x64,,Production,12.4,15.0,1.1,316,267,1.19,180,0.674,463,1.74,67,90.9,10.4,Constrained,1,82.0,DS-LPDDR5X-FAMILY
ANM-L5X-0032,LPDDR5X_COMPONENT,LPDDR5X,COMPONENT,16,,3750,7500,0.5,-25,85,64,Programmable,441,WFBGA,0.25Gb x64,,Production,12.4,15.0,1.1,591,182,3.25,71,0.39,939,5.16,25,99.8,-14.3,None,0,31.8,DS-LPDDR5X-FAMILY
ANM-L5X-0033,LPDDR5X_COMPONENT,LPDDR5X,COMPONENT,64,,3200,6400,0.5,-40,105,64,Programmable,441,LFBGA,1Gb x64,,Production,12.4,15.0,1.1,231,72,3.22,96,1.333,10,0.15,39,92.7,-5.2,Constrained,0,55.8,DS-LPDDR5X-FAMILY
ANM-L5X-0034,LPDDR5X_COMPONENT,LPDDR5X,COMPONENT,32,,3750,7500,0.5,-40,85,64,Programmable,441,WFBGA,0.5Gb x64,,Production,12.4,15.0,1.1,346,166,2.09,38,0.229,418,2.52,29,90.1,-4.3,Watch,1,30.4,DS-LPDDR5X-FAMILY
ANM-L5X-0035,LPDDR5X_COMPONENT,LPDDR5X,COMPONENT,32,,3750,7500,0.5,-40,95,64,Programmable,561,LFBGA,0.5Gb x64,,Production,12.4,15.0,1.1,41,63,0.65,5,0.079,37,0.6,28,94.4,-15.8,Constrained,0,36.1,DS-LPDDR5X-FAMILY
ANM-L5X-0036,LPDDR5X_COMPONENT,LPDDR5X,COMPONENT,16,,3750,7500,0.5,-40,105,64,Programmable,496,TFBGA,0.25Gb x64,,Contact Sales,12.4,15.0,1.1,257,230,1.12,320,1.391,117,0.51,44,88.1,-0.3,Constrained,0,59.5,DS-LPDDR5X-FAMILY
ANM-L5X-0037,LPDDR5X_COMPONENT,LPDDR5X,COMPONENT,32,,3750,7500,0.5,-40,95,64,Programmable,315,LFBGA,0.5Gb x64,,Contact Sales,12.4,15.0,1.1,259,170,1.53,172,1.012,416,2.45,37,88.5,-15.8,Watch,0,55.1,DS-LPDDR5X-FAMILY
ANM-L5X-0038,LPDDR5X_COMPONENT,LPDDR5X,COMPONENT,16,,4266,8533,0.5,-40,95,32,Programmable,496,WFBGA,0.5Gb x32,,Production,12.4,15.0,1.1,636,169,3.77,131,0.775,83,0.49,53,93.0,6.1,Watch,0,63.0,DS-LPDDR5X-FAMILY
ANM-L5X-0039,LPDDR5X_COMPONENT,LPDDR5X,COMPONENT,128,,4266,8533,0.5,-40,125,32,Programmable,561,TFBGA,4Gb x32,,Production,12.4,15.0,1.1,376,125,3.01,0,0.0,237,1.9,26,91.7,6.4,None,0,28.7,DS-LPDDR5X-FAMILY
ANM-L5X-0040,LPDDR5X_COMPONENT,LPDDR5X,COMPONENT,48,,3750,7500,0.5,-25,85,64,Programmable,496,TFBGA,0.75Gb x64,,Production,12.4,15.0,1.1,629,256,2.46,101,0.395,250,0.98,27,92.3,-2.0,None,0,32.0,DS-LPDDR5X-FAMILY
ANM-L5X-0041,LPDDR5X_COMPONENT,LPDDR5X,COMPONENT,48,,4266,8533,0.5,-40,105,64,Programmable,496,LFBGA,0.75Gb x64,,Contact Sales,12.4,15.0,1.1,497,80,6.22,101,1.262,107,1.35,15,87.4,-10.8,Watch,0,29.1,DS-LPDDR5X-FAMILY
ANM-L5X-0042,LPDDR5X_COMPONENT,LPDDR5X,COMPONENT,48,,3750,7500,0.5,-40,95,64,Programmable,315,WFBGA,0.75Gb x64,,Introduction,12.4,15.0,1.1,531,93,5.71,175,1.882,99,1.07,26,90.9,45.8,Constrained,1,55.5,DS-LPDDR5X-FAMILY
ANM-L5X-0043,LPDDR5X_COMPONENT,LPDDR5X,COMPONENT,64,,3200,6400,0.5,-40,105,64,Programmable,561,UFBGA,1Gb x64,,Production,12.4,15.0,1.1,1083,323,3.36,431,1.334,773,2.4,45,92.9,20.2,Constrained,0,61.0,DS-LPDDR5X-FAMILY
ANM-L5X-0044,LPDDR5X_COMPONENT,LPDDR5X,COMPONENT,96,,4266,8533,0.5,-40,105,32,Programmable,315,TFBGA,3Gb x32,,Production,12.4,15.0,1.1,285,103,2.78,47,0.456,124,1.21,32,89.3,-0.2,None,0,40.1,DS-LPDDR5X-FAMILY
ANM-L5X-0045,LPDDR5X_COMPONENT,LPDDR5X,COMPONENT,32,,4266,8533,0.5,-25,85,32,Programmable,441,TFBGA,1Gb x32,,Production,12.4,15.0,1.1,338,200,1.69,0,0.0,314,1.57,35,88.9,32.4,Watch,0,35.2,DS-LPDDR5X-FAMILY
ANM-L5X-0046,LPDDR5X_COMPONENT,LPDDR5X,COMPONENT,128,,4266,8533,0.5,-40,125,32,Programmable,496,WFBGA,4Gb x32,,Production,12.4,15.0,1.1,1099,137,8.03,0,0.0,9,0.07,14,93.2,27.4,Watch,0,21.2,DS-LPDDR5X-FAMILY
ANM-L5X-0047,LPDDR5X_COMPONENT,LPDDR5X,COMPONENT,24,,3750,7500,0.5,-40,125,32,Programmable,496,UFBGA,0.75Gb x32,,Production,12.4,15.0,1.1,243,168,1.45,0,0.0,336,2.0,20,91.5,-13.9,Watch,0,16.4,DS-LPDDR5X-FAMILY
ANM-L5X-0048,LPDDR5X_COMPONENT,LPDDR5X,COMPONENT,24,,3750,7500,0.5,-40,125,64,Programmable,315,TFBGA,0.375Gb x64,,End of Life,12.4,15.0,1.1,233,73,3.2,84,1.151,339,4.65,44,93.9,14.9,Watch,0,64.4,DS-LPDDR5X-FAMILY
ANM-L5X-0049,LPDDR5X_COMPONENT,LPDDR5X,COMPONENT,96,,4266,8533,0.5,-25,85,32,Programmable,441,WFBGA,3Gb x32,,Production,12.4,15.0,1.1,851,110,7.74,0,0.0,26,0.24,14,95.0,-17.5,None,0,11.4,DS-LPDDR5X-FAMILY
ANM-L5X-0050,LPDDR5X_COMPONENT,LPDDR5X,COMPONENT,16,,3750,7500,0.5,-40,125,64,Programmable,441,UFBGA,0.25Gb x64,,Production,12.4,15.0,1.1,70,120,0.59,133,1.108,83,0.7,43,94.0,33.6,Constrained,1,62.6,DS-LPDDR5X-FAMILY
ANM-L5X-0051,LPDDR5X_COMPONENT,LPDDR5X,COMPONENT,64,,3200,6400,0.5,-40,125,32,Programmable,561,WFBGA,2Gb x32,,Introduction,12.4,15.0,1.1,913,101,9.04,83,0.822,240,2.38,14,92.0,25.5,Watch,0,21.2,DS-LPDDR5X-FAMILY
ANM-L5X-0052,LPDDR5X_COMPONENT,LPDDR5X,COMPONENT,24,,4266,8533,0.5,-40,85,32,Programmable,496,UFBGA,0.75Gb x32,,Sampling,12.4,15.0,1.1,408,257,1.59,300,1.167,171,0.67,49,84.6,7.9,Watch,1,65.5,DS-LPDDR5X-FAMILY
ANM-L5X-0053,LPDDR5X_COMPONENT,LPDDR5X,COMPONENT,48,,3200,6400,0.5,-40,95,32,Programmable,561,TFBGA,1.5Gb x32,,Production,12.4,15.0,1.1,273,197,1.39,422,2.142,456,2.32,71,93.5,8.4,Constrained,1,91.7,DS-LPDDR5X-FAMILY
ANM-L5X-0054,LPDDR5X_COMPONENT,LPDDR5X,COMPONENT,16,,3750,7500,0.5,-40,85,64,Programmable,441,WFBGA,0.25Gb x64,,Production,12.4,15.0,1.1,158,58,2.73,2,0.034,119,2.06,25,99.5,-12.7,None,0,21.9,DS-LPDDR5X-FAMILY
ANM-L5X-0055,LPDDR5X_COMPONENT,LPDDR5X,COMPONENT,48,,3200,6400,0.5,-40,105,32,Programmable,496,TFBGA,1.5Gb x32,,End of Life,12.4,15.0,1.1,255,193,1.33,99,0.513,243,1.26,29,92.9,12.1,Watch,0,36.3,DS-LPDDR5X-FAMILY
ANM-L5X-0056,LPDDR5X_COMPONENT,LPDDR5X,COMPONENT,24,,4266,8533,0.5,-40,105,64,Programmable,315,UFBGA,0.375Gb x64,,Production,12.4,15.0,1.1,732,190,3.86,0,0.0,157,0.83,15,91.1,-24.2,None,1,13.9,DS-LPDDR5X-FAMILY
ANM-L5X-0057,LPDDR5X_COMPONENT,LPDDR5X,COMPONENT,32,,3200,6400,0.5,-40,95,64,Programmable,315,LFBGA,0.5Gb x64,,Production,12.4,15.0,1.1,717,223,3.22,275,1.233,1041,4.67,36,92.0,7.9,Watch,0,47.3,DS-LPDDR5X-FAMILY
ANM-L5X-0058,LPDDR5X_COMPONENT,LPDDR5X,COMPONENT,32,,3750,7500,0.5,-40,85,64,Programmable,441,LFBGA,0.5Gb x64,,Production,12.4,15.0,1.1,136,116,1.18,34,0.293,145,1.25,33,97.4,-1.3,Constrained,0,37.0,DS-LPDDR5X-FAMILY
ANM-L5X-0059,LPDDR5X_COMPONENT,LPDDR5X,COMPONENT,32,,3750,7500,0.5,-25,85,32,Programmable,561,UFBGA,1Gb x32,,Production,12.4,15.0,1.1,187,90,2.09,239,2.656,39,0.44,71,86.7,-13.4,Constrained,1,91.0,DS-LPDDR5X-FAMILY
ANM-L5X-0060,LPDDR5X_COMPONENT,LPDDR5X,COMPONENT,16,,3200,6400,0.5,-40,95,64,Programmable,561,UFBGA,0.25Gb x64,,Production,12.4,15.0,1.1,1606,226,7.11,22,0.097,24,0.11,14,94.0,40.1,Watch,0,18.3,DS-LPDDR5X-FAMILY
ANM-L5X-0061,LPDDR5X_COMPONENT,LPDDR5X,COMPONENT,64,,3750,7500,0.5,-40,105,64,Programmable,496,TFBGA,1Gb x64,,Sampling,12.4,15.0,1.1,120,172,0.7,0,0.0,145,0.85,46,93.6,2.6,Constrained,1,52.5,DS-LPDDR5X-FAMILY
ANM-L5X-0062,LPDDR5X_COMPONENT,LPDDR5X,COMPONENT,24,,4266,8533,0.5,-25,85,64,Programmable,441,TFBGA,0.375Gb x64,,Production,12.4,15.0,1.1,858,101,8.5,53,0.525,115,1.14,14,95.1,0.1,None,0,10.0,DS-LPDDR5X-FAMILY
ANM-L5X-0063,LPDDR5X_COMPONENT,LPDDR5X,COMPONENT,48,,3750,7500,0.5,-40,105,32,Programmable,315,WFBGA,1.5Gb x32,,End of Life,12.4,15.0,1.1,280,61,4.6,15,0.246,82,1.36,28,82.4,7.0,None,0,26.5,DS-LPDDR5X-FAMILY
ANM-L5X-0064,LPDDR5X_COMPONENT,LPDDR5X,COMPONENT,16,,3750,7500,0.5,-40,125,64,Programmable,561,WFBGA,0.25Gb x64,,Production,12.4,15.0,1.1,224,177,1.27,166,0.938,145,0.82,42,88.0,-3.8,Watch,0,46.1,DS-LPDDR5X-FAMILY
ANM-L5X-0065,LPDDR5X_COMPONENT,LPDDR5X,COMPONENT,128,,3200,6400,0.5,-40,95,32,Programmable,441,LFBGA,4Gb x32,,Contact Sales,12.4,15.0,1.1,98,58,1.7,18,0.31,148,2.56,40,97.5,-17.0,Watch,1,41.4,DS-LPDDR5X-FAMILY
ANM-L5X-0066,LPDDR5X_COMPONENT,LPDDR5X,COMPONENT,24,,4266,8533,0.5,-40,125,64,Programmable,315,TFBGA,0.375Gb x64,,Production,12.4,15.0,1.1,123,57,2.17,0,0.0,91,1.61,14,95.4,14.9,Watch,0,12.2,DS-LPDDR5X-FAMILY
ANM-L5X-0067,LPDDR5X_COMPONENT,LPDDR5X,COMPONENT,48,,3200,6400,0.5,-40,105,32,Programmable,496,LFBGA,1.5Gb x32,,Production,12.4,15.0,1.1,1094,107,10.23,68,0.636,148,1.38,19,92.6,-14.6,None,0,22.5,DS-LPDDR5X-FAMILY
ANM-L5X-0068,LPDDR5X_COMPONENT,LPDDR5X,COMPONENT,96,,3200,6400,0.5,-40,95,64,Programmable,496,LFBGA,1.5Gb x64,,Production,12.4,15.0,1.1,2014,392,5.14,95,0.242,1086,2.77,47,89.1,14.0,None,1,61.1,DS-LPDDR5X-FAMILY
ANM-L5X-0069,LPDDR5X_COMPONENT,LPDDR5X,COMPONENT,128,,4266,8533,0.5,-40,105,64,Programmable,315,UFBGA,2Gb x64,,Production,12.4,15.0,1.1,344,212,1.63,16,0.075,1711,8.07,16,89.4,8.2,Watch,1,28.4,DS-LPDDR5X-FAMILY
ANM-L5X-0070,LPDDR5X_COMPONENT,LPDDR5X,COMPONENT,64,,3750,7500,0.5,-40,125,64,Programmable,441,TFBGA,1Gb x64,,Contact Sales,12.4,15.0,1.1,222,93,2.39,186,2.0,457,4.92,55,91.9,-40.0,Constrained,0,74.8,DS-LPDDR5X-FAMILY
ANM-L5X-0071,LPDDR5X_COMPONENT,LPDDR5X,COMPONENT,32,,3750,7500,0.5,-25,85,32,Programmable,315,WFBGA,1Gb x32,,Production,12.4,15.0,1.1,345,108,3.2,25,0.231,217,2.02,14,89.4,20.1,None,0,10.0,DS-LPDDR5X-FAMILY
ANM-L5X-0072,LPDDR5X_COMPONENT,LPDDR5X,COMPONENT,128,,3750,7500,0.5,-25,85,32,Programmable,441,TFBGA,4Gb x32,,Production,12.4,15.0,1.1,1161,285,4.07,150,0.526,1037,3.64,34,99.3,-14.0,None,0,33.2,DS-LPDDR5X-FAMILY
ANM-L5X-0073,LPDDR5X_COMPONENT,LPDDR5X,COMPONENT,96,,4266,8533,0.5,-25,85,32,Programmable,561,UFBGA,3Gb x32,,Introduction,12.4,15.0,1.1,477,94,5.08,0,0.0,157,1.68,32,93.3,-23.1,None,0,35.8,DS-LPDDR5X-FAMILY
ANM-L5X-0074,LPDDR5X_COMPONENT,LPDDR5X,COMPONENT,32,,4266,8533,0.5,-40,95,32,Programmable,496,LFBGA,1Gb x32,,Production,12.4,15.0,1.1,666,375,1.78,89,0.237,960,2.56,30,87.3,17.7,Watch,0,41.9,DS-LPDDR5X-FAMILY
ANM-L5X-0075,LPDDR5X_COMPONENT,LPDDR5X,COMPONENT,48,,3750,7500,0.5,-40,125,64,Programmable,315,WFBGA,0.75Gb x64,,Sampling,12.4,15.0,1.1,107,150,0.72,16,0.107,446,2.98,47,90.6,4.9,Constrained,0,41.8,DS-LPDDR5X-FAMILY
ANM-L5X-0076,LPDDR5X_COMPONENT,LPDDR5X,COMPONENT,64,,3200,6400,0.5,-40,105,64,Programmable,315,LFBGA,1Gb x64,,Production,12.4,15.0,1.1,517,216,2.4,90,0.417,277,1.28,23,92.9,-0.7,None,0,22.5,DS-LPDDR5X-FAMILY
ANM-L5X-0077,LPDDR5X_COMPONENT,LPDDR5X,COMPONENT,96,,3200,6400,0.5,-40,105,32,Programmable,496,LFBGA,3Gb x32,,Production,12.4,15.0,1.1,597,162,3.69,28,0.173,220,1.36,23,95.5,-2.6,None,1,22.1,DS-LPDDR5X-FAMILY
ANM-L5X-0078,LPDDR5X_COMPONENT,LPDDR5X,COMPONENT,128,,3750,7500,0.5,-40,85,64,Programmable,496,TFBGA,2Gb x64,,Contact Sales,12.4,15.0,1.1,2289,438,5.23,603,1.377,882,2.02,33,91.3,13.7,Constrained,1,57.9,DS-LPDDR5X-FAMILY
ANM-L5X-0079,LPDDR5X_COMPONENT,LPDDR5X,COMPONENT,32,,4266,8533,0.5,-40,125,32,Programmable,315,LFBGA,1Gb x32,,Production,12.4,15.0,1.1,214,109,1.97,0,0.0,42,0.39,33,92.9,-38.4,Watch,0,40.5,DS-LPDDR5X-FAMILY
ANM-L5X-0080,LPDDR5X_COMPONENT,LPDDR5X,COMPONENT,48,,3200,6400,0.5,-40,125,64,Programmable,496,UFBGA,0.75Gb x64,,Production,12.4,15.0,1.1,1045,269,3.89,207,0.77,447,1.66,16,93.6,10.2,Watch,1,24.7,DS-LPDDR5X-FAMILY
ANM-L5X-0081,LPDDR5X_COMPONENT,LPDDR5X,COMPONENT,64,,3200,6400,0.5,-40,105,32,Programmable,441,TFBGA,2Gb x32,,Contact Sales,12.4,15.0,1.1,675,228,2.96,113,0.496,221,0.97,25,95.8,-7.8,None,1,33.8,DS-LPDDR5X-FAMILY
ANM-L5X-0082,LPDDR5X_COMPONENT,LPDDR5X,COMPONENT,48,,4266,8533,0.5,-40,95,64,Programmable,561,WFBGA,0.75Gb x64,,Production,12.4,15.0,1.1,193,290,0.67,340,1.172,477,1.65,49,91.6,15.3,Constrained,1,62.7,DS-LPDDR5X-FAMILY
ANM-L5X-0083,LPDDR5X_COMPONENT,LPDDR5X,COMPONENT,128,,3200,6400,0.5,-40,85,32,Programmable,496,LFBGA,4Gb x32,,Contact Sales,12.4,15.0,1.1,1090,279,3.91,5,0.018,268,0.96,25,93.7,-10.8,None,0,32.9,DS-LPDDR5X-FAMILY
ANM-L5X-0084,LPDDR5X_COMPONENT,LPDDR5X,COMPONENT,64,,3200,6400,0.5,-40,105,32,Programmable,315,LFBGA,2Gb x32,,Production,12.4,15.0,1.1,129,111,1.17,36,0.324,119,1.08,26,90.5,17.3,Constrained,1,36.0,DS-LPDDR5X-FAMILY
ANM-L5X-0085,LPDDR5X_COMPONENT,LPDDR5X,COMPONENT,96,,3750,7500,0.5,-40,95,64,Programmable,561,UFBGA,1.5Gb x64,,Introduction,12.4,15.0,1.1,528,72,7.34,38,0.528,24,0.33,21,99.8,13.0,None,1,16.7,DS-LPDDR5X-FAMILY
ANM-L5X-0086,LPDDR5X_COMPONENT,LPDDR5X,COMPONENT,24,,3200,6400,0.5,-25,85,32,Programmable,441,LFBGA,0.75Gb x32,,Contact Sales,12.4,15.0,1.1,380,121,3.15,0,0.0,199,1.65,50,96.2,14.9,None,0,45.7,DS-LPDDR5X-FAMILY
ANM-L5X-0087,LPDDR5X_COMPONENT,LPDDR5X,COMPONENT,96,,3200,6400,0.5,-40,105,32,Programmable,315,TFBGA,3Gb x32,,Production,12.4,15.0,1.1,206,187,1.11,4,0.021,234,1.25,38,96.2,21.3,Constrained,1,44.0,DS-LPDDR5X-FAMILY
ANM-L5X-0088,LPDDR5X_COMPONENT,LPDDR5X,COMPONENT,48,,3750,7500,0.5,-25,85,32,Programmable,441,TFBGA,1.5Gb x32,,Sampling,12.4,15.0,1.1,352,135,2.61,69,0.511,71,0.53,30,89.9,1.7,None,0,32.5,DS-LPDDR5X-FAMILY
ANM-L5X-0089,LPDDR5X_COMPONENT,LPDDR5X,COMPONENT,48,,3750,7500,0.5,-40,105,32,Programmable,441,TFBGA,1.5Gb x32,,Production,12.4,15.0,1.1,164,171,0.96,283,1.655,427,2.5,45,82.3,-8.1,Constrained,1,58.0,DS-LPDDR5X-FAMILY
ANM-L5X-0090,LPDDR5X_COMPONENT,LPDDR5X,COMPONENT,48,,3200,6400,0.5,-25,85,64,Programmable,561,LFBGA,0.75Gb x64,,End of Life,12.4,15.0,1.1,419,143,2.93,0,0.0,126,0.88,24,98.6,7.5,None,0,23.9,DS-LPDDR5X-FAMILY
ANM-L5X-0091,LPDDR5X_COMPONENT,LPDDR5X,COMPONENT,96,,4266,8533,0.5,-25,85,64,Programmable,561,WFBGA,1.5Gb x64,,Production,12.4,15.0,1.1,200,163,1.23,20,0.123,573,3.52,40,94.5,16.8,Watch,0,41.6,DS-LPDDR5X-FAMILY
ANM-L5X-0092,LPDDR5X_COMPONENT,LPDDR5X,COMPONENT,64,,4266,8533,0.5,-40,85,64,Programmable,315,LFBGA,1Gb x64,,Production,12.4,15.0,1.1,633,165,3.84,200,1.212,31,0.19,31,88.7,22.5,Watch,1,47.6,DS-LPDDR5X-FAMILY
ANM-L5X-0093,LPDDR5X_COMPONENT,LPDDR5X,COMPONENT,16,,3750,7500,0.5,-40,105,64,Programmable,561,LFBGA,0.25Gb x64,,Production,12.4,15.0,1.1,493,144,3.43,80,0.556,615,4.27,22,97.3,-0.6,None,0,32.0,DS-LPDDR5X-FAMILY
ANM-L5X-0094,LPDDR5X_COMPONENT,LPDDR5X,COMPONENT,48,,4266,8533,0.5,-25,85,64,Programmable,496,TFBGA,0.75Gb x64,,Sampling,12.4,15.0,1.1,277,249,1.11,424,1.703,1149,4.62,55,83.8,-13.8,Constrained,1,69.3,DS-LPDDR5X-FAMILY
ANM-L5X-0095,LPDDR5X_COMPONENT,LPDDR5X,COMPONENT,48,,3200,6400,0.5,-40,125,32,Programmable,561,UFBGA,1.5Gb x32,,Production,12.4,15.0,1.1,221,93,2.39,4,0.043,68,0.74,46,96.3,33.6,Watch,1,48.8,DS-LPDDR5X-FAMILY
ANM-L5X-0096,LPDDR5X_COMPONENT,LPDDR5X,COMPONENT,96,,3750,7500,0.5,-40,95,64,Programmable,441,WFBGA,1.5Gb x64,,Production,12.4,15.0,1.1,222,165,1.35,21,0.127,336,2.04,14,98.0,-0.4,Watch,0,10.0,DS-LPDDR5X-FAMILY
ANM-L5X-0097,LPDDR5X_COMPONENT,LPDDR5X,COMPONENT,96,,3200,6400,0.5,-40,85,64,Programmable,441,TFBGA,1.5Gb x64,,Production,12.4,15.0,1.1,868,207,4.2,98,0.473,128,0.62,15,93.1,-13.9,None,0,15.1,DS-LPDDR5X-FAMILY
ANM-L5X-0098,LPDDR5X_COMPONENT,LPDDR5X,COMPONENT,128,,3750,7500,0.5,-40,95,64,Programmable,441,TFBGA,2Gb x64,,Production,12.4,15.0,1.1,899,303,2.97,0,0.0,602,1.99,42,97.1,5.3,None,0,41.9,DS-LPDDR5X-FAMILY
ANM-L5X-0099,LPDDR5X_COMPONENT,LPDDR5X,COMPONENT,32,,3750,7500,0.5,-40,85,64,Programmable,315,TFBGA,0.5Gb x64,,Introduction,12.4,15.0,1.1,489,225,2.17,0,0.0,143,0.64,31,98.0,3.0,Watch,0,39.6,DS-LPDDR5X-FAMILY
ANM-L5X-0100,LPDDR5X_COMPONENT,LPDDR5X,COMPONENT,16,,4266,8533,0.5,-25,85,32,Programmable,561,TFBGA,0.5Gb x32,,Production,12.4,15.0,1.1,1048,214,4.9,0,0.0,318,1.49,14,94.9,2.4,None,0,10.9,DS-LPDDR5X-FAMILY
ANM-L5X-0101,LPDDR5X_COMPONENT,LPDDR5X,COMPONENT,32,,3200,6400,0.5,-40,85,64,Programmable,315,LFBGA,0.5Gb x64,,End of Life,12.4,15.0,1.1,511,88,5.82,39,0.443,92,1.05,29,96.8,-4.1,None,0,32.2,DS-LPDDR5X-FAMILY
ANM-L5X-0102,LPDDR5X_COMPONENT,LPDDR5X,COMPONENT,48,,3200,6400,0.5,-40,125,32,Programmable,315,LFBGA,1.5Gb x32,,Production,12.4,15.0,1.1,594,133,4.47,352,2.647,155,1.17,32,85.0,12.1,Constrained,1,62.3,DS-LPDDR5X-FAMILY
ANM-L5X-0103,LPDDR5X_COMPONENT,LPDDR5X,COMPONENT,16,,3200,6400,0.5,-40,85,64,Programmable,561,UFBGA,0.25Gb x64,,Sampling,12.4,15.0,1.1,530,243,2.18,253,1.041,107,0.44,23,86.5,11.1,Watch,0,36.9,DS-LPDDR5X-FAMILY
ANM-L5X-0104,LPDDR5X_COMPONENT,LPDDR5X,COMPONENT,128,,3200,6400,0.5,-40,95,32,Programmable,441,UFBGA,4Gb x32,,Production,12.4,15.0,1.1,1096,184,5.96,68,0.37,140,0.76,47,98.0,15.8,None,1,49.2,DS-LPDDR5X-FAMILY
ANM-L5X-0105,LPDDR5X_COMPONENT,LPDDR5X,COMPONENT,48,,3200,6400,0.5,-40,105,32,Programmable,496,UFBGA,1.5Gb x32,,Production,12.4,15.0,1.1,196,363,0.54,46,0.127,197,0.54,46,89.1,-8.9,Constrained,1,48.3,DS-LPDDR5X-FAMILY
ANM-L5X-0106,LPDDR5X_COMPONENT,LPDDR5X,COMPONENT,32,,4266,8533,0.5,-40,95,64,Programmable,441,TFBGA,0.5Gb x64,,Sampling,12.4,15.0,1.1,132,73,1.82,29,0.397,35,0.49,57,89.4,-18.8,Watch,0,65.2,DS-LPDDR5X-FAMILY
ANM-L5X-0107,LPDDR5X_COMPONENT,LPDDR5X,COMPONENT,128,,3200,6400,0.5,-40,105,32,Programmable,561,WFBGA,4Gb x32,,Contact Sales,12.4,15.0,1.1,667,177,3.77,35,0.198,249,1.41,37,95.7,-4.4,None,0,42.1,DS-LPDDR5X-FAMILY
ANM-L5X-0108,LPDDR5X_COMPONENT,LPDDR5X,COMPONENT,64,,4266,8533,0.5,-25,85,64,Programmable,441,WFBGA,1Gb x64,,Sampling,12.4,15.0,1.1,344,184,1.87,282,1.533,148,0.81,46,90.1,-29.4,Constrained,0,63.6,DS-LPDDR5X-FAMILY
ANM-L5X-0109,LPDDR5X_COMPONENT,LPDDR5X,COMPONENT,64,,3200,6400,0.5,-40,95,32,Programmable,561,UFBGA,2Gb x32,,End of Life,12.4,15.0,1.1,810,139,5.83,8,0.058,521,3.75,14,90.7,17.3,None,0,15.3,DS-LPDDR5X-FAMILY
ANM-L5X-0110,LPDDR5X_COMPONENT,LPDDR5X,COMPONENT,16,,3750,7500,0.5,-40,85,32,Programmable,496,LFBGA,0.5Gb x32,,Production,12.4,15.0,1.1,1464,241,6.08,153,0.635,673,2.79,22,96.9,-1.1,None,0,34.0,DS-LPDDR5X-FAMILY
ANM-L5X-0111,LPDDR5X_COMPONENT,LPDDR5X,COMPONENT,96,,4266,8533,0.5,-40,95,64,Programmable,315,UFBGA,1.5Gb x64,,Introduction,12.4,15.0,1.1,520,100,5.2,259,2.59,114,1.15,25,80.3,14.2,Constrained,0,52.0,DS-LPDDR5X-FAMILY
ANM-L5X-0112,LPDDR5X_COMPONENT,LPDDR5X,COMPONENT,64,,3200,6400,0.5,-40,105,64,Programmable,561,TFBGA,1Gb x64,,Production,12.4,15.0,1.1,80,47,1.72,120,2.553,77,1.65,61,94.2,10.0,Constrained,0,85.4,DS-LPDDR5X-FAMILY
ANM-L5X-0113,LPDDR5X_COMPONENT,LPDDR5X,COMPONENT,128,,4266,8533,0.5,-40,85,64,Programmable,315,UFBGA,2Gb x64,,Production,12.4,15.0,1.1,158,64,2.47,38,0.594,45,0.71,57,91.2,-9.8,None,0,57.9,DS-LPDDR5X-FAMILY
ANM-L5X-0114,LPDDR5X_COMPONENT,LPDDR5X,COMPONENT,96,,4266,8533,0.5,-40,125,32,Programmable,441,UFBGA,3Gb x32,,Production,12.4,15.0,1.1,292,222,1.32,177,0.797,356,1.61,55,95.4,-26.9,Watch,0,65.7,DS-LPDDR5X-FAMILY
ANM-L5X-0115,LPDDR5X_COMPONENT,LPDDR5X,COMPONENT,64,,3750,7500,0.5,-25,85,32,Programmable,496,LFBGA,2Gb x32,,Production,12.4,15.0,1.1,730,147,4.97,186,1.265,382,2.6,31,87.8,-24.2,Watch,0,41.3,DS-LPDDR5X-FAMILY
ANM-L5X-0116,LPDDR5X_COMPONENT,LPDDR5X,COMPONENT,96,,3750,7500,0.5,-25,85,32,Programmable,496,UFBGA,3Gb x32,,Production,12.4,15.0,1.1,396,121,3.28,184,1.521,241,1.99,19,88.7,18.0,Constrained,1,28.6,DS-LPDDR5X-FAMILY
ANM-L5X-0117,LPDDR5X_COMPONENT,LPDDR5X,COMPONENT,16,,4266,8533,0.5,-40,105,32,Programmable,315,UFBGA,0.5Gb x32,,Production,12.4,15.0,1.1,63,92,0.69,24,0.261,90,0.98,53,92.3,9.9,Constrained,0,60.6,DS-LPDDR5X-FAMILY
ANM-L5X-0118,LPDDR5X_COMPONENT,LPDDR5X,COMPONENT,128,,4266,8533,0.5,-40,95,32,Programmable,496,UFBGA,4Gb x32,,Production,12.4,15.0,1.1,2247,389,5.78,212,0.545,1435,3.69,21,90.7,26.9,Watch,0,32.5,DS-LPDDR5X-FAMILY
ANM-L5X-0119,LPDDR5X_COMPONENT,LPDDR5X,COMPONENT,64,,4266,8533,0.5,-40,105,32,Programmable,315,TFBGA,2Gb x32,,Production,12.4,15.0,1.1,295,100,2.96,0,0.0,332,3.32,56,88.1,-2.8,None,0,59.3,DS-LPDDR5X-FAMILY
ANM-L5X-0120,LPDDR5X_COMPONENT,LPDDR5X,COMPONENT,128,,3750,7500,0.5,-25,85,64,Programmable,561,TFBGA,2Gb x64,,Introduction,12.4,15.0,1.1,393,143,2.75,68,0.476,964,6.74,58,91.8,-31.6,None,1,62.7,DS-LPDDR5X-FAMILY
ANM-L5X-0121,LPDDR5X_COMPONENT,LPDDR5X,COMPONENT,16,,3750,7500,0.5,-40,105,32,Programmable,561,TFBGA,0.5Gb x32,,Production,12.4,15.0,1.1,674,154,4.38,7,0.045,161,1.05,14,93.4,22.6,None,0,23.3,DS-LPDDR5X-FAMILY
ANM-L5X-0122,LPDDR5X_COMPONENT,LPDDR5X,COMPONENT,48,,4266,8533,0.5,-40,95,64,Programmable,561,WFBGA,0.75Gb x64,,End of Life,12.4,15.0,1.1,121,46,2.64,0,0.0,51,1.12,14,92.4,-22.2,None,0,18.6,DS-LPDDR5X-FAMILY
ANM-L5X-0123,LPDDR5X_COMPONENT,LPDDR5X,COMPONENT,48,,4266,8533,0.5,-40,85,64,Programmable,441,TFBGA,0.75Gb x64,,Production,12.4,15.0,1.1,244,160,1.53,30,0.188,207,1.3,23,93.4,-5.4,Watch,0,28.6,DS-LPDDR5X-FAMILY
ANM-L5X-0124,LPDDR5X_COMPONENT,LPDDR5X,COMPONENT,96,,4266,8533,0.5,-40,85,32,Programmable,561,WFBGA,3Gb x32,,Production,12.4,15.0,1.1,148,114,1.3,389,3.412,396,3.48,93,82.5,32.8,Constrained,1,139.7,DS-LPDDR5X-FAMILY
ANM-L5X-0125,LPDDR5X_COMPONENT,LPDDR5X,COMPONENT,64,,3750,7500,0.5,-40,125,32,Programmable,315,WFBGA,2Gb x32,,Production,12.4,15.0,1.1,1822,247,7.38,416,1.684,1033,4.18,53,89.8,-24.3,Constrained,1,68.3,DS-LPDDR5X-FAMILY
ANM-L5X-0126,LPDDR5X_COMPONENT,LPDDR5X,COMPONENT,16,,4266,8533,0.5,-25,85,32,Programmable,496,UFBGA,0.5Gb x32,,End of Life,12.4,15.0,1.1,557,183,3.05,0,0.0,189,1.03,35,88.3,-1.4,None,0,44.9,DS-LPDDR5X-FAMILY
ANM-L5X-0127,LPDDR5X_COMPONENT,LPDDR5X,COMPONENT,48,,3200,6400,0.5,-40,85,32,Programmable,315,WFBGA,1.5Gb x32,,End of Life,12.4,15.0,1.1,749,136,5.51,35,0.257,135,0.99,29,92.1,-30.3,None,0,28.9,DS-LPDDR5X-FAMILY
ANM-L5X-0128,LPDDR5X_COMPONENT,LPDDR5X,COMPONENT,32,,3200,6400,0.5,-40,105,32,Programmable,315,LFBGA,1Gb x32,,Production,12.4,15.0,1.1,929,152,6.12,98,0.645,69,0.46,18,97.9,11.7,None,1,19.5,DS-LPDDR5X-FAMILY
ANM-L5X-0129,LPDDR5X_COMPONENT,LPDDR5X,COMPONENT,16,,3750,7500,0.5,-40,125,64,Programmable,561,UFBGA,0.25Gb x64,,Contact Sales,12.4,15.0,1.1,141,86,1.64,42,0.488,150,1.75,25,92.3,-24.3,Watch,0,31.5,DS-LPDDR5X-FAMILY
ANM-L5X-0130,LPDDR5X_COMPONENT,LPDDR5X,COMPONENT,48,,4266,8533,0.5,-40,85,32,Programmable,561,WFBGA,1.5Gb x32,,Production,12.4,15.0,1.1,189,80,2.37,24,0.3,100,1.25,24,97.2,2.7,None,0,22.2,DS-LPDDR5X-FAMILY
ANM-L5X-0131,LPDDR5X_COMPONENT,LPDDR5X,COMPONENT,96,,3750,7500,0.5,-40,125,32,Programmable,561,WFBGA,3Gb x32,,Production,12.4,15.0,1.1,437,95,4.6,10,0.105,86,0.91,14,96.1,-2.9,None,0,13.3,DS-LPDDR5X-FAMILY
ANM-L5X-0132,LPDDR5X_COMPONENT,LPDDR5X,COMPONENT,64,,3200,6400,0.5,-40,95,64,Programmable,441,LFBGA,1Gb x64,,Sampling,12.4,15.0,1.1,1895,298,6.36,471,1.581,837,2.81,15,85.9,-8.4,Constrained,0,28.3,DS-LPDDR5X-FAMILY
ANM-L5X-0133,LPDDR5X_COMPONENT,LPDDR5X,COMPONENT,128,,4266,8533,0.5,-40,125,64,Programmable,315,LFBGA,2Gb x64,,Production,12.4,15.0,1.1,258,54,4.79,17,0.315,22,0.42,21,98.9,7.2,None,0,20.0,DS-LPDDR5X-FAMILY
ANM-L5X-0134,LPDDR5X_COMPONENT,LPDDR5X,COMPONENT,64,,3200,6400,0.5,-40,105,32,Programmable,315,LFBGA,2Gb x32,,Production,12.4,15.0,1.1,426,100,4.26,89,0.89,241,2.41,29,93.9,29.1,Watch,0,42.6,DS-LPDDR5X-FAMILY
ANM-L5X-0135,LPDDR5X_COMPONENT,LPDDR5X,COMPONENT,16,,3750,7500,0.5,-40,85,32,Programmable,315,WFBGA,0.5Gb x32,,Introduction,12.4,15.0,1.1,123,86,1.44,12,0.14,154,1.8,24,90.2,27.7,Watch,0,31.9,DS-LPDDR5X-FAMILY
ANM-L5X-0136,LPDDR5X_COMPONENT,LPDDR5X,COMPONENT,48,,4266,8533,0.5,-40,105,32,Programmable,496,LFBGA,1.5Gb x32,,Production,12.4,15.0,1.1,612,155,3.95,303,1.955,210,1.36,32,84.0,7.9,Constrained,1,51.9,DS-LPDDR5X-FAMILY
ANM-L5X-0137,LPDDR5X_COMPONENT,LPDDR5X,COMPONENT,128,,4266,8533,0.5,-40,105,64,Programmable,315,UFBGA,2Gb x64,,Production,12.4,15.0,1.1,191,178,1.08,66,0.371,46,0.26,33,90.1,2.7,Constrained,1,38.7,DS-LPDDR5X-FAMILY
ANM-L5X-0138,LPDDR5X_COMPONENT,LPDDR5X,COMPONENT,24,,3750,7500,0.5,-40,85,32,Programmable,315,UFBGA,0.75Gb x32,,Production,12.4,15.0,1.1,277,67,4.15,0,0.0,53,0.8,26,94.4,1.5,None,0,32.0,DS-LPDDR5X-FAMILY
ANM-L5X-0139,LPDDR5X_COMPONENT,LPDDR5X,COMPONENT,96,,3200,6400,0.5,-40,125,32,Programmable,441,UFBGA,3Gb x32,,Production,12.4,15.0,1.1,395,106,3.73,2,0.019,104,0.99,17,99.8,-17.0,None,1,16.5,DS-LPDDR5X-FAMILY
ANM-L5X-0140,LPDDR5X_COMPONENT,LPDDR5X,COMPONENT,48,,3200,6400,0.5,-40,85,64,Programmable,496,WFBGA,0.75Gb x64,,Production,12.4,15.0,1.1,209,170,1.23,42,0.247,164,0.97,39,97.5,-26.1,Watch,0,36.5,DS-LPDDR5X-FAMILY
ANM-L5X-0141,LPDDR5X_COMPONENT,LPDDR5X,COMPONENT,16,,3200,6400,0.5,-40,85,32,Programmable,561,TFBGA,0.5Gb x32,,Production,12.4,15.0,1.1,99,83,1.2,105,1.265,281,3.39,40,99.1,-8.5,Constrained,1,56.7,DS-LPDDR5X-FAMILY
ANM-L5X-0142,LPDDR5X_COMPONENT,LPDDR5X,COMPONENT,16,,3750,7500,0.5,-40,95,32,Programmable,561,WFBGA,0.5Gb x32,,Production,12.4,15.0,1.1,844,236,3.58,105,0.445,184,0.78,29,95.2,41.7,Watch,1,35.5,DS-LPDDR5X-FAMILY
ANM-L5X-0143,LPDDR5X_COMPONENT,LPDDR5X,COMPONENT,96,,3200,6400,0.5,-40,95,32,Programmable,441,LFBGA,3Gb x32,,Sampling,12.4,15.0,1.1,265,127,2.09,122,0.961,75,0.6,48,90.4,37.0,Watch,0,64.5,DS-LPDDR5X-FAMILY
ANM-L5X-0144,LPDDR5X_COMPONENT,LPDDR5X,COMPONENT,24,,3750,7500,0.5,-40,105,64,Programmable,441,LFBGA,0.375Gb x64,,Introduction,12.4,15.0,1.1,297,87,3.42,18,0.207,82,0.95,28,98.4,16.4,None,1,30.0,DS-LPDDR5X-FAMILY
ANM-L5X-0145,LPDDR5X_COMPONENT,LPDDR5X,COMPONENT,64,,3200,6400,0.5,-40,125,32,Programmable,561,WFBGA,2Gb x32,,Production,12.4,15.0,1.1,424,202,2.1,263,1.302,351,1.74,55,93.3,2.2,Constrained,0,71.8,DS-LPDDR5X-FAMILY
ANM-L5X-0146,LPDDR5X_COMPONENT,LPDDR5X,COMPONENT,128,,4266,8533,0.5,-40,85,64,Programmable,315,LFBGA,2Gb x64,,End of Life,12.4,15.0,1.1,227,107,2.12,164,1.533,166,1.56,52,93.8,17.6,Constrained,1,74.4,DS-LPDDR5X-FAMILY
ANM-L5X-0147,LPDDR5X_COMPONENT,LPDDR5X,COMPONENT,64,,3750,7500,0.5,-40,95,64,Programmable,496,TFBGA,1Gb x64,,Production,12.4,15.0,1.1,270,132,2.05,4,0.03,231,1.75,30,98.3,-40.0,Watch,0,27.0,DS-LPDDR5X-FAMILY
ANM-L5X-0148,LPDDR5X_COMPONENT,LPDDR5X,COMPONENT,64,,3200,6400,0.5,-25,85,64,Programmable,315,WFBGA,1Gb x64,,Introduction,12.4,15.0,1.1,1315,168,7.83,0,0.0,415,2.47,14,97.1,20.6,None,0,16.2,DS-LPDDR5X-FAMILY
ANM-L5X-0149,LPDDR5X_COMPONENT,LPDDR5X,COMPONENT,32,,3750,7500,0.5,-40,125,32,Programmable,496,UFBGA,1Gb x32,,Production,12.4,15.0,1.1,1196,357,3.35,0,0.0,322,0.9,33,93.1,0.8,None,0,30.3,DS-LPDDR5X-FAMILY
ANM-L5X-0150,LPDDR5X_COMPONENT,LPDDR5X,COMPONENT,96,,3750,7500,0.5,-40,85,64,Programmable,496,UFBGA,1.5Gb x64,,Production,12.4,15.0,1.1,387,216,1.8,44,0.204,99,0.46,40,92.5,23.4,Watch,0,44.5,DS-LPDDR5X-FAMILY
ANM-L5X-0151,LPDDR5X_COMPONENT,LPDDR5X,COMPONENT,32,,3200,6400,0.5,-25,85,32,Programmable,315,WFBGA,1Gb x32,,Contact Sales,12.4,15.0,1.1,1647,238,6.92,23,0.097,307,1.29,38,92.9,17.4,None,0,40.8,DS-LPDDR5X-FAMILY
ANM-L5X-0152,LPDDR5X_COMPONENT,LPDDR5X,COMPONENT,48,,4266,8533,0.5,-40,105,64,Programmable,315,LFBGA,0.75Gb x64,,Production,12.4,15.0,1.1,1514,608,2.49,424,0.697,1147,1.89,33,87.2,-7.2,None,0,31.4,DS-LPDDR5X-FAMILY
ANM-L5X-0153,LPDDR5X_COMPONENT,LPDDR5X,COMPONENT,128,,4266,8533,0.5,-25,85,64,Programmable,561,UFBGA,2Gb x64,,Introduction,12.4,15.0,1.1,1620,258,6.28,58,0.225,1018,3.95,19,96.0,-40.0,None,0,22.4,DS-LPDDR5X-FAMILY
ANM-L5X-0154,LPDDR5X_COMPONENT,LPDDR5X,COMPONENT,24,,4266,8533,0.5,-25,85,32,Programmable,496,WFBGA,0.75Gb x32,,End of Life,12.4,15.0,1.1,156,84,1.86,23,0.274,347,4.13,21,95.3,-3.7,Watch,0,29.7,DS-LPDDR5X-FAMILY
ANM-L5X-0155,LPDDR5X_COMPONENT,LPDDR5X,COMPONENT,24,,4266,8533,0.5,-40,95,32,Programmable,441,UFBGA,0.75Gb x32,,Production,12.4,15.0,1.1,487,145,3.36,57,0.393,615,4.24,29,93.5,-6.8,None,0,35.6,DS-LPDDR5X-FAMILY
ANM-L5X-0156,LPDDR5X_COMPONENT,LPDDR5X,COMPONENT,32,,4266,8533,0.5,-40,85,32,Programmable,496,WFBGA,1Gb x32,,Production,12.4,15.0,1.1,236,72,3.28,119,1.653,328,4.56,27,90.1,-6.8,Constrained,1,40.8,DS-LPDDR5X-FAMILY
ANM-L5X-0157,LPDDR5X_COMPONENT,LPDDR5X,COMPONENT,96,,4266,8533,0.5,-25,85,32,Programmable,561,TFBGA,3Gb x32,,Production,12.4,15.0,1.1,848,363,2.34,163,0.449,398,1.1,41,92.4,23.7,None,0,52.9,DS-LPDDR5X-FAMILY
ANM-L5X-0158,LPDDR5X_COMPONENT,LPDDR5X,COMPONENT,64,,3750,7500,0.5,-40,125,32,Programmable,441,TFBGA,2Gb x32,,Production,12.4,15.0,1.1,558,186,3.0,124,0.667,436,2.35,49,89.2,13.8,None,1,48.6,DS-LPDDR5X-FAMILY
ANM-L5X-0159,LPDDR5X_COMPONENT,LPDDR5X,COMPONENT,16,,3200,6400,0.5,-40,125,64,Programmable,496,TFBGA,0.25Gb x64,,Production,12.4,15.0,1.1,415,220,1.89,155,0.705,725,3.3,27,87.2,-5.7,Watch,0,33.5,DS-LPDDR5X-FAMILY
ANM-L5X-0160,LPDDR5X_COMPONENT,LPDDR5X,COMPONENT,96,,4266,8533,0.5,-40,125,64,Programmable,315,WFBGA,1.5Gb x64,,End of Life,12.4,15.0,1.1,544,78,6.98,146,1.872,41,0.53,34,85.2,-23.4,Constrained,1,43.5,DS-LPDDR5X-FAMILY
ANM-L5X-0161,LPDDR5X_COMPONENT,LPDDR5X,COMPONENT,96,,3200,6400,0.5,-40,105,64,Programmable,496,WFBGA,1.5Gb x64,,Production,12.4,15.0,1.1,960,411,2.34,76,0.185,539,1.31,51,89.6,-31.0,None,0,64.7,DS-LPDDR5X-FAMILY
ANM-L5X-0162,LPDDR5X_COMPONENT,LPDDR5X,COMPONENT,48,,3750,7500,0.5,-40,85,32,Programmable,496,LFBGA,1.5Gb x32,,Contact Sales,12.4,15.0,1.1,1697,516,3.29,18,0.035,542,1.05,22,97.9,13.3,None,0,19.7,DS-LPDDR5X-FAMILY
ANM-L5X-0163,LPDDR5X_COMPONENT,LPDDR5X,COMPONENT,32,,3200,6400,0.5,-40,85,64,Programmable,315,UFBGA,0.5Gb x64,,Contact Sales,12.4,15.0,1.1,922,260,3.55,53,0.204,446,1.72,37,91.8,-4.4,None,0,33.6,DS-LPDDR5X-FAMILY
ANM-L5X-0164,LPDDR5X_COMPONENT,LPDDR5X,COMPONENT,96,,3200,6400,0.5,-25,85,64,Programmable,441,TFBGA,1.5Gb x64,,Production,12.4,15.0,1.1,1064,257,4.14,52,0.202,662,2.58,17,92.4,17.6,None,0,19.0,DS-LPDDR5X-FAMILY
ANM-L5X-0165,LPDDR5X_COMPONENT,LPDDR5X,COMPONENT,96,,4266,8533,0.5,-25,85,32,Programmable,561,WFBGA,3Gb x32,,Introduction,12.4,15.0,1.1,108,229,0.47,187,0.817,332,1.45,40,91.1,28.6,Constrained,1,51.2,DS-LPDDR5X-FAMILY
ANM-L5X-0166,LPDDR5X_COMPONENT,LPDDR5X,COMPONENT,96,,3750,7500,0.5,-40,85,64,Programmable,561,LFBGA,1.5Gb x64,,Production,12.4,15.0,1.1,353,190,1.86,0,0.0,1268,6.68,39,96.0,-7.2,Watch,0,48.8,DS-LPDDR5X-FAMILY
ANM-L5X-0167,LPDDR5X_COMPONENT,LPDDR5X,COMPONENT,16,,3750,7500,0.5,-25,85,32,Programmable,315,WFBGA,0.5Gb x32,,Production,12.4,15.0,1.1,665,126,5.28,47,0.373,345,2.74,14,98.0,55.4,Watch,0,18.7,DS-LPDDR5X-FAMILY
ANM-L5X-0168,LPDDR5X_COMPONENT,LPDDR5X,COMPONENT,16,,3200,6400,0.5,-40,105,32,Programmable,315,UFBGA,0.5Gb x32,,Introduction,12.4,15.0,1.1,646,212,3.05,0,0.0,865,4.08,21,99.2,2.6,None,1,21.3,DS-LPDDR5X-FAMILY
ANM-L5X-0169,LPDDR5X_COMPONENT,LPDDR5X,COMPONENT,128,,3750,7500,0.5,-40,95,32,Programmable,315,WFBGA,4Gb x32,,Production,12.4,15.0,1.1,863,140,6.17,37,0.264,98,0.71,23,93.2,-30.9,None,1,19.2,DS-LPDDR5X-FAMILY
ANM-L5X-0170,LPDDR5X_COMPONENT,LPDDR5X,COMPONENT,16,,3750,7500,0.5,-40,105,64,Programmable,561,LFBGA,0.25Gb x64,,Production,12.4,15.0,1.1,145,126,1.16,15,0.119,487,3.87,36,94.8,18.6,Constrained,0,44.3,DS-LPDDR5X-FAMILY
ANM-L5X-0171,LPDDR5X_COMPONENT,LPDDR5X,COMPONENT,96,,4266,8533,0.5,-40,105,32,Programmable,561,WFBGA,3Gb x32,,Introduction,12.4,15.0,1.1,2489,292,8.53,40,0.137,236,0.81,14,96.4,14.5,None,0,16.3,DS-LPDDR5X-FAMILY
ANM-L5X-0172,LPDDR5X_COMPONENT,LPDDR5X,COMPONENT,64,,3200,6400,0.5,-25,85,64,Programmable,496,WFBGA,1Gb x64,,Production,12.4,15.0,1.1,206,133,1.55,108,0.812,184,1.39,25,90.3,-2.2,Watch,1,29.9,DS-LPDDR5X-FAMILY
ANM-L5X-0173,LPDDR5X_COMPONENT,LPDDR5X,COMPONENT,16,,4266,8533,0.5,-40,125,32,Programmable,441,TFBGA,0.5Gb x32,,Production,12.4,15.0,1.1,194,99,1.96,0,0.0,250,2.53,45,94.2,0.4,Watch,0,45.6,DS-LPDDR5X-FAMILY
ANM-L5X-0174,LPDDR5X_COMPONENT,LPDDR5X,COMPONENT,48,,3750,7500,0.5,-40,85,64,Programmable,441,TFBGA,0.75Gb x64,,Introduction,12.4,15.0,1.1,374,151,2.48,195,1.291,114,0.76,30,91.0,4.6,Watch,1,39.7,DS-LPDDR5X-FAMILY
ANM-L5X-0175,LPDDR5X_COMPONENT,LPDDR5X,COMPONENT,32,,4266,8533,0.5,-40,125,64,Programmable,496,UFBGA,0.5Gb x64,,Production,12.4,15.0,1.1,58,44,1.32,5,0.114,54,1.23,20,90.0,-2.0,Watch,0,12.5,DS-LPDDR5X-FAMILY
ANM-L5X-0176,LPDDR5X_COMPONENT,LPDDR5X,COMPONENT,24,,3200,6400,0.5,-40,95,64,Programmable,496,UFBGA,0.375Gb x64,,Production,12.4,15.0,1.1,205,123,1.67,32,0.26,322,2.62,31,96.8,11.3,Watch,1,33.8,DS-LPDDR5X-FAMILY
ANM-L5X-0177,LPDDR5X_COMPONENT,LPDDR5X,COMPONENT,64,,4266,8533,0.5,-25,85,32,Programmable,315,TFBGA,2Gb x32,,Production,12.4,15.0,1.1,354,95,3.73,97,1.021,199,2.1,48,84.3,16.8,Watch,1,62.3,DS-LPDDR5X-FAMILY
ANM-L5X-0178,LPDDR5X_COMPONENT,LPDDR5X,COMPONENT,24,,4266,8533,0.5,-25,85,32,Programmable,441,UFBGA,0.75Gb x32,,Production,12.4,15.0,1.1,473,126,3.75,95,0.754,199,1.59,64,91.4,-5.3,Watch,0,69.0,DS-LPDDR5X-FAMILY
ANM-L5X-0179,LPDDR5X_COMPONENT,LPDDR5X,COMPONENT,48,,4266,8533,0.5,-40,125,64,Programmable,496,UFBGA,0.75Gb x64,,Production,12.4,15.0,1.1,468,150,3.12,23,0.153,562,3.75,31,95.7,-20.0,None,0,38.8,DS-LPDDR5X-FAMILY
ANM-L5X-0180,LPDDR5X_COMPONENT,LPDDR5X,COMPONENT,48,,3200,6400,0.5,-40,85,64,Programmable,441,LFBGA,0.75Gb x64,,Production,12.4,15.0,1.1,819,225,3.64,110,0.489,1173,5.21,35,97.9,-6.6,None,0,34.6,DS-LPDDR5X-FAMILY
ANM-L5X-0181,LPDDR5X_COMPONENT,LPDDR5X,COMPONENT,24,,3200,6400,0.5,-40,95,64,Programmable,441,WFBGA,0.375Gb x64,,Production,12.4,15.0,1.1,383,156,2.46,152,0.974,69,0.45,58,86.6,-0.3,Watch,0,65.8,DS-LPDDR5X-FAMILY
ANM-L5X-0182,LPDDR5X_COMPONENT,LPDDR5X,COMPONENT,16,,3750,7500,0.5,-25,85,32,Programmable,315,UFBGA,0.5Gb x32,,Production,12.4,15.0,1.1,1314,260,5.06,73,0.281,359,1.38,14,87.4,-21.6,None,0,16.1,DS-LPDDR5X-FAMILY
ANM-L5X-0183,LPDDR5X_COMPONENT,LPDDR5X,COMPONENT,48,,3200,6400,0.5,-25,85,64,Programmable,441,LFBGA,0.75Gb x64,,Production,12.4,15.0,1.1,670,135,4.97,147,1.089,313,2.32,26,92.0,-0.0,Watch,1,35.1,DS-LPDDR5X-FAMILY
ANM-L5X-0184,LPDDR5X_COMPONENT,LPDDR5X,COMPONENT,32,,4266,8533,0.5,-40,95,32,Programmable,441,TFBGA,1Gb x32,,Production,12.4,15.0,1.1,1287,258,4.99,119,0.461,309,1.2,23,92.0,-8.9,None,0,24.2,DS-LPDDR5X-FAMILY
ANM-L5X-0185,LPDDR5X_COMPONENT,LPDDR5X,COMPONENT,32,,3200,6400,0.5,-40,85,32,Programmable,315,WFBGA,1Gb x32,,Production,12.4,15.0,1.1,301,81,3.73,72,0.889,62,0.77,55,83.4,-8.7,Watch,1,72.8,DS-LPDDR5X-FAMILY
ANM-L5X-0186,LPDDR5X_COMPONENT,LPDDR5X,COMPONENT,48,,3200,6400,0.5,-40,95,64,Programmable,561,TFBGA,0.75Gb x64,,Contact Sales,12.4,15.0,1.1,244,124,1.97,55,0.444,284,2.3,34,91.7,-2.2,Watch,1,32.5,DS-LPDDR5X-FAMILY
ANM-L5X-0187,LPDDR5X_COMPONENT,LPDDR5X,COMPONENT,24,,3200,6400,0.5,-40,85,32,Programmable,496,WFBGA,0.75Gb x32,,Production,12.4,15.0,1.1,225,121,1.86,31,0.256,234,1.94,14,88.4,0.6,Watch,0,23.2,DS-LPDDR5X-FAMILY
ANM-L5X-0188,LPDDR5X_COMPONENT,LPDDR5X,COMPONENT,96,,3200,6400,0.5,-40,125,32,Programmable,496,TFBGA,3Gb x32,,Introduction,12.4,15.0,1.1,533,182,2.93,391,2.148,258,1.42,60,86.1,-17.5,Constrained,1,75.9,DS-LPDDR5X-FAMILY
ANM-L5X-0189,LPDDR5X_COMPONENT,LPDDR5X,COMPONENT,16,,4266,8533,0.5,-40,85,64,Programmable,441,WFBGA,0.25Gb x64,,Sampling,12.4,15.0,1.1,279,75,3.73,0,0.0,44,0.59,50,97.3,-9.4,None,0,47.2,DS-LPDDR5X-FAMILY
ANM-L5X-0190,LPDDR5X_COMPONENT,LPDDR5X,COMPONENT,128,,4266,8533,0.5,-40,85,32,Programmable,496,WFBGA,4Gb x32,,Production,12.4,15.0,1.1,792,205,3.87,81,0.395,295,1.44,17,88.2,1.1,None,0,19.0,DS-LPDDR5X-FAMILY
ANM-L5X-0191,LPDDR5X_COMPONENT,LPDDR5X,COMPONENT,32,,4266,8533,0.5,-40,125,64,Programmable,561,WFBGA,0.5Gb x64,,Production,12.4,15.0,1.1,1927,324,5.95,163,0.503,491,1.52,23,92.1,-23.3,None,0,27.5,DS-LPDDR5X-FAMILY
ANM-L5X-0192,LPDDR5X_COMPONENT,LPDDR5X,COMPONENT,96,,4266,8533,0.5,-40,85,32,Programmable,441,TFBGA,3Gb x32,,Production,12.4,15.0,1.1,724,107,6.77,19,0.178,208,1.95,14,94.4,27.4,Watch,0,24.8,DS-LPDDR5X-FAMILY
ANM-L5X-0193,LPDDR5X_COMPONENT,LPDDR5X,COMPONENT,24,,3750,7500,0.5,-40,105,64,Programmable,496,TFBGA,0.375Gb x64,,Production,12.4,15.0,1.1,291,143,2.04,9,0.063,320,2.24,38,94.8,45.3,Watch,1,39.5,DS-LPDDR5X-FAMILY
ANM-L5X-0194,LPDDR5X_COMPONENT,LPDDR5X,COMPONENT,128,,3200,6400,0.5,-40,105,64,Programmable,441,UFBGA,2Gb x64,,Production,12.4,15.0,1.1,1363,345,3.95,436,1.264,399,1.16,44,90.0,31.6,Watch,1,58.9,DS-LPDDR5X-FAMILY
ANM-L5X-0195,LPDDR5X_COMPONENT,LPDDR5X,COMPONENT,64,,3750,7500,0.5,-40,105,64,Programmable,561,WFBGA,1Gb x64,,Production,12.4,15.0,1.1,1127,228,4.95,56,0.246,109,0.48,14,90.7,14.3,None,0,22.3,DS-LPDDR5X-FAMILY
ANM-L5X-0196,LPDDR5X_COMPONENT,LPDDR5X,COMPONENT,32,,3750,7500,0.5,-25,85,64,Programmable,561,TFBGA,0.5Gb x64,,Production,12.4,15.0,1.1,668,358,1.87,2,0.006,776,2.17,63,96.5,28.7,Watch,0,62.5,DS-LPDDR5X-FAMILY
ANM-L5X-0197,LPDDR5X_COMPONENT,LPDDR5X,COMPONENT,32,,3200,6400,0.5,-40,125,64,Programmable,496,LFBGA,0.5Gb x64,,End of Life,12.4,15.0,1.1,951,273,3.48,346,1.267,484,1.77,19,89.3,38.3,Watch,1,38.8,DS-LPDDR5X-FAMILY
ANM-L5X-0198,LPDDR5X_COMPONENT,LPDDR5X,COMPONENT,16,,3750,7500,0.5,-40,125,32,Programmable,496,TFBGA,0.5Gb x32,,Production,12.4,15.0,1.1,308,246,1.25,249,1.012,214,0.87,63,91.4,-16.1,Watch,1,73.8,DS-LPDDR5X-FAMILY
ANM-L5X-0199,LPDDR5X_COMPONENT,LPDDR5X,COMPONENT,32,,4266,8533,0.5,-40,85,64,Programmable,496,TFBGA,0.5Gb x64,,Production,12.4,15.0,1.1,87,79,1.1,177,2.241,136,1.73,59,85.2,29.7,Constrained,1,85.9,DS-LPDDR5X-FAMILY
ANM-L5X-0200,LPDDR5X_COMPONENT,LPDDR5X,COMPONENT,128,,3750,7500,0.5,-40,105,64,Programmable,561,LFBGA,2Gb x64,,Production,12.4,15.0,1.1,891,268,3.33,68,0.254,849,3.17,22,95.5,23.5,None,0,23.7,DS-LPDDR5X-FAMILY
ANM-L5X-0201,LPDDR5X_COMPONENT,LPDDR5X,COMPONENT,24,,3750,7500,0.5,-40,85,32,Programmable,561,TFBGA,0.75Gb x32,,Production,12.4,15.0,1.1,203,88,2.32,0,0.0,313,3.57,14,99.8,-6.6,None,0,12.2,DS-LPDDR5X-FAMILY
ANM-L5X-0202,LPDDR5X_COMPONENT,LPDDR5X,COMPONENT,64,,3750,7500,0.5,-40,95,64,Programmable,496,LFBGA,1Gb x64,,Contact Sales,12.4,15.0,1.1,211,53,3.99,82,1.547,16,0.31,44,88.6,8.5,Constrained,1,66.2,DS-LPDDR5X-FAMILY
ANM-L5X-0203,LPDDR5X_COMPONENT,LPDDR5X,COMPONENT,96,,3750,7500,0.5,-40,105,32,Programmable,315,WFBGA,3Gb x32,,Production,12.4,15.0,1.1,670,226,2.97,183,0.81,150,0.67,31,95.2,7.9,Watch,0,44.0,DS-LPDDR5X-FAMILY
ANM-L5X-0204,LPDDR5X_COMPONENT,LPDDR5X,COMPONENT,24,,3750,7500,0.5,-40,105,32,Programmable,496,UFBGA,0.75Gb x32,,Production,12.4,15.0,1.1,801,124,6.46,0,0.0,12,0.1,14,88.4,-38.8,None,0,21.6,DS-LPDDR5X-FAMILY
ANM-L5X-0205,LPDDR5X_COMPONENT,LPDDR5X,COMPONENT,128,,3750,7500,0.5,-40,95,64,Programmable,315,LFBGA,2Gb x64,,End of Life,12.4,15.0,1.1,1137,156,7.29,210,1.346,268,1.72,18,92.4,10.6,Constrained,1,32.3,DS-LPDDR5X-FAMILY
ANM-L5X-0206,LPDDR5X_COMPONENT,LPDDR5X,COMPONENT,32,,4266,8533,0.5,-40,105,64,Programmable,561,TFBGA,0.5Gb x64,,Production,12.4,15.0,1.1,492,340,1.45,427,1.256,123,0.36,79,91.3,34.2,Constrained,1,84.9,DS-LPDDR5X-FAMILY
ANM-L5X-0207,LPDDR5X_COMPONENT,LPDDR5X,COMPONENT,48,,3200,6400,0.5,-40,125,64,Programmable,496,WFBGA,0.75Gb x64,,Production,12.4,15.0,1.1,702,101,6.96,150,1.485,69,0.69,16,82.5,12.7,Constrained,1,35.8,DS-LPDDR5X-FAMILY
ANM-L5X-0208,LPDDR5X_COMPONENT,LPDDR5X,COMPONENT,64,,3200,6400,0.5,-40,125,32,Programmable,315,WFBGA,2Gb x32,,Production,12.4,15.0,1.1,911,253,3.6,0,0.0,1395,5.52,24,92.5,-15.9,None,1,18.9,DS-LPDDR5X-FAMILY
ANM-L5X-0209,LPDDR5X_COMPONENT,LPDDR5X,COMPONENT,48,,3750,7500,0.5,-40,85,32,Programmable,315,UFBGA,1.5Gb x32,,Production,12.4,15.0,1.1,202,86,2.35,116,1.349,334,3.89,65,90.3,35.2,Constrained,1,79.6,DS-LPDDR5X-FAMILY
ANM-L5X-0210,LPDDR5X_COMPONENT,LPDDR5X,COMPONENT,16,,3200,6400,0.5,-40,105,64,Programmable,441,WFBGA,0.25Gb x64,,End of Life,12.4,15.0,1.1,37,50,0.76,6,0.12,30,0.6,45,87.8,14.9,Constrained,1,51.4,DS-LPDDR5X-FAMILY
ANM-L5X-0211,LPDDR5X_COMPONENT,LPDDR5X,COMPONENT,48,,3750,7500,0.5,-40,105,32,Programmable,441,TFBGA,1.5Gb x32,,Contact Sales,12.4,15.0,1.1,428,59,7.27,75,1.271,159,2.71,21,94.7,18.8,Watch,1,43.9,DS-LPDDR5X-FAMILY
ANM-L5X-0212,LPDDR5X_COMPONENT,LPDDR5X,COMPONENT,128,,4266,8533,0.5,-40,85,64,Programmable,441,UFBGA,2Gb x64,,Production,12.4,15.0,1.1,538,113,4.76,80,0.708,90,0.8,14,98.9,0.2,Watch,0,15.0,DS-LPDDR5X-FAMILY
ANM-L5X-0213,LPDDR5X_COMPONENT,LPDDR5X,COMPONENT,32,,3200,6400,0.5,-40,85,32,Programmable,315,WFBGA,1Gb x32,,Introduction,12.4,15.0,1.1,119,121,0.99,145,1.198,306,2.54,54,92.2,10.4,Constrained,1,60.3,DS-LPDDR5X-FAMILY
ANM-L5X-0214,LPDDR5X_COMPONENT,LPDDR5X,COMPONENT,24,,4266,8533,0.5,-40,125,64,Programmable,561,WFBGA,0.375Gb x64,,Production,12.4,15.0,1.1,49,38,1.29,0,0.0,52,1.37,30,99.8,-18.1,Watch,1,29.5,DS-LPDDR5X-FAMILY
ANM-L5X-0215,LPDDR5X_COMPONENT,LPDDR5X,COMPONENT,16,,3750,7500,0.5,-40,95,64,Programmable,561,UFBGA,0.25Gb x64,,Production,12.4,15.0,1.1,388,146,2.66,144,0.986,98,0.68,33,91.1,2.1,Watch,0,42.0,DS-LPDDR5X-FAMILY
ANM-L5X-0216,LPDDR5X_COMPONENT,LPDDR5X,COMPONENT,24,,3750,7500,0.5,-40,85,32,Programmable,561,WFBGA,0.75Gb x32,,Production,12.4,15.0,1.1,1318,371,3.55,0,0.0,451,1.22,25,99.8,11.4,None,0,26.4,DS-LPDDR5X-FAMILY
ANM-L5X-0217,LPDDR5X_COMPONENT,LPDDR5X,COMPONENT,96,,4266,8533,0.5,-40,105,32,Programmable,441,LFBGA,3Gb x32,,Contact Sales,12.4,15.0,1.1,750,154,4.87,85,0.552,214,1.39,14,91.6,56.1,Watch,1,26.7,DS-LPDDR5X-FAMILY
ANM-L5X-0218,LPDDR5X_COMPONENT,LPDDR5X,COMPONENT,96,,4266,8533,0.5,-25,85,64,Programmable,561,TFBGA,1.5Gb x64,,Production,12.4,15.0,1.1,271,109,2.49,99,0.908,230,2.11,20,91.0,-2.3,Watch,0,24.8,DS-LPDDR5X-FAMILY
ANM-L5X-0219,LPDDR5X_COMPONENT,LPDDR5X,COMPONENT,16,,3750,7500,0.5,-25,85,32,Programmable,561,UFBGA,0.5Gb x32,,Production,12.4,15.0,1.1,259,142,1.83,135,0.951,35,0.25,57,84.3,14.8,Watch,1,70.6,DS-LPDDR5X-FAMILY
ANM-L5X-0220,LPDDR5X_COMPONENT,LPDDR5X,COMPONENT,64,,3200,6400,0.5,-25,85,64,Programmable,561,LFBGA,1Gb x64,,Production,12.4,15.0,1.1,1049,181,5.8,397,2.193,275,1.52,57,85.2,-29.6,Constrained,1,75.7,DS-LPDDR5X-FAMILY
ANM-L5X-0221,LPDDR5X_COMPONENT,LPDDR5X,COMPONENT,128,,3200,6400,0.5,-25,85,64,Programmable,496,LFBGA,2Gb x64,,Production,12.4,15.0,1.1,318,384,0.83,154,0.401,1689,4.4,73,97.1,19.7,Constrained,0,74.5,DS-LPDDR5X-FAMILY
ANM-L5X-0222,LPDDR5X_COMPONENT,LPDDR5X,COMPONENT,32,,4266,8533,0.5,-40,105,64,Programmable,315,WFBGA,0.5Gb x64,,Production,12.4,15.0,1.1,174,74,2.36,161,2.176,206,2.79,62,81.5,12.1,Constrained,1,93.4,DS-LPDDR5X-FAMILY
ANM-L5X-0223,LPDDR5X_COMPONENT,LPDDR5X,COMPONENT,96,,3750,7500,0.5,-40,105,32,Programmable,441,UFBGA,3Gb x32,,Production,12.4,15.0,1.1,135,109,1.25,90,0.826,163,1.5,22,88.3,6.2,Watch,1,28.5,DS-LPDDR5X-FAMILY
ANM-L5X-0224,LPDDR5X_COMPONENT,LPDDR5X,COMPONENT,16,,3200,6400,0.5,-25,85,64,Programmable,441,WFBGA,0.25Gb x64,,Production,12.4,15.0,1.1,404,105,3.86,0,0.0,154,1.47,27,94.2,25.6,Watch,0,25.0,DS-LPDDR5X-FAMILY
ANM-L5X-0225,LPDDR5X_COMPONENT,LPDDR5X,COMPONENT,96,,3750,7500,0.5,-40,105,32,Programmable,441,UFBGA,3Gb x32,,Production,12.4,15.0,1.1,243,207,1.18,265,1.28,245,1.18,54,94.3,-19.6,Constrained,1,54.9,DS-LPDDR5X-FAMILY
ANM-L5X-0226,LPDDR5X_COMPONENT,LPDDR5X,COMPONENT,96,,4266,8533,0.5,-40,105,32,Programmable,315,LFBGA,3Gb x32,,Production,12.4,15.0,1.1,516,131,3.94,70,0.534,450,3.44,34,96.8,2.5,None,0,43.7,DS-LPDDR5X-FAMILY
ANM-L5X-0227,LPDDR5X_COMPONENT,LPDDR5X,COMPONENT,16,,4266,8533,0.5,-25,85,32,Programmable,441,WFBGA,0.5Gb x32,,End of Life,12.4,15.0,1.1,256,39,6.58,48,1.231,6,0.16,14,91.7,12.1,Watch,0,35.9,DS-LPDDR5X-FAMILY
ANM-L5X-0228,LPDDR5X_COMPONENT,LPDDR5X,COMPONENT,24,,3200,6400,0.5,-25,85,32,Programmable,315,WFBGA,0.75Gb x32,,End of Life,12.4,15.0,1.1,504,133,3.8,0,0.0,170,1.28,18,90.0,9.9,None,0,22.0,DS-LPDDR5X-FAMILY
ANM-L5X-0229,LPDDR5X_COMPONENT,LPDDR5X,COMPONENT,24,,4266,8533,0.5,-40,85,32,Programmable,441,LFBGA,0.75Gb x32,,Sampling,12.4,15.0,1.1,131,71,1.85,31,0.437,303,4.27,23,89.0,-1.0,Watch,1,25.5,DS-LPDDR5X-FAMILY
ANM-L5X-0230,LPDDR5X_COMPONENT,LPDDR5X,COMPONENT,64,,3200,6400,0.5,-40,95,64,Programmable,441,TFBGA,1Gb x64,,End of Life,12.4,15.0,1.1,293,129,2.28,82,0.636,304,2.36,20,98.3,-26.1,Watch,0,15.7,DS-LPDDR5X-FAMILY
ANM-L5X-0231,LPDDR5X_COMPONENT,LPDDR5X,COMPONENT,48,,3200,6400,0.5,-40,85,32,Programmable,496,LFBGA,1.5Gb x32,,Production,12.4,15.0,1.1,1226,141,8.7,140,0.993,441,3.13,14,90.5,-8.9,Watch,1,18.4,DS-LPDDR5X-FAMILY
ANM-L5X-0232,LPDDR5X_COMPONENT,LPDDR5X,COMPONENT,96,,3750,7500,0.5,-40,105,32,Programmable,561,TFBGA,3Gb x32,,Production,12.4,15.0,1.1,811,171,4.75,202,1.181,388,2.27,25,96.0,39.1,Watch,0,40.9,DS-LPDDR5X-FAMILY
ANM-L5X-0233,LPDDR5X_COMPONENT,LPDDR5X,COMPONENT,32,,4266,8533,0.5,-25,85,64,Programmable,441,LFBGA,0.5Gb x64,,Production,12.4,15.0,1.1,116,110,1.06,84,0.764,358,3.26,44,90.2,8.7,Constrained,0,56.6,DS-LPDDR5X-FAMILY
ANM-L5X-0234,LPDDR5X_COMPONENT,LPDDR5X,COMPONENT,48,,3200,6400,0.5,-40,95,32,Programmable,496,LFBGA,1.5Gb x32,,End of Life,12.4,15.0,1.1,192,108,1.79,146,1.352,282,2.62,60,91.8,40.3,Constrained,1,78.4,DS-LPDDR5X-FAMILY
ANM-L5X-0235,LPDDR5X_COMPONENT,LPDDR5X,COMPONENT,96,,4266,8533,0.5,-40,95,32,Programmable,496,TFBGA,3Gb x32,,End of Life,12.4,15.0,1.1,171,203,0.85,12,0.059,38,0.19,14,93.6,10.4,Constrained,0,10.0,DS-LPDDR5X-FAMILY
ANM-L5X-0236,LPDDR5X_COMPONENT,LPDDR5X,COMPONENT,16,,3750,7500,0.5,-40,125,32,Programmable,561,WFBGA,0.5Gb x32,,Production,12.4,15.0,1.1,432,109,3.97,0,0.0,339,3.11,14,90.0,-10.9,None,0,14.2,DS-LPDDR5X-FAMILY
ANM-L5X-0237,LPDDR5X_COMPONENT,LPDDR5X,COMPONENT,64,,4266,8533,0.5,-40,85,32,Programmable,315,LFBGA,2Gb x32,,Production,12.4,15.0,1.1,1115,154,7.25,2,0.013,727,4.72,14,94.1,0.6,None,0,11.8,DS-LPDDR5X-FAMILY
ANM-L5X-0238,LPDDR5X_COMPONENT,LPDDR5X,COMPONENT,128,,3200,6400,0.5,-25,85,32,Programmable,496,TFBGA,4Gb x32,,Production,12.4,15.0,1.1,145,95,1.54,54,0.568,36,0.39,22,91.2,-40.0,Watch,1,26.0,DS-LPDDR5X-FAMILY
ANM-L5X-0239,LPDDR5X_COMPONENT,LPDDR5X,COMPONENT,48,,3200,6400,0.5,-40,85,32,Programmable,496,WFBGA,1.5Gb x32,,Production,12.4,15.0,1.1,970,211,4.6,328,1.555,345,1.64,53,89.8,-0.1,Constrained,1,66.8,DS-LPDDR5X-FAMILY
ANM-L5X-0240,LPDDR5X_COMPONENT,LPDDR5X,COMPONENT,128,,3200,6400,0.5,-40,95,64,Programmable,441,LFBGA,2Gb x64,,Contact Sales,12.4,15.0,1.1,625,261,2.4,47,0.18,168,0.65,38,88.7,2.7,None,0,44.5,DS-LPDDR5X-FAMILY
ANM-L5X-0241,LPDDR5X_COMPONENT,LPDDR5X,COMPONENT,24,,3200,6400,0.5,-40,85,32,Programmable,561,TFBGA,0.75Gb x32,,Production,12.4,15.0,1.1,192,140,1.38,0,0.0,973,6.96,42,91.9,18.5,Watch,1,40.8,DS-LPDDR5X-FAMILY
ANM-L5X-0242,LPDDR5X_COMPONENT,LPDDR5X,COMPONENT,96,,3200,6400,0.5,-40,105,32,Programmable,441,LFBGA,3Gb x32,,Production,12.4,15.0,1.1,207,68,3.06,65,0.956,119,1.76,45,95.8,21.4,Watch,0,58.9,DS-LPDDR5X-FAMILY
ANM-L5X-0243,LPDDR5X_COMPONENT,LPDDR5X,COMPONENT,24,,3200,6400,0.5,-40,85,32,Programmable,441,TFBGA,0.75Gb x32,,Production,12.4,15.0,1.1,880,79,11.15,0,0.0,73,0.93,14,99.1,-8.1,None,0,19.7,DS-LPDDR5X-FAMILY
ANM-L5X-0244,LPDDR5X_COMPONENT,LPDDR5X,COMPONENT,48,,3750,7500,0.5,-40,85,32,Programmable,561,TFBGA,1.5Gb x32,,Production,12.4,15.0,1.1,78,36,2.19,24,0.667,49,1.39,37,95.2,34.1,Watch,1,48.4,DS-LPDDR5X-FAMILY
ANM-L5X-0245,LPDDR5X_COMPONENT,LPDDR5X,COMPONENT,32,,4266,8533,0.5,-40,85,64,Programmable,561,UFBGA,0.5Gb x64,,Production,12.4,15.0,1.1,764,212,3.61,179,0.844,583,2.75,37,92.1,14.2,Watch,0,40.5,DS-LPDDR5X-FAMILY
ANM-L5X-0246,LPDDR5X_COMPONENT,LPDDR5X,COMPONENT,48,,3750,7500,0.5,-40,105,32,Programmable,561,WFBGA,1.5Gb x32,,Production,12.4,15.0,1.1,167,63,2.66,5,0.079,111,1.77,34,92.4,12.9,None,0,43.5,DS-LPDDR5X-FAMILY
ANM-L5X-0247,LPDDR5X_COMPONENT,LPDDR5X,COMPONENT,128,,3200,6400,0.5,-25,85,64,Programmable,561,WFBGA,2Gb x64,,Contact Sales,12.4,15.0,1.1,1056,218,4.85,59,0.271,423,1.94,14,93.1,6.4,None,0,20.4,DS-LPDDR5X-FAMILY
ANM-L5X-0248,LPDDR5X_COMPONENT,LPDDR5X,COMPONENT,32,,4266,8533,0.5,-40,125,32,Programmable,496,TFBGA,1Gb x32,,Production,12.4,15.0,1.1,1458,169,8.63,1,0.006,242,1.43,14,96.1,26.2,Watch,0,10.0,DS-LPDDR5X-FAMILY
ANM-L5X-0249,LPDDR5X_COMPONENT,LPDDR5X,COMPONENT,32,,3750,7500,0.5,-25,85,64,Programmable,441,UFBGA,0.5Gb x64,,Sampling,12.4,15.0,1.1,200,205,0.98,64,0.312,449,2.19,60,86.5,-12.5,Constrained,1,62.8,DS-LPDDR5X-FAMILY
ANM-L5X-0250,LPDDR5X_COMPONENT,LPDDR5X,COMPONENT,24,,3200,6400,0.5,-40,125,32,Programmable,561,UFBGA,0.75Gb x32,,Production,12.4,15.0,1.1,1073,273,3.93,0,0.0,445,1.63,17,97.2,13.6,None,0,18.8,DS-LPDDR5X-FAMILY
ANM-L5X-0251,LPDDR5X_COMPONENT,LPDDR5X,COMPONENT,48,,4266,8533,0.5,-40,105,64,Programmable,496,WFBGA,0.75Gb x64,,Production,12.4,15.0,1.1,147,135,1.09,138,1.022,128,0.95,60,90.4,18.1,Constrained,1,78.2,DS-LPDDR5X-FAMILY
ANM-L5X-0252,LPDDR5X_COMPONENT,LPDDR5X,COMPONENT,48,,3200,6400,0.5,-40,105,32,Programmable,441,TFBGA,1.5Gb x32,,Sampling,12.4,15.0,1.1,988,111,8.9,73,0.658,121,1.1,14,95.4,-12.2,None,0,15.0,DS-LPDDR5X-FAMILY
ANM-L5X-0253,LPDDR5X_COMPONENT,LPDDR5X,COMPONENT,128,,4266,8533,0.5,-40,125,64,Programmable,496,WFBGA,2Gb x64,,Production,12.4,15.0,1.1,443,78,5.68,0,0.0,247,3.18,14,92.8,-15.6,None,0,10.0,DS-LPDDR5X-FAMILY
ANM-L5X-0254,LPDDR5X_COMPONENT,LPDDR5X,COMPONENT,48,,4266,8533,0.5,-40,85,32,Programmable,315,WFBGA,1.5Gb x32,,End of Life,12.4,15.0,1.1,764,128,5.97,0,0.0,208,1.63,22,97.2,-22.9,None,0,21.4,DS-LPDDR5X-FAMILY
ANM-L5X-0255,LPDDR5X_COMPONENT,LPDDR5X,COMPONENT,96,,4266,8533,0.5,-40,85,32,Programmable,561,UFBGA,3Gb x32,,End of Life,12.4,15.0,1.1,371,174,2.14,419,2.408,271,1.56,43,78.6,-5.8,Constrained,1,58.8,DS-LPDDR5X-FAMILY
ANM-L5X-0256,LPDDR5X_COMPONENT,LPDDR5X,COMPONENT,24,,4266,8533,0.5,-25,85,32,Programmable,315,LFBGA,0.75Gb x32,,Production,12.4,15.0,1.1,55,123,0.45,0,0.0,184,1.5,43,98.4,2.8,Constrained,0,36.0,DS-LPDDR5X-FAMILY
ANM-L5X-0257,LPDDR5X_COMPONENT,LPDDR5X,COMPONENT,48,,4266,8533,0.5,-40,125,32,Programmable,561,TFBGA,1.5Gb x32,,Production,12.4,15.0,1.1,336,164,2.05,253,1.543,426,2.6,54,92.2,13.1,Constrained,1,67.4,DS-LPDDR5X-FAMILY
ANM-L5X-0258,LPDDR5X_COMPONENT,LPDDR5X,COMPONENT,96,,3750,7500,0.5,-40,125,64,Programmable,561,UFBGA,1.5Gb x64,,Sampling,12.4,15.0,1.1,244,163,1.5,71,0.436,70,0.43,46,96.5,21.3,Watch,0,53.9,DS-LPDDR5X-FAMILY
ANM-L5X-0259,LPDDR5X_COMPONENT,LPDDR5X,COMPONENT,128,,3200,6400,0.5,-40,125,32,Programmable,441,UFBGA,4Gb x32,,Production,12.4,15.0,1.1,434,176,2.47,15,0.085,313,1.78,14,98.6,-3.8,None,0,12.0,DS-LPDDR5X-FAMILY
ANM-L5X-0260,LPDDR5X_COMPONENT,LPDDR5X,COMPONENT,96,,3750,7500,0.5,-25,85,64,Programmable,561,TFBGA,1.5Gb x64,,Production,12.4,15.0,1.1,425,142,3.0,73,0.514,409,2.88,39,90.8,-38.0,None,1,41.1,DS-LPDDR5X-FAMILY
ANM-L5X-0261,LPDDR5X_COMPONENT,LPDDR5X,COMPONENT,96,,3750,7500,0.5,-40,95,64,Programmable,441,WFBGA,1.5Gb x64,,Production,12.4,15.0,1.1,324,91,3.56,53,0.582,79,0.87,14,96.3,-3.1,None,0,13.6,DS-LPDDR5X-FAMILY
ANM-L5X-0262,LPDDR5X_COMPONENT,LPDDR5X,COMPONENT,24,,3200,6400,0.5,-40,85,64,Programmable,561,LFBGA,0.375Gb x64,,Production,12.4,15.0,1.1,691,157,4.41,200,1.274,284,1.81,25,89.2,-3.7,Watch,1,36.4,DS-LPDDR5X-FAMILY
ANM-L5X-0263,LPDDR5X_COMPONENT,LPDDR5X,COMPONENT,24,,3200,6400,0.5,-40,85,32,Programmable,561,UFBGA,0.75Gb x32,,Production,12.4,15.0,1.1,783,198,3.96,620,3.131,252,1.27,58,87.9,25.2,Constrained,1,86.2,DS-LPDDR5X-FAMILY
ANM-L5X-0264,LPDDR5X_COMPONENT,LPDDR5X,COMPONENT,16,,4266,8533,0.5,-25,85,32,Programmable,315,UFBGA,0.5Gb x32,,Production,12.4,15.0,1.1,104,219,0.48,80,0.365,700,3.2,36,93.1,20.1,Constrained,1,44.9,DS-LPDDR5X-FAMILY
ANM-L5X-0265,LPDDR5X_COMPONENT,LPDDR5X,COMPONENT,32,,3200,6400,0.5,-40,105,32,Programmable,315,WFBGA,1Gb x32,,Production,12.4,15.0,1.1,179,105,1.71,0,0.0,71,0.68,27,94.8,22.5,Watch,0,28.0,DS-LPDDR5X-FAMILY
ANM-L5X-0266,LPDDR5X_COMPONENT,LPDDR5X,COMPONENT,16,,4266,8533,0.5,-25,85,32,Programmable,315,TFBGA,0.5Gb x32,,Production,12.4,15.0,1.1,594,171,3.48,0,0.0,410,2.4,35,88.8,-4.1,None,0,30.3,DS-LPDDR5X-FAMILY
ANM-L5X-0267,LPDDR5X_COMPONENT,LPDDR5X,COMPONENT,128,,3750,7500,0.5,-40,105,64,Programmable,561,UFBGA,2Gb x64,,Production,12.4,15.0,1.1,222,159,1.4,9,0.057,251,1.58,32,97.7,26.9,Watch,0,33.1,DS-LPDDR5X-FAMILY
ANM-L5X-0268,LPDDR5X_COMPONENT,LPDDR5X,COMPONENT,32,,3750,7500,0.5,-40,95,32,Programmable,561,WFBGA,1Gb x32,,Production,12.4,15.0,1.1,165,104,1.59,101,0.971,370,3.56,51,93.6,-7.8,Watch,0,65.9,DS-LPDDR5X-FAMILY
ANM-L5X-0269,LPDDR5X_COMPONENT,LPDDR5X,COMPONENT,128,,3750,7500,0.5,-25,85,32,Programmable,561,WFBGA,4Gb x32,,Sampling,12.4,15.0,1.1,2632,281,9.37,680,2.42,778,2.77,19,94.0,11.5,Constrained,0,49.9,DS-LPDDR5X-FAMILY
ANM-L5X-0270,LPDDR5X_COMPONENT,LPDDR5X,COMPONENT,24,,3200,6400,0.5,-40,125,32,Programmable,441,UFBGA,0.75Gb x32,,Production,12.4,15.0,1.1,559,129,4.34,150,1.163,373,2.9,38,89.8,-12.9,Watch,0,51.7,DS-LPDDR5X-FAMILY
ANM-L5X-0271,LPDDR5X_COMPONENT,LPDDR5X,COMPONENT,96,,3750,7500,0.5,-40,85,64,Programmable,496,LFBGA,1.5Gb x64,,Production,12.4,15.0,1.1,211,145,1.46,346,2.386,177,1.22,86,85.6,14.3,Constrained,1,114.5,DS-LPDDR5X-FAMILY
ANM-L5X-0272,LPDDR5X_COMPONENT,LPDDR5X,COMPONENT,16,,4266,8533,0.5,-40,105,64,Programmable,561,TFBGA,0.25Gb x64,,Production,12.4,15.0,1.1,420,192,2.19,43,0.224,154,0.8,44,90.9,-22.1,Watch,0,38.7,DS-LPDDR5X-FAMILY
ANM-L5X-0273,LPDDR5X_COMPONENT,LPDDR5X,COMPONENT,16,,3750,7500,0.5,-40,105,64,Programmable,561,LFBGA,0.25Gb x64,,Production,12.4,15.0,1.1,252,89,2.84,0,0.0,153,1.72,46,91.8,6.7,None,0,54.3,DS-LPDDR5X-FAMILY
ANM-L5X-0274,LPDDR5X_COMPONENT,LPDDR5X,COMPONENT,24,,4266,8533,0.5,-40,85,32,Programmable,315,WFBGA,0.75Gb x32,,Production,12.4,15.0,1.1,1026,252,4.07,35,0.139,642,2.55,14,97.5,-5.8,None,0,18.4,DS-LPDDR5X-FAMILY
ANM-L5X-0275,LPDDR5X_COMPONENT,LPDDR5X,COMPONENT,64,,3750,7500,0.5,-40,105,32,Programmable,561,LFBGA,2Gb x32,,Production,12.4,15.0,1.1,528,227,2.33,39,0.172,434,1.92,59,94.2,-28.9,None,0,62.5,DS-LPDDR5X-FAMILY
ANM-L5X-0276,LPDDR5X_COMPONENT,LPDDR5X,COMPONENT,24,,3200,6400,0.5,-25,85,32,Programmable,315,WFBGA,0.75Gb x32,,Production,12.4,15.0,1.1,622,227,2.74,846,3.727,246,1.09,71,75.1,-24.6,Constrained,1,110.6,DS-LPDDR5X-FAMILY
ANM-L5X-0277,LPDDR5X_COMPONENT,LPDDR5X,COMPONENT,48,,3750,7500,0.5,-40,95,32,Programmable,315,WFBGA,1.5Gb x32,,Production,12.4,15.0,1.1,171,110,1.56,54,0.491,91,0.83,58,89.7,1.1,Watch,0,72.0,DS-LPDDR5X-FAMILY
ANM-L5X-0278,LPDDR5X_COMPONENT,LPDDR5X,COMPONENT,96,,4266,8533,0.5,-25,85,64,Programmable,441,UFBGA,1.5Gb x64,,End of Life,12.4,15.0,1.1,129,135,0.96,18,0.133,172,1.28,48,88.3,-9.5,Constrained,0,45.7,DS-LPDDR5X-FAMILY
ANM-L5X-0279,LPDDR5X_COMPONENT,LPDDR5X,COMPONENT,64,,3200,6400,0.5,-40,105,64,Programmable,561,WFBGA,1Gb x64,,Introduction,12.4,15.0,1.1,143,289,0.5,0,0.0,326,1.13,68,91.8,7.1,Constrained,1,75.1,DS-LPDDR5X-FAMILY
ANM-L5X-0280,LPDDR5X_COMPONENT,LPDDR5X,COMPONENT,16,,3750,7500,0.5,-25,85,32,Programmable,496,LFBGA,0.5Gb x32,,Sampling,12.4,15.0,1.1,184,135,1.37,0,0.0,64,0.48,47,95.8,-28.2,Watch,0,48.6,DS-LPDDR5X-FAMILY
ANM-L5X-0281,LPDDR5X_COMPONENT,LPDDR5X,COMPONENT,96,,3200,6400,0.5,-40,85,64,Programmable,561,UFBGA,1.5Gb x64,,Production,12.4,15.0,1.1,413,79,5.23,256,3.241,102,1.3,51,85.2,16.1,Constrained,1,87.4,DS-LPDDR5X-FAMILY
ANM-L5X-0282,LPDDR5X_COMPONENT,LPDDR5X,COMPONENT,16,,4266,8533,0.5,-40,105,32,Programmable,496,WFBGA,0.5Gb x32,,Sampling,12.4,15.0,1.1,185,103,1.8,0,0.0,77,0.76,16,88.4,0.5,Watch,0,14.2,DS-LPDDR5X-FAMILY
ANM-L5X-0283,LPDDR5X_COMPONENT,LPDDR5X,COMPONENT,128,,3200,6400,0.5,-25,85,32,Programmable,315,WFBGA,4Gb x32,,Production,12.4,15.0,1.1,346,182,1.9,0,0.0,269,1.48,17,87.9,43.3,Watch,0,17.6,DS-LPDDR5X-FAMILY
ANM-L5X-0284,LPDDR5X_COMPONENT,LPDDR5X,COMPONENT,24,,3750,7500,0.5,-40,105,32,Programmable,441,WFBGA,0.75Gb x32,,Production,12.4,15.0,1.1,465,135,3.44,33,0.244,548,4.06,38,97.9,21.8,None,1,43.6,DS-LPDDR5X-FAMILY
ANM-L5X-0285,LPDDR5X_COMPONENT,LPDDR5X,COMPONENT,96,,4266,8533,0.5,-40,125,32,Programmable,496,UFBGA,3Gb x32,,Production,12.4,15.0,1.1,284,183,1.56,97,0.53,54,0.3,46,88.7,23.0,Watch,0,48.9,DS-LPDDR5X-FAMILY
ANM-L5X-0286,LPDDR5X_COMPONENT,LPDDR5X,COMPONENT,32,,4266,8533,0.5,-40,85,64,Programmable,496,WFBGA,0.5Gb x64,,Sampling,12.4,15.0,1.1,482,137,3.52,253,1.847,338,2.47,48,86.7,1.6,Constrained,1,75.0,DS-LPDDR5X-FAMILY
ANM-L5X-0287,LPDDR5X_COMPONENT,LPDDR5X,COMPONENT,128,,3750,7500,0.5,-40,85,32,Programmable,315,TFBGA,4Gb x32,,End of Life,12.4,15.0,1.1,408,211,1.93,160,0.758,135,0.64,47,88.7,-13.6,Watch,0,54.0,DS-LPDDR5X-FAMILY
ANM-L5X-0288,LPDDR5X_COMPONENT,LPDDR5X,COMPONENT,128,,3750,7500,0.5,-40,95,64,Programmable,315,TFBGA,2Gb x64,,Production,12.4,15.0,1.1,813,282,2.88,46,0.163,94,0.33,37,88.4,-17.0,None,0,39.3,DS-LPDDR5X-FAMILY
ANM-L5X-0289,LPDDR5X_COMPONENT,LPDDR5X,COMPONENT,96,,3750,7500,0.5,-40,105,64,Programmable,315,WFBGA,1.5Gb x64,,Production,12.4,15.0,1.1,1114,126,8.85,0,0.0,193,1.54,14,90.0,7.1,None,0,10.0,DS-LPDDR5X-FAMILY
ANM-L5X-0290,LPDDR5X_COMPONENT,LPDDR5X,COMPONENT,96,,3200,6400,0.5,-25,85,64,Programmable,496,TFBGA,1.5Gb x64,,Sampling,12.4,15.0,1.1,816,282,2.9,13,0.046,93,0.33,14,90.9,-11.5,None,0,10.7,DS-LPDDR5X-FAMILY
ANM-L5X-0291,LPDDR5X_COMPONENT,LPDDR5X,COMPONENT,128,,3200,6400,0.5,-40,105,64,Programmable,441,TFBGA,2Gb x64,,Production,12.4,15.0,1.1,296,124,2.39,26,0.21,130,1.05,43,96.1,-23.6,None,0,41.4,DS-LPDDR5X-FAMILY
ANM-L5X-0292,LPDDR5X_COMPONENT,LPDDR5X,COMPONENT,24,,3200,6400,0.5,-40,85,32,Programmable,496,LFBGA,0.75Gb x32,,Sampling,12.4,15.0,1.1,1040,295,3.53,49,0.166,102,0.35,26,93.5,-16.2,None,0,20.0,DS-LPDDR5X-FAMILY
ANM-L5X-0293,LPDDR5X_COMPONENT,LPDDR5X,COMPONENT,96,,3200,6400,0.5,-40,105,64,Programmable,315,TFBGA,1.5Gb x64,,Production,12.4,15.0,1.1,345,141,2.45,53,0.376,158,1.12,26,90.0,0.9,None,0,35.0,DS-LPDDR5X-FAMILY
ANM-L5X-0294,LPDDR5X_COMPONENT,LPDDR5X,COMPONENT,24,,3200,6400,0.5,-40,125,32,Programmable,561,UFBGA,0.75Gb x32,,End of Life,12.4,15.0,1.1,153,209,0.74,140,0.67,58,0.28,68,91.8,-18.4,Constrained,1,68.8,DS-LPDDR5X-FAMILY
ANM-L5X-0295,LPDDR5X_COMPONENT,LPDDR5X,COMPONENT,48,,3200,6400,0.5,-25,85,32,Programmable,561,TFBGA,1.5Gb x32,,Production,12.4,15.0,1.1,389,179,2.18,912,5.095,87,0.49,97,84.2,19.5,Constrained,1,140.0,DS-LPDDR5X-FAMILY
ANM-L5X-0296,LPDDR5X_COMPONENT,LPDDR5X,COMPONENT,24,,4266,8533,0.5,-25,85,64,Programmable,561,WFBGA,0.375Gb x64,,Production,12.4,15.0,1.1,82,216,0.38,436,2.019,162,0.75,64,91.0,18.1,Constrained,1,88.5,DS-LPDDR5X-FAMILY
ANM-L5X-0297,LPDDR5X_COMPONENT,LPDDR5X,COMPONENT,32,,3200,6400,0.5,-25,85,32,Programmable,315,LFBGA,1Gb x32,,Production,12.4,15.0,1.1,782,295,2.65,231,0.783,186,0.63,43,99.8,24.5,Watch,0,48.4,DS-LPDDR5X-FAMILY
ANM-L5X-0298,LPDDR5X_COMPONENT,LPDDR5X,COMPONENT,64,,3200,6400,0.5,-40,125,32,Programmable,496,WFBGA,2Gb x32,,Production,12.4,15.0,1.1,2424,537,4.51,257,0.479,1150,2.14,48,94.8,11.2,None,1,54.8,DS-LPDDR5X-FAMILY
ANM-L5X-0299,LPDDR5X_COMPONENT,LPDDR5X,COMPONENT,64,,3200,6400,0.5,-40,105,64,Programmable,496,WFBGA,1Gb x64,,Production,12.4,15.0,1.1,320,113,2.84,37,0.327,38,0.34,25,92.5,-15.1,None,1,19.9,DS-LPDDR5X-FAMILY
ANM-L5X-0300,LPDDR5X_COMPONENT,LPDDR5X,COMPONENT,16,,4266,8533,0.5,-40,105,32,Programmable,561,LFBGA,0.5Gb x32,,Production,12.4,15.0,1.1,512,174,2.95,489,2.81,240,1.38,61,91.1,22.6,Constrained,1,96.0,DS-LPDDR5X-FAMILY
ANM-L5X-0301,LPDDR5X_COMPONENT,LPDDR5X,COMPONENT,128,,4266,8533,0.5,-25,85,64,Programmable,441,LFBGA,2Gb x64,,End of Life,12.4,15.0,1.1,446,200,2.23,150,0.75,230,1.15,14,95.3,10.3,Watch,0,28.5,DS-LPDDR5X-FAMILY
ANM-L5X-0302,LPDDR5X_COMPONENT,LPDDR5X,COMPONENT,24,,4266,8533,0.5,-25,85,32,Programmable,496,WFBGA,0.75Gb x32,,Production,12.4,15.0,1.1,220,91,2.42,169,1.857,37,0.41,73,90.0,6.9,Constrained,1,100.5,DS-LPDDR5X-FAMILY
ANM-L5X-0303,LPDDR5X_COMPONENT,LPDDR5X,COMPONENT,24,,4266,8533,0.5,-25,85,32,Programmable,315,UFBGA,0.75Gb x32,,Production,12.4,15.0,1.1,1367,310,4.41,15,0.048,1075,3.47,19,93.1,1.6,None,0,19.0,DS-LPDDR5X-FAMILY
ANM-L5X-0304,LPDDR5X_COMPONENT,LPDDR5X,COMPONENT,32,,3750,7500,0.5,-40,105,32,Programmable,441,LFBGA,1Gb x32,,Production,12.4,15.0,1.1,378,113,3.35,94,0.832,33,0.29,33,92.0,-1.6,Watch,0,40.2,DS-LPDDR5X-FAMILY
ANM-L5X-0305,LPDDR5X_COMPONENT,LPDDR5X,COMPONENT,64,,3750,7500,0.5,-40,85,64,Programmable,496,WFBGA,1Gb x64,,Production,12.4,15.0,1.1,227,62,3.67,38,0.613,208,3.36,30,92.7,33.8,Watch,0,44.0,DS-LPDDR5X-FAMILY
ANM-L5X-0306,LPDDR5X_COMPONENT,LPDDR5X,COMPONENT,32,,4266,8533,0.5,-25,85,32,Programmable,441,LFBGA,1Gb x32,,Production,12.4,15.0,1.1,593,248,2.39,83,0.335,267,1.08,35,91.7,-32.5,None,1,36.5,DS-LPDDR5X-FAMILY
ANM-L5X-0307,LPDDR5X_COMPONENT,LPDDR5X,COMPONENT,128,,3200,6400,0.5,-40,125,32,Programmable,496,TFBGA,4Gb x32,,Production,12.4,15.0,1.1,136,80,1.7,0,0.0,35,0.45,19,96.0,20.9,Watch,0,17.7,DS-LPDDR5X-FAMILY
ANM-L5X-0308,LPDDR5X_COMPONENT,LPDDR5X,COMPONENT,48,,3200,6400,0.5,-40,95,64,Programmable,441,WFBGA,0.75Gb x64,,Production,12.4,15.0,1.1,338,71,4.77,24,0.338,195,2.75,20,87.2,38.9,Watch,1,23.7,DS-LPDDR5X-FAMILY
ANM-L5X-0309,LPDDR5X_COMPONENT,LPDDR5X,COMPONENT,32,,4266,8533,0.5,-40,85,64,Programmable,315,TFBGA,0.5Gb x64,,Production,12.4,15.0,1.1,174,70,2.49,28,0.4,155,2.22,20,98.2,39.7,Watch,1,36.5,DS-LPDDR5X-FAMILY
ANM-L5X-0310,LPDDR5X_COMPONENT,LPDDR5X,COMPONENT,96,,4266,8533,0.5,-40,95,32,Programmable,561,TFBGA,3Gb x32,,Introduction,12.4,15.0,1.1,143,217,0.66,40,0.184,281,1.3,72,97.2,-23.9,Constrained,1,80.5,DS-LPDDR5X-FAMILY
ANM-L5X-0311,LPDDR5X_COMPONENT,LPDDR5X,COMPONENT,128,,3750,7500,0.5,-25,85,64,Programmable,315,TFBGA,2Gb x64,,Production,12.4,15.0,1.1,675,286,2.36,115,0.402,521,1.82,48,94.4,14.4,None,0,44.9,DS-LPDDR5X-FAMILY
ANM-L5X-0312,LPDDR5X_COMPONENT,LPDDR5X,COMPONENT,96,,4266,8533,0.5,-25,85,64,Programmable,315,UFBGA,1.5Gb x64,,Production,12.4,15.0,1.1,327,481,0.68,0,0.0,520,1.08,46,92.9,24.9,Constrained,1,55.4,DS-LPDDR5X-FAMILY
ANM-L5X-0313,LPDDR5X_COMPONENT,LPDDR5X,COMPONENT,32,,3200,6400,0.5,-40,95,32,Programmable,315,LFBGA,1Gb x32,,Production,12.4,15.0,1.1,326,107,3.05,278,2.598,204,1.91,68,89.0,-9.1,Constrained,0,97.7,DS-LPDDR5X-FAMILY
ANM-L5X-0314,LPDDR5X_COMPONENT,LPDDR5X,COMPONENT,48,,3200,6400,0.5,-40,85,32,Programmable,561,UFBGA,1.5Gb x32,,Production,12.4,15.0,1.1,302,258,1.17,95,0.368,519,2.01,31,94.4,9.6,Constrained,1,28.3,DS-LPDDR5X-FAMILY
ANM-L5X-0315,LPDDR5X_COMPONENT,LPDDR5X,COMPONENT,64,,3750,7500,0.5,-40,125,64,Programmable,315,LFBGA,1Gb x64,,Production,12.4,15.0,1.1,145,80,1.82,35,0.438,91,1.14,42,88.8,21.6,Watch,0,51.4,DS-LPDDR5X-FAMILY
ANM-L5X-0316,LPDDR5X_COMPONENT,LPDDR5X,COMPONENT,48,,3200,6400,0.5,-40,125,64,Programmable,561,WFBGA,0.75Gb x64,,Production,12.4,15.0,1.1,3015,388,7.77,84,0.216,246,0.64,14,85.1,-16.3,None,0,22.8,DS-LPDDR5X-FAMILY
ANM-L5X-0317,LPDDR5X_COMPONENT,LPDDR5X,COMPONENT,96,,4266,8533,0.5,-40,85,32,Programmable,561,TFBGA,3Gb x32,,Production,12.4,15.0,1.1,715,271,2.64,56,0.207,274,1.01,55,94.1,17.1,None,0,61.4,DS-LPDDR5X-FAMILY
ANM-L5X-0318,LPDDR5X_COMPONENT,LPDDR5X,COMPONENT,96,,4266,8533,0.5,-40,85,64,Programmable,561,WFBGA,1.5Gb x64,,Production,12.4,15.0,1.1,324,105,3.09,92,0.876,404,3.85,26,96.3,13.9,Watch,0,33.2,DS-LPDDR5X-FAMILY
ANM-L5X-0319,LPDDR5X_COMPONENT,LPDDR5X,COMPONENT,128,,3750,7500,0.5,-40,95,64,Programmable,441,WFBGA,2Gb x64,,Production,12.4,15.0,1.1,106,109,0.98,56,0.514,250,2.29,51,94.4,-15.4,Constrained,0,50.5,DS-LPDDR5X-FAMILY
ANM-L5X-0320,LPDDR5X_COMPONENT,LPDDR5X,COMPONENT,32,,3750,7500,0.5,-25,85,64,Programmable,315,LFBGA,0.5Gb x64,,Sampling,12.4,15.0,1.1,398,106,3.76,74,0.698,196,1.85,29,88.0,36.2,Watch,0,33.8,DS-LPDDR5X-FAMILY
ANM-L5X-0321,LPDDR5X_COMPONENT,LPDDR5X,COMPONENT,24,,4266,8533,0.5,-25,85,32,Programmable,561,UFBGA,0.75Gb x32,,Introduction,12.4,15.0,1.1,2102,348,6.04,0,0.0,383,1.1,14,96.9,8.0,None,1,14.2,DS-LPDDR5X-FAMILY
ANM-L5X-0322,LPDDR5X_COMPONENT,LPDDR5X,COMPONENT,48,,4266,8533,0.5,-40,105,32,Programmable,315,WFBGA,1.5Gb x32,,Production,12.4,15.0,1.1,517,68,7.61,9,0.132,87,1.29,14,98.9,17.2,None,0,17.4,DS-LPDDR5X-FAMILY
ANM-L5X-0323,LPDDR5X_COMPONENT,LPDDR5X,COMPONENT,128,,4266,8533,0.5,-40,105,32,Programmable,441,UFBGA,4Gb x32,,End of Life,12.4,15.0,1.1,571,206,2.77,115,0.558,580,2.82,46,93.6,-34.4,None,0,46.0,DS-LPDDR5X-FAMILY
ANM-L5X-0324,LPDDR5X_COMPONENT,LPDDR5X,COMPONENT,128,,4266,8533,0.5,-40,125,32,Programmable,441,WFBGA,4Gb x32,,Production,12.4,15.0,1.1,514,162,3.17,46,0.284,319,1.97,29,85.9,22.0,None,0,32.9,DS-LPDDR5X-FAMILY
ANM-L5X-0325,LPDDR5X_COMPONENT,LPDDR5X,COMPONENT,64,,3200,6400,0.5,-25,85,32,Programmable,441,UFBGA,2Gb x32,,Production,12.4,15.0,1.1,1137,259,4.39,44,0.17,1100,4.25,14,90.9,2.2,None,0,23.3,DS-LPDDR5X-FAMILY
ANM-L5X-0326,LPDDR5X_COMPONENT,LPDDR5X,COMPONENT,48,,3750,7500,0.5,-40,85,64,Programmable,315,UFBGA,0.75Gb x64,,Production,12.4,15.0,1.1,136,196,0.7,0,0.0,279,1.43,21,96.6,47.7,Constrained,0,31.3,DS-LPDDR5X-FAMILY
ANM-L5X-0327,LPDDR5X_COMPONENT,LPDDR5X,COMPONENT,128,,4266,8533,0.5,-40,95,32,Programmable,561,UFBGA,4Gb x32,,Production,12.4,15.0,1.1,169,152,1.12,270,1.776,436,2.87,36,86.6,-40.0,Constrained,1,56.4,DS-LPDDR5X-FAMILY
ANM-L5X-0328,LPDDR5X_COMPONENT,LPDDR5X,COMPONENT,96,,4266,8533,0.5,-40,85,64,Programmable,315,UFBGA,1.5Gb x64,,End of Life,12.4,15.0,1.1,948,145,6.54,104,0.717,117,0.81,14,90.7,16.0,Watch,0,29.6,DS-LPDDR5X-FAMILY
ANM-L5X-0329,LPDDR5X_COMPONENT,LPDDR5X,COMPONENT,128,,3750,7500,0.5,-40,95,32,Programmable,561,LFBGA,4Gb x32,,Production,12.4,15.0,1.1,908,251,3.62,503,2.004,993,3.96,58,83.2,19.0,Constrained,1,85.2,DS-LPDDR5X-FAMILY
ANM-L5X-0330,LPDDR5X_COMPONENT,LPDDR5X,COMPONENT,16,,3750,7500,0.5,-40,105,32,Programmable,315,UFBGA,0.5Gb x32,,Production,12.4,15.0,1.1,774,86,9.0,51,0.593,477,5.55,14,95.7,15.2,None,0,16.7,DS-LPDDR5X-FAMILY
ANM-L5X-0331,LPDDR5X_COMPONENT,LPDDR5X,COMPONENT,16,,4266,8533,0.5,-40,105,32,Programmable,561,LFBGA,0.5Gb x32,,Production,12.4,15.0,1.1,521,83,6.28,119,1.434,27,0.33,14,91.6,-11.4,Constrained,0,29.5,DS-LPDDR5X-FAMILY
ANM-L5X-0332,LPDDR5X_COMPONENT,LPDDR5X,COMPONENT,32,,3200,6400,0.5,-40,105,64,Programmable,496,UFBGA,0.5Gb x64,,Production,12.4,15.0,1.1,428,169,2.53,198,1.172,551,3.27,54,89.4,5.9,Watch,0,64.8,DS-LPDDR5X-FAMILY
ANM-L5X-0333,LPDDR5X_COMPONENT,LPDDR5X,COMPONENT,64,,3750,7500,0.5,-40,105,32,Programmable,441,WFBGA,2Gb x32,,Production,12.4,15.0,1.1,230,178,1.29,188,1.056,392,2.21,37,94.1,-30.2,Watch,0,42.9,DS-LPDDR5X-FAMILY
ANM-L5X-0334,LPDDR5X_COMPONENT,LPDDR5X,COMPONENT,16,,3750,7500,0.5,-25,85,32,Programmable,496,TFBGA,0.5Gb x32,,Production,12.4,15.0,1.1,135,66,2.06,52,0.788,235,3.57,14,83.7,-16.6,Watch,0,24.0,DS-LPDDR5X-FAMILY
ANM-L5X-0335,LPDDR5X_COMPONENT,LPDDR5X,COMPONENT,96,,3750,7500,0.5,-40,85,32,Programmable,561,TFBGA,3Gb x32,,End of Life,12.4,15.0,1.1,557,155,3.6,66,0.426,173,1.12,14,92.1,-12.0,None,0,13.9,DS-LPDDR5X-FAMILY
ANM-L5X-0336,LPDDR5X_COMPONENT,LPDDR5X,COMPONENT,16,,3750,7500,0.5,-40,125,64,Programmable,441,WFBGA,0.25Gb x64,,Production,12.4,15.0,1.1,537,122,4.41,26,0.213,56,0.46,49,98.3,-27.4,None,0,44.3,DS-LPDDR5X-FAMILY
ANM-L5X-0337,LPDDR5X_COMPONENT,LPDDR5X,COMPONENT,48,,4266,8533,0.5,-40,85,64,Programmable,315,LFBGA,0.75Gb x64,,Introduction,12.4,15.0,1.1,972,105,9.27,0,0.0,54,0.52,34,91.7,10.0,None,1,37.5,DS-LPDDR5X-FAMILY
ANM-L5X-0338,LPDDR5X_COMPONENT,LPDDR5X,COMPONENT,32,,4266,8533,0.5,-40,85,32,Programmable,496,LFBGA,1Gb x32,,Production,12.4,15.0,1.1,350,108,3.24,181,1.676,526,4.87,37,83.2,22.7,Constrained,1,55.8,DS-LPDDR5X-FAMILY
ANM-L5X-0339,LPDDR5X_COMPONENT,LPDDR5X,COMPONENT,16,,3750,7500,0.5,-40,95,64,Programmable,561,UFBGA,0.25Gb x64,,Production,12.4,15.0,1.1,468,78,6.01,154,1.974,325,4.17,31,89.0,43.0,Constrained,1,51.5,DS-LPDDR5X-FAMILY
ANM-L5X-0340,LPDDR5X_COMPONENT,LPDDR5X,COMPONENT,64,,3200,6400,0.5,-40,85,32,Programmable,315,UFBGA,2Gb x32,,Contact Sales,12.4,15.0,1.1,322,146,2.21,0,0.0,194,1.33,36,99.4,6.6,Watch,0,39.6,DS-LPDDR5X-FAMILY
ANM-L5X-0341,LPDDR5X_COMPONENT,LPDDR5X,COMPONENT,24,,4266,8533,0.5,-40,85,64,Programmable,315,WFBGA,0.375Gb x64,,Sampling,12.4,15.0,1.1,1215,234,5.19,103,0.44,137,0.59,14,93.8,12.2,None,0,22.9,DS-LPDDR5X-FAMILY
ANM-L5X-0342,LPDDR5X_COMPONENT,LPDDR5X,COMPONENT,24,,3200,6400,0.5,-40,85,32,Programmable,441,LFBGA,0.75Gb x32,,Production,12.4,15.0,1.1,555,191,2.91,14,0.073,577,3.02,35,92.8,8.5,None,0,29.7,DS-LPDDR5X-FAMILY
ANM-L5X-0343,LPDDR5X_COMPONENT,LPDDR5X,COMPONENT,24,,3200,6400,0.5,-25,85,64,Programmable,315,TFBGA,0.375Gb x64,,Contact Sales,12.4,15.0,1.1,266,64,4.16,96,1.5,251,3.92,57,95.7,-8.2,Constrained,1,71.8,DS-LPDDR5X-FAMILY
ANM-L5X-0344,LPDDR5X_COMPONENT,LPDDR5X,COMPONENT,64,,3750,7500,0.5,-40,85,32,Programmable,561,UFBGA,2Gb x32,,Production,12.4,15.0,1.1,522,151,3.46,76,0.503,57,0.38,14,95.8,-5.8,None,0,13.4,DS-LPDDR5X-FAMILY
ANM-L5X-0345,LPDDR5X_COMPONENT,LPDDR5X,COMPONENT,96,,3200,6400,0.5,-25,85,64,Programmable,496,UFBGA,1.5Gb x64,,Production,12.4,15.0,1.1,1074,298,3.6,119,0.399,849,2.85,35,99.3,-8.5,None,0,35.6,DS-LPDDR5X-FAMILY
ANM-L5X-0346,LPDDR5X_COMPONENT,LPDDR5X,COMPONENT,48,,3200,6400,0.5,-25,85,64,Programmable,315,TFBGA,0.75Gb x64,,Production,12.4,15.0,1.1,1453,129,11.27,89,0.69,9,0.07,14,90.0,-20.0,None,0,25.6,DS-LPDDR5X-FAMILY
ANM-L5X-0347,LPDDR5X_COMPONENT,LPDDR5X,COMPONENT,32,,3200,6400,0.5,-40,105,64,Programmable,315,UFBGA,0.5Gb x64,,Production,12.4,15.0,1.1,890,146,6.1,0,0.0,161,1.11,14,92.9,54.4,Watch,1,22.6,DS-LPDDR5X-FAMILY
ANM-L5X-0348,LPDDR5X_COMPONENT,LPDDR5X,COMPONENT,48,,3750,7500,0.5,-40,95,64,Programmable,315,LFBGA,0.75Gb x64,,Production,12.4,15.0,1.1,331,75,4.42,84,1.12,135,1.81,14,93.8,-18.8,Watch,0,34.2,DS-LPDDR5X-FAMILY
ANM-L5X-0349,LPDDR5X_COMPONENT,LPDDR5X,COMPONENT,128,,3200,6400,0.5,-40,95,64,Programmable,496,UFBGA,2Gb x64,,Production,12.4,15.0,1.1,370,63,5.89,63,1.0,82,1.32,19,93.2,-10.6,Watch,0,23.5,DS-LPDDR5X-FAMILY
ANM-L5X-0350,LPDDR5X_COMPONENT,LPDDR5X,COMPONENT,64,,3750,7500,0.5,-25,85,32,Programmable,315,TFBGA,2Gb x32,,Production,12.4,15.0,1.1,3141,305,10.3,0,0.0,996,3.27,14,98.5,0.4,None,0,23.0,DS-LPDDR5X-FAMILY
ANM-L5X-0351,LPDDR5X_COMPONENT,LPDDR5X,COMPONENT,96,,3200,6400,0.5,-40,105,32,Programmable,315,LFBGA,3Gb x32,,End of Life,12.4,15.0,1.1,362,107,3.39,235,2.196,232,2.17,52,88.8,34.6,Constrained,1,77.6,DS-LPDDR5X-FAMILY
ANM-L5X-0352,LPDDR5X_COMPONENT,LPDDR5X,COMPONENT,32,,4266,8533,0.5,-40,85,64,Programmable,315,TFBGA,0.5Gb x64,,Production,12.4,15.0,1.1,208,141,1.48,3,0.021,86,0.61,14,97.1,19.8,Watch,0,28.0,DS-LPDDR5X-FAMILY
ANM-L5X-0353,LPDDR5X_COMPONENT,LPDDR5X,COMPONENT,96,,3750,7500,0.5,-40,95,64,Programmable,315,WFBGA,1.5Gb x64,,Contact Sales,12.4,15.0,1.1,1381,262,5.27,186,0.71,908,3.47,26,95.5,4.7,Watch,1,33.6,DS-LPDDR5X-FAMILY
ANM-L5X-0354,LPDDR5X_COMPONENT,LPDDR5X,COMPONENT,48,,4266,8533,0.5,-40,85,32,Programmable,441,UFBGA,1.5Gb x32,,Production,12.4,15.0,1.1,122,64,1.91,54,0.844,87,1.36,23,87.3,38.5,Watch,0,36.6,DS-LPDDR5X-FAMILY
ANM-L5X-0355,LPDDR5X_COMPONENT,LPDDR5X,COMPONENT,16,,4266,8533,0.5,-40,105,32,Programmable,315,WFBGA,0.5Gb x32,,Production,12.4,15.0,1.1,413,249,1.66,107,0.43,942,3.79,40,86.3,7.0,Watch,0,47.5,DS-LPDDR5X-FAMILY
ANM-L5X-0356,LPDDR5X_COMPONENT,LPDDR5X,COMPONENT,48,,4266,8533,0.5,-40,105,64,Programmable,441,UFBGA,0.75Gb x64,,Production,12.4,15.0,1.1,2212,345,6.41,418,1.212,854,2.48,28,86.6,-24.2,Watch,1,36.7,DS-LPDDR5X-FAMILY
ANM-L5X-0357,LPDDR5X_COMPONENT,LPDDR5X,COMPONENT,24,,4266,8533,0.5,-40,125,32,Programmable,496,WFBGA,0.75Gb x32,,Production,12.4,15.0,1.1,164,139,1.18,179,1.288,256,1.85,37,95.1,5.7,Constrained,1,54.5,DS-LPDDR5X-FAMILY
ANM-L5X-0358,LPDDR5X_COMPONENT,LPDDR5X,COMPONENT,96,,3750,7500,0.5,-40,85,32,Programmable,315,TFBGA,3Gb x32,,Production,12.4,15.0,1.1,985,240,4.11,226,0.942,337,1.41,48,95.7,-0.3,Watch,1,60.6,DS-LPDDR5X-FAMILY
ANM-L5X-0359,LPDDR5X_COMPONENT,LPDDR5X,COMPONENT,96,,3200,6400,0.5,-40,85,64,Programmable,315,UFBGA,1.5Gb x64,,Production,12.4,15.0,1.1,393,133,2.96,60,0.451,107,0.81,14,93.2,4.5,None,0,13.4,DS-LPDDR5X-FAMILY
ANM-L5X-0360,LPDDR5X_COMPONENT,LPDDR5X,COMPONENT,128,,3200,6400,0.5,-25,85,32,Programmable,496,UFBGA,4Gb x32,,Production,12.4,15.0,1.1,260,161,1.62,82,0.509,103,0.64,56,93.5,-7.9,Watch,0,62.7,DS-LPDDR5X-FAMILY
ANM-L5X-0361,LPDDR5X_COMPONENT,LPDDR5X,COMPONENT,64,,3750,7500,0.5,-40,105,32,Programmable,496,UFBGA,2Gb x32,,End of Life,12.4,15.0,1.1,1954,379,5.16,245,0.646,717,1.89,38,94.4,-18.6,None,0,49.9,DS-LPDDR5X-FAMILY
ANM-L5X-0362,LPDDR5X_COMPONENT,LPDDR5X,COMPONENT,16,,3750,7500,0.5,-40,95,32,Programmable,496,TFBGA,0.5Gb x32,,End of Life,12.4,15.0,1.1,558,232,2.41,125,0.539,366,1.58,28,95.7,-29.5,None,0,30.0,DS-LPDDR5X-FAMILY
ANM-L5X-0363,LPDDR5X_COMPONENT,LPDDR5X,COMPONENT,128,,4266,8533,0.5,-40,105,32,Programmable,441,UFBGA,4Gb x32,,Introduction,12.4,15.0,1.1,78,113,0.69,175,1.549,241,2.14,74,94.2,5.3,Constrained,1,95.5,DS-LPDDR5X-FAMILY
ANM-L5X-0364,LPDDR5X_COMPONENT,LPDDR5X,COMPONENT,32,,3200,6400,0.5,-40,85,64,Programmable,441,WFBGA,0.5Gb x64,,Sampling,12.4,15.0,1.1,327,97,3.38,3,0.031,70,0.73,33,99.8,-38.5,None,0,38.5,DS-LPDDR5X-FAMILY
ANM-L5X-0365,LPDDR5X_COMPONENT,LPDDR5X,COMPONENT,24,,3750,7500,0.5,-40,105,32,Programmable,561,TFBGA,0.75Gb x32,,Production,12.4,15.0,1.1,590,153,3.86,136,0.889,62,0.41,40,94.8,-5.7,Watch,0,49.3,DS-LPDDR5X-FAMILY
ANM-L5X-0366,LPDDR5X_COMPONENT,LPDDR5X,COMPONENT,24,,4266,8533,0.5,-40,85,64,Programmable,315,UFBGA,0.375Gb x64,,Production,12.4,15.0,1.1,516,203,2.54,3,0.015,203,1.0,21,93.3,6.4,None,0,23.3,DS-LPDDR5X-FAMILY
ANM-L5X-0367,LPDDR5X_COMPONENT,LPDDR5X,COMPONENT,128,,3750,7500,0.5,-25,85,32,Programmable,315,TFBGA,4Gb x32,,Production,12.4,15.0,1.1,275,147,1.87,95,0.646,202,1.38,47,89.1,-5.7,Watch,0,61.7,DS-LPDDR5X-FAMILY
ANM-L5X-0368,LPDDR5X_COMPONENT,LPDDR5X,COMPONENT,96,,3750,7500,0.5,-40,125,32,Programmable,315,TFBGA,3Gb x32,,Production,12.4,15.0,1.1,362,134,2.71,0,0.0,398,2.97,26,89.0,-10.9,None,0,21.8,DS-LPDDR5X-FAMILY
ANM-L5X-0369,LPDDR5X_COMPONENT,LPDDR5X,COMPONENT,16,,3200,6400,0.5,-25,85,32,Programmable,441,TFBGA,0.5Gb x32,,Sampling,12.4,15.0,1.1,848,151,5.62,54,0.358,170,1.13,23,92.5,8.2,None,0,23.9,DS-LPDDR5X-FAMILY
ANM-L5X-0370,LPDDR5X_COMPONENT,LPDDR5X,COMPONENT,96,,4266,8533,0.5,-25,85,32,Programmable,496,LFBGA,3Gb x32,,Contact Sales,12.4,15.0,1.1,198,74,2.68,139,1.878,166,2.25,58,92.1,-24.4,Constrained,1,77.6,DS-LPDDR5X-FAMILY
ANM-L5X-0371,LPDDR5X_COMPONENT,LPDDR5X,COMPONENT,24,,3750,7500,0.5,-40,85,64,Programmable,496,UFBGA,0.375Gb x64,,Production,12.4,15.0,1.1,1038,134,7.75,127,0.948,390,2.91,14,94.1,24.4,Watch,1,29.0,DS-LPDDR5X-FAMILY
ANM-L5X-0372,LPDDR5X_COMPONENT,LPDDR5X,COMPONENT,64,,4266,8533,0.5,-40,125,64,Programmable,315,LFBGA,1Gb x64,,Introduction,12.4,15.0,1.1,489,186,2.63,0,0.0,116,0.63,28,90.9,-11.9,None,1,28.4,DS-LPDDR5X-FAMILY
ANM-L5X-0373,LPDDR5X_COMPONENT,LPDDR5X,COMPONENT,32,,3200,6400,0.5,-40,85,64,Programmable,441,LFBGA,0.5Gb x64,,Production,12.4,15.0,1.1,83,64,1.3,110,1.719,191,3.0,66,90.2,21.1,Constrained,1,85.1,DS-LPDDR5X-FAMILY
ANM-L5X-0374,LPDDR5X_COMPONENT,LPDDR5X,COMPONENT,24,,3750,7500,0.5,-40,85,64,Programmable,315,WFBGA,0.375Gb x64,,Production,12.4,15.0,1.1,757,134,5.65,73,0.545,256,1.92,14,93.4,-7.2,None,0,17.7,DS-LPDDR5X-FAMILY
ANM-L5X-0375,LPDDR5X_COMPONENT,LPDDR5X,COMPONENT,24,,3200,6400,0.5,-40,95,64,Programmable,496,LFBGA,0.375Gb x64,,Production,12.4,15.0,1.1,1335,260,5.14,64,0.246,54,0.21,31,91.5,14.4,None,0,40.4,DS-LPDDR5X-FAMILY
ANM-L5X-0376,LPDDR5X_COMPONENT,LPDDR5X,COMPONENT,16,,3200,6400,0.5,-40,85,32,Programmable,496,WFBGA,0.5Gb x32,,Production,12.4,15.0,1.1,69,164,0.43,212,1.293,172,1.05,56,91.5,61.4,Constrained,1,82.8,DS-LPDDR5X-FAMILY
ANM-L5X-0377,LPDDR5X_COMPONENT,LPDDR5X,COMPONENT,24,,4266,8533,0.5,-40,125,64,Programmable,496,UFBGA,0.375Gb x64,,Contact Sales,12.4,15.0,1.1,309,218,1.42,542,2.486,1035,4.75,67,82.2,4.3,Constrained,1,90.8,DS-LPDDR5X-FAMILY
ANM-L5X-0378,LPDDR5X_COMPONENT,LPDDR5X,COMPONENT,48,,4266,8533,0.5,-40,95,64,Programmable,315,LFBGA,0.75Gb x64,,Contact Sales,12.4,15.0,1.1,213,143,1.49,27,0.189,250,1.75,40,98.7,14.3,Watch,0,42.9,DS-LPDDR5X-FAMILY
ANM-L5X-0379,LPDDR5X_COMPONENT,LPDDR5X,COMPONENT,128,,4266,8533,0.5,-40,95,32,Programmable,561,TFBGA,4Gb x32,,Production,12.4,15.0,1.1,819,210,3.9,666,3.171,625,2.98,52,82.8,29.0,Constrained,1,84.4,DS-LPDDR5X-FAMILY
ANM-L5X-0380,LPDDR5X_COMPONENT,LPDDR5X,COMPONENT,48,,3200,6400,0.5,-40,125,32,Programmable,496,WFBGA,1.5Gb x32,,Production,12.4,15.0,1.1,695,141,4.94,279,1.979,274,1.95,48,88.2,8.8,Constrained,1,66.1,DS-LPDDR5X-FAMILY
ANM-L5X-0381,LPDDR5X_COMPONENT,LPDDR5X,COMPONENT,24,,3200,6400,0.5,-40,95,64,Programmable,561,UFBGA,0.375Gb x64,,Production,12.4,15.0,1.1,442,94,4.71,68,0.723,282,3.0,38,95.5,8.2,Watch,0,47.6,DS-LPDDR5X-FAMILY
ANM-L5X-0382,LPDDR5X_COMPONENT,LPDDR5X,COMPONENT,48,,4266,8533,0.5,-40,85,64,Programmable,561,TFBGA,0.75Gb x64,,Production,12.4,15.0,1.1,905,198,4.57,244,1.232,261,1.32,30,88.4,-27.3,Watch,0,44.2,DS-LPDDR5X-FAMILY
ANM-L5X-0383,LPDDR5X_COMPONENT,LPDDR5X,COMPONENT,64,,3750,7500,0.5,-40,105,32,Programmable,561,LFBGA,2Gb x32,,Production,12.4,15.0,1.1,127,161,0.79,60,0.373,617,3.84,30,86.0,14.6,Constrained,0,39.3,DS-LPDDR5X-FAMILY
ANM-L5X-0384,LPDDR5X_COMPONENT,LPDDR5X,COMPONENT,128,,4266,8533,0.5,-25,85,32,Programmable,496,TFBGA,4Gb x32,,Production,12.4,15.0,1.1,195,201,0.97,510,2.537,454,2.26,91,91.2,11.9,Constrained,0,122.2,DS-LPDDR5X-FAMILY
ANM-L5X-0385,LPDDR5X_COMPONENT,LPDDR5X,COMPONENT,16,,3750,7500,0.5,-40,85,64,Programmable,315,LFBGA,0.25Gb x64,,Contact Sales,12.4,15.0,1.1,432,91,4.75,40,0.44,325,3.58,30,94.2,24.2,None,0,31.4,DS-LPDDR5X-FAMILY
ANM-L5X-0386,LPDDR5X_COMPONENT,LPDDR5X,COMPONENT,128,,3200,6400,0.5,-40,105,64,Programmable,561,TFBGA,2Gb x64,,Production,12.4,15.0,1.1,2498,262,9.54,288,1.099,253,0.97,18,88.5,33.9,Watch,0,38.6,DS-LPDDR5X-FAMILY
ANM-L5X-0387,LPDDR5X_COMPONENT,LPDDR5X,COMPONENT,16,,4266,8533,0.5,-25,85,32,Programmable,561,TFBGA,0.5Gb x32,,Sampling,12.4,15.0,1.1,182,97,1.88,311,3.206,102,1.05,52,86.8,-11.5,Constrained,1,81.4,DS-LPDDR5X-FAMILY
ANM-L5X-0388,LPDDR5X_COMPONENT,LPDDR5X,COMPONENT,48,,3750,7500,0.5,-25,85,32,Programmable,561,LFBGA,1.5Gb x32,,Introduction,12.4,15.0,1.1,110,47,2.34,0,0.0,76,1.62,28,91.6,33.1,Watch,0,27.7,DS-LPDDR5X-FAMILY
ANM-L5X-0389,LPDDR5X_COMPONENT,LPDDR5X,COMPONENT,16,,3200,6400,0.5,-40,85,64,Programmable,441,LFBGA,0.25Gb x64,,Production,12.4,15.0,1.1,1052,130,8.1,110,0.846,317,2.44,14,89.4,-13.4,Watch,0,21.0,DS-LPDDR5X-FAMILY
ANM-L5X-0390,LPDDR5X_COMPONENT,LPDDR5X,COMPONENT,128,,3750,7500,0.5,-40,85,32,Programmable,441,WFBGA,4Gb x32,,Sampling,12.4,15.0,1.1,952,176,5.41,79,0.449,176,1.0,39,93.9,-12.0,None,0,43.3,DS-LPDDR5X-FAMILY
ANM-L5X-0391,LPDDR5X_COMPONENT,LPDDR5X,COMPONENT,32,,3750,7500,0.5,-40,95,64,Programmable,315,WFBGA,0.5Gb x64,,Production,12.4,15.0,1.1,2636,403,6.54,445,1.104,1021,2.54,41,88.8,-30.7,Watch,1,54.0,DS-LPDDR5X-FAMILY
ANM-L5X-0392,LPDDR5X_COMPONENT,LPDDR5X,COMPONENT,96,,3200,6400,0.5,-40,125,32,Programmable,315,TFBGA,3Gb x32,,Production,12.4,15.0,1.1,115,151,0.76,106,0.702,72,0.48,66,93.2,14.8,Constrained,1,78.1,DS-LPDDR5X-FAMILY
ANM-L5X-0393,LPDDR5X_COMPONENT,LPDDR5X,COMPONENT,48,,4266,8533,0.5,-40,125,64,Programmable,441,UFBGA,0.75Gb x64,,Production,12.4,15.0,1.1,714,107,6.68,125,1.168,132,1.24,14,92.7,-0.9,Watch,1,11.7,DS-LPDDR5X-FAMILY
ANM-L5X-0394,LPDDR5X_COMPONENT,LPDDR5X,COMPONENT,16,,4266,8533,0.5,-40,85,64,Programmable,561,TFBGA,0.25Gb x64,,Production,12.4,15.0,1.1,909,154,5.91,18,0.117,54,0.35,14,92.1,-23.2,None,0,10.0,DS-LPDDR5X-FAMILY
ANM-L5X-0395,LPDDR5X_COMPONENT,LPDDR5X,COMPONENT,24,,4266,8533,0.5,-40,105,32,Programmable,496,WFBGA,0.75Gb x32,,Production,12.4,15.0,1.1,612,300,2.04,1110,3.7,462,1.54,46,90.3,-6.7,Constrained,1,86.6,DS-LPDDR5X-FAMILY
ANM-L5X-0396,LPDDR5X_COMPONENT,LPDDR5X,COMPONENT,48,,3200,6400,0.5,-40,95,32,Programmable,441,WFBGA,1.5Gb x32,,Production,12.4,15.0,1.1,868,161,5.39,88,0.547,280,1.75,43,83.6,12.3,None,1,48.1,DS-LPDDR5X-FAMILY
ANM-L5X-0397,LPDDR5X_COMPONENT,LPDDR5X,COMPONENT,32,,4266,8533,0.5,-25,85,64,Programmable,496,TFBGA,0.5Gb x64,,Production,12.4,15.0,1.1,2822,389,7.26,1208,3.105,1056,2.72,46,83.3,5.5,Constrained,1,85.6,DS-LPDDR5X-FAMILY
ANM-L5X-0398,LPDDR5X_COMPONENT,LPDDR5X,COMPONENT,24,,4266,8533,0.5,-40,95,32,Programmable,441,TFBGA,0.75Gb x32,,Production,12.4,15.0,1.1,96,149,0.65,106,0.711,366,2.46,67,88.6,-7.6,Constrained,1,79.3,DS-LPDDR5X-FAMILY
ANM-L5X-0399,LPDDR5X_COMPONENT,LPDDR5X,COMPONENT,32,,3200,6400,0.5,-40,125,32,Programmable,315,WFBGA,1Gb x32,,Production,12.4,15.0,1.1,470,213,2.21,0,0.0,623,2.93,50,96.9,20.4,Watch,1,46.8,DS-LPDDR5X-FAMILY
ANM-L5X-0400,LPDDR5X_COMPONENT,LPDDR5X,COMPONENT,32,,3200,6400,0.5,-40,95,64,Programmable,441,WFBGA,0.5Gb x64,,Production,12.4,15.0,1.1,323,188,1.72,0,0.0,411,2.19,49,94.1,3.7,Watch,0,51.7,DS-LPDDR5X-FAMILY
ANM-L5X-0401,LPDDR5X_COMPONENT,LPDDR5X,COMPONENT,32,,3200,6400,0.5,-40,95,32,Programmable,315,WFBGA,1Gb x32,,Production,12.4,15.0,1.1,191,108,1.78,9,0.083,56,0.52,46,92.5,-36.0,Watch,0,51.3,DS-LPDDR5X-FAMILY
ANM-L5X-0402,LPDDR5X_COMPONENT,LPDDR5X,COMPONENT,16,,4266,8533,0.5,-40,105,64,Programmable,496,LFBGA,0.25Gb x64,,Production,12.4,15.0,1.1,676,233,2.9,0,0.0,240,1.03,59,97.1,-10.5,None,0,55.9,DS-LPDDR5X-FAMILY
ANM-L5X-0403,LPDDR5X_COMPONENT,LPDDR5X,COMPONENT,16,,4266,8533,0.5,-40,85,32,Programmable,441,TFBGA,0.5Gb x32,,Sampling,12.4,15.0,1.1,883,314,2.81,170,0.541,803,2.56,44,92.0,-29.6,None,1,48.8,DS-LPDDR5X-FAMILY
ANM-L5X-0404,LPDDR5X_COMPONENT,LPDDR5X,COMPONENT,64,,4266,8533,0.5,-40,105,64,Programmable,496,TFBGA,1Gb x64,,Production,12.4,15.0,1.1,142,86,1.66,0,0.0,7,0.09,43,96.7,7.7,Watch,0,40.3,DS-LPDDR5X-FAMILY
ANM-L5X-0405,LPDDR5X_COMPONENT,LPDDR5X,COMPONENT,48,,3200,6400,0.5,-40,85,64,Programmable,315,TFBGA,0.75Gb x64,,End of Life,12.4,15.0,1.1,252,91,2.77,54,0.593,180,1.98,32,90.5,5.6,None,0,38.4,DS-LPDDR5X-FAMILY
ANM-L5X-0406,LPDDR5X_COMPONENT,LPDDR5X,COMPONENT,48,,3200,6400,0.5,-40,85,32,Programmable,315,UFBGA,1.5Gb x32,,Production,12.4,15.0,1.1,722,93,7.77,256,2.753,179,1.93,31,84.8,4.7,Constrained,1,54.0,DS-LPDDR5X-FAMILY
ANM-L5X-0407,LPDDR5X_COMPONENT,LPDDR5X,COMPONENT,24,,3750,7500,0.5,-25,85,32,Programmable,496,UFBGA,0.75Gb x32,,Production,12.4,15.0,1.1,309,97,3.19,0,0.0,234,2.41,26,93.3,-7.4,None,1,23.5,DS-LPDDR5X-FAMILY
ANM-L5X-0408,LPDDR5X_COMPONENT,LPDDR5X,COMPONENT,96,,3750,7500,0.5,-40,105,64,Programmable,561,UFBGA,1.5Gb x64,,Production,12.4,15.0,1.1,197,110,1.79,60,0.545,127,1.16,38,97.4,-6.8,Watch,1,41.1,DS-LPDDR5X-FAMILY
ANM-L5X-0409,LPDDR5X_COMPONENT,LPDDR5X,COMPONENT,16,,4266,8533,0.5,-25,85,64,Programmable,496,UFBGA,0.25Gb x64,,Production,12.4,15.0,1.1,34,48,0.73,0,0.0,92,1.92,47,97.6,7.8,Constrained,0,43.0,DS-LPDDR5X-FAMILY
ANM-L5X-0410,LPDDR5X_COMPONENT,LPDDR5X,COMPONENT,96,,3200,6400,0.5,-40,95,64,Programmable,496,UFBGA,1.5Gb x64,,Production,12.4,15.0,1.1,409,190,2.16,205,1.079,310,1.63,19,88.8,47.9,Watch,1,37.6,DS-LPDDR5X-FAMILY
ANM-L5X-0411,LPDDR5X_COMPONENT,LPDDR5X,COMPONENT,48,,3750,7500,0.5,-40,125,32,Programmable,441,LFBGA,1.5Gb x32,,Production,12.4,15.0,1.1,432,132,3.28,6,0.045,89,0.68,33,92.7,-14.8,None,0,33.5,DS-LPDDR5X-FAMILY
ANM-L5X-0412,LPDDR5X_COMPONENT,LPDDR5X,COMPONENT,24,,3200,6400,0.5,-40,105,64,Programmable,561,TFBGA,0.375Gb x64,,Contact Sales,12.4,15.0,1.1,372,96,3.88,52,0.542,139,1.46,39,86.1,34.3,Watch,1,47.1,DS-LPDDR5X-FAMILY
ANM-L5X-0413,LPDDR5X_COMPONENT,LPDDR5X,COMPONENT,128,,3750,7500,0.5,-40,95,32,Programmable,561,WFBGA,4Gb x32,,Production,12.4,15.0,1.1,1462,185,7.9,140,0.757,1086,5.87,14,95.3,2.7,Watch,0,20.5,DS-LPDDR5X-FAMILY
ANM-L5X-0414,LPDDR5X_COMPONENT,LPDDR5X,COMPONENT,48,,3200,6400,0.5,-40,85,32,Programmable,561,LFBGA,1.5Gb x32,,Sampling,12.4,15.0,1.1,1381,193,7.16,96,0.497,901,4.67,14,97.1,3.7,None,0,10.0,DS-LPDDR5X-FAMILY
ANM-L5X-0415,LPDDR5X_COMPONENT,LPDDR5X,COMPONENT,32,,3200,6400,0.5,-40,95,64,Programmable,441,WFBGA,0.5Gb x64,,Sampling,12.4,15.0,1.1,690,283,2.44,0,0.0,222,0.79,14,94.5,4.8,None,0,20.4,DS-LPDDR5X-FAMILY
ANM-L5X-0416,LPDDR5X_COMPONENT,LPDDR5X,COMPONENT,32,,3750,7500,0.5,-40,125,32,Programmable,561,TFBGA,1Gb x32,,Production,12.4,15.0,1.1,515,346,1.49,175,0.506,864,2.5,44,92.6,6.9,Watch,1,49.1,DS-LPDDR5X-FAMILY
ANM-L5X-0417,LPDDR5X_COMPONENT,LPDDR5X,COMPONENT,64,,3200,6400,0.5,-25,85,64,Programmable,561,UFBGA,1Gb x64,,End of Life,12.4,15.0,1.1,250,86,2.91,214,2.488,58,0.68,73,89.6,39.5,Constrained,1,109.6,DS-LPDDR5X-FAMILY
ANM-L5X-0418,LPDDR5X_COMPONENT,LPDDR5X,COMPONENT,24,,3200,6400,0.5,-40,95,64,Programmable,441,UFBGA,0.375Gb x64,,Production,12.4,15.0,1.1,348,70,4.98,4,0.057,173,2.48,31,91.1,24.0,None,1,30.2,DS-LPDDR5X-FAMILY
ANM-L5X-0419,LPDDR5X_COMPONENT,LPDDR5X,COMPONENT,48,,3200,6400,0.5,-40,105,64,Programmable,441,WFBGA,0.75Gb x64,,Production,12.4,15.0,1.1,389,179,2.18,77,0.43,10,0.06,24,92.2,-3.8,Watch,0,24.7,DS-LPDDR5X-FAMILY
ANM-L5X-0420,LPDDR5X_COMPONENT,LPDDR5X,COMPONENT,128,,3200,6400,0.5,-40,105,32,Programmable,496,UFBGA,4Gb x32,,Production,12.4,15.0,1.1,456,307,1.49,597,1.945,494,1.61,52,88.1,9.1,Constrained,1,83.5,DS-LPDDR5X-FAMILY
ANM-L5X-0421,LPDDR5X_COMPONENT,LPDDR5X,COMPONENT,48,,3750,7500,0.5,-40,125,64,Programmable,561,TFBGA,0.75Gb x64,,Production,12.4,15.0,1.1,1061,114,9.31,136,1.193,138,1.22,14,90.3,3.2,Watch,0,19.7,DS-LPDDR5X-FAMILY
ANM-L5X-0422,LPDDR5X_COMPONENT,LPDDR5X,COMPONENT,48,,3200,6400,0.5,-25,85,32,Programmable,496,TFBGA,1.5Gb x32,,Production,12.4,15.0,1.1,530,109,4.87,3,0.028,128,1.18,20,92.3,-14.7,None,0,16.1,DS-LPDDR5X-FAMILY
ANM-L5X-0423,LPDDR5X_COMPONENT,LPDDR5X,COMPONENT,96,,4266,8533,0.5,-25,85,64,Programmable,561,TFBGA,1.5Gb x64,,End of Life,12.4,15.0,1.1,983,288,3.41,68,0.236,482,1.68,27,96.8,11.9,None,0,29.7,DS-LPDDR5X-FAMILY
ANM-L5X-0424,LPDDR5X_COMPONENT,LPDDR5X,COMPONENT,32,,3200,6400,0.5,-40,95,64,Programmable,561,LFBGA,0.5Gb x64,,End of Life,12.4,15.0,1.1,181,149,1.22,684,4.591,337,2.26,82,81.6,36.1,Constrained,1,140.0,DS-LPDDR5X-FAMILY
ANM-L5X-0425,LPDDR5X_COMPONENT,LPDDR5X,COMPONENT,96,,3750,7500,0.5,-25,85,32,Programmable,441,TFBGA,3Gb x32,,Production,12.4,15.0,1.1,370,108,3.43,50,0.463,24,0.23,33,88.8,12.1,None,0,43.2,DS-LPDDR5X-FAMILY
ANM-L5X-0426,LPDDR5X_COMPONENT,LPDDR5X,COMPONENT,24,,4266,8533,0.5,-40,85,64,Programmable,441,UFBGA,0.375Gb x64,,End of Life,12.4,15.0,1.1,510,98,5.21,26,0.265,247,2.53,22,91.9,19.8,None,0,28.5,DS-LPDDR5X-FAMILY
ANM-L5X-0427,LPDDR5X_COMPONENT,LPDDR5X,COMPONENT,64,,3200,6400,0.5,-40,95,64,Programmable,496,LFBGA,1Gb x64,,Contact Sales,12.4,15.0,1.1,419,124,3.38,21,0.169,476,3.85,35,95.1,-28.7,None,0,37.6,DS-LPDDR5X-FAMILY
ANM-L5X-0428,LPDDR5X_COMPONENT,LPDDR5X,COMPONENT,128,,3200,6400,0.5,-40,105,64,Programmable,561,WFBGA,2Gb x64,,Production,12.4,15.0,1.1,72,71,1.03,65,0.915,27,0.39,53,89.7,7.4,Constrained,0,63.6,DS-LPDDR5X-FAMILY
ANM-L5X-0429,LPDDR5X_COMPONENT,LPDDR5X,COMPONENT,48,,4266,8533,0.5,-25,85,64,Programmable,561,TFBGA,0.75Gb x64,,Production,12.4,15.0,1.1,326,131,2.49,23,0.176,827,6.32,61,92.4,37.0,Watch,1,63.5,DS-LPDDR5X-FAMILY
ANM-L5X-0430,LPDDR5X_COMPONENT,LPDDR5X,COMPONENT,64,,3200,6400,0.5,-40,105,64,Programmable,561,UFBGA,1Gb x64,,Production,12.4,15.0,1.1,93,50,1.88,10,0.2,71,1.43,29,92.9,-1.7,Watch,0,26.1,DS-LPDDR5X-FAMILY
ANM-L5X-0431,LPDDR5X_COMPONENT,LPDDR5X,COMPONENT,128,,3200,6400,0.5,-25,85,32,Programmable,315,LFBGA,4Gb x32,,Production,12.4,15.0,1.1,499,91,5.49,0,0.0,115,1.27,14,95.1,11.8,None,0,10.0,DS-LPDDR5X-FAMILY
ANM-L5X-0432,LPDDR5X_COMPONENT,LPDDR5X,COMPONENT,48,,4266,8533,0.5,-40,105,32,Programmable,496,LFBGA,1.5Gb x32,,Contact Sales,12.4,15.0,1.1,630,111,5.68,14,0.126,74,0.67,32,92.1,19.2,None,0,38.0,DS-LPDDR5X-FAMILY
ANM-L5X-0433,LPDDR5X_COMPONENT,LPDDR5X,COMPONENT,128,,3750,7500,0.5,-25,85,64,Programmable,561,TFBGA,2Gb x64,,End of Life,12.4,15.0,1.1,171,92,1.87,104,1.13,201,2.19,42,91.3,-29.3,Watch,1,61.9,DS-LPDDR5X-FAMILY
ANM-L5X-0434,LPDDR5X_COMPONENT,LPDDR5X,COMPONENT,128,,3750,7500,0.5,-40,105,64,Programmable,496,LFBGA,2Gb x64,,Introduction,12.4,15.0,1.1,240,106,2.27,0,0.0,69,0.65,51,91.1,42.7,Watch,0,51.0,DS-LPDDR5X-FAMILY
ANM-L5X-0435,LPDDR5X_COMPONENT,LPDDR5X,COMPONENT,32,,4266,8533,0.5,-40,95,64,Programmable,441,WFBGA,0.5Gb x64,,Production,12.4,15.0,1.1,449,269,1.67,0,0.0,342,1.27,41,92.6,16.4,Watch,0,35.2,DS-LPDDR5X-FAMILY
ANM-L5X-0436,LPDDR5X_COMPONENT,LPDDR5X,COMPONENT,16,,3200,6400,0.5,-40,85,32,Programmable,496,UFBGA,0.5Gb x32,,Production,12.4,15.0,1.1,177,142,1.25,24,0.169,319,2.25,27,99.8,10.2,Watch,0,25.6,DS-LPDDR5X-FAMILY
ANM-L5X-0437,LPDDR5X_COMPONENT,LPDDR5X,COMPONENT,48,,3200,6400,0.5,-40,85,64,Programmable,315,WFBGA,0.75Gb x64,,Introduction,12.4,15.0,1.1,211,107,1.98,0,0.0,263,2.46,14,90.0,29.3,Watch,0,15.8,DS-LPDDR5X-FAMILY
ANM-L5X-0438,LPDDR5X_COMPONENT,LPDDR5X,COMPONENT,24,,4266,8533,0.5,-40,85,64,Programmable,496,WFBGA,0.375Gb x64,,Production,12.4,15.0,1.1,845,220,3.84,82,0.373,392,1.78,14,91.2,22.1,None,0,18.1,DS-LPDDR5X-FAMILY
ANM-L5X-0439,LPDDR5X_COMPONENT,LPDDR5X,COMPONENT,16,,4266,8533,0.5,-40,125,32,Programmable,561,LFBGA,0.5Gb x32,,Contact Sales,12.4,15.0,1.1,1011,98,10.32,42,0.429,156,1.59,14,93.0,-5.3,None,0,13.8,DS-LPDDR5X-FAMILY
ANM-L5X-0440,LPDDR5X_COMPONENT,LPDDR5X,COMPONENT,32,,4266,8533,0.5,-40,95,32,Programmable,315,TFBGA,1Gb x32,,Production,12.4,15.0,1.1,375,184,2.04,50,0.272,183,1.0,42,99.6,-10.2,Watch,0,39.2,DS-LPDDR5X-FAMILY
ANM-L5X-0441,LPDDR5X_COMPONENT,LPDDR5X,COMPONENT,96,,4266,8533,0.5,-25,85,32,Programmable,561,LFBGA,3Gb x32,,Production,12.4,15.0,1.1,77,33,2.34,12,0.364,124,3.76,14,94.4,31.1,Watch,0,21.6,DS-LPDDR5X-FAMILY
ANM-L5X-0442,LPDDR5X_COMPONENT,LPDDR5X,COMPONENT,48,,4266,8533,0.5,-40,85,64,Programmable,441,TFBGA,0.75Gb x64,,Production,12.4,15.0,1.1,627,102,6.15,55,0.539,230,2.26,14,93.8,1.3,None,0,16.3,DS-LPDDR5X-FAMILY
ANM-L5X-0443,LPDDR5X_COMPONENT,LPDDR5X,COMPONENT,24,,4266,8533,0.5,-40,95,64,Programmable,496,LFBGA,0.375Gb x64,,Production,12.4,15.0,1.1,630,225,2.8,593,2.636,61,0.27,60,85.2,-6.0,Constrained,1,80.8,DS-LPDDR5X-FAMILY
ANM-L5X-0444,LPDDR5X_COMPONENT,LPDDR5X,COMPONENT,16,,4266,8533,0.5,-25,85,32,Programmable,315,WFBGA,0.5Gb x32,,Production,12.4,15.0,1.1,516,106,4.87,300,2.83,269,2.54,66,84.3,6.0,Constrained,1,103.9,DS-LPDDR5X-FAMILY
ANM-L5X-0445,LPDDR5X_COMPONENT,LPDDR5X,COMPONENT,24,,3200,6400,0.5,-40,105,32,Programmable,441,UFBGA,0.75Gb x32,,Production,12.4,15.0,1.1,275,83,3.32,79,0.952,270,3.26,41,94.6,29.0,Watch,0,45.9,DS-LPDDR5X-FAMILY
ANM-L5X-0446,LPDDR5X_COMPONENT,LPDDR5X,COMPONENT,16,,3750,7500,0.5,-40,105,32,Programmable,441,LFBGA,0.5Gb x32,,Production,12.4,15.0,1.1,340,52,6.54,107,2.058,10,0.21,36,94.2,0.7,Constrained,1,53.1,DS-LPDDR5X-FAMILY
ANM-L5X-0447,LPDDR5X_COMPONENT,LPDDR5X,COMPONENT,32,,4266,8533,0.5,-40,85,64,Programmable,496,TFBGA,0.5Gb x64,,Production,12.4,15.0,1.1,694,176,3.95,71,0.403,226,1.29,33,94.4,-20.8,None,0,26.8,DS-LPDDR5X-FAMILY
ANM-L5X-0448,LPDDR5X_COMPONENT,LPDDR5X,COMPONENT,64,,4266,8533,0.5,-25,85,32,Programmable,496,UFBGA,2Gb x32,,Production,12.4,15.0,1.1,353,108,3.28,0,0.0,185,1.72,44,92.9,-17.1,None,0,43.0,DS-LPDDR5X-FAMILY
ANM-L5X-0449,LPDDR5X_COMPONENT,LPDDR5X,COMPONENT,64,,3200,6400,0.5,-40,125,32,Programmable,315,UFBGA,2Gb x32,,Production,12.4,15.0,1.1,396,93,4.26,0,0.0,419,4.51,25,97.2,20.6,None,1,31.2,DS-LPDDR5X-FAMILY
ANM-L5X-0450,LPDDR5X_COMPONENT,LPDDR5X,COMPONENT,16,,4266,8533,0.5,-40,85,32,Programmable,315,UFBGA,0.5Gb x32,,Contact Sales,12.4,15.0,1.1,230,200,1.15,480,2.4,221,1.11,73,87.3,16.9,Constrained,1,101.9,DS-LPDDR5X-FAMILY
ANM-RD5-0001,DDR5_RDIMM,DDR5,MODULE,,32,2800,5600,1.1,0,95,72,CL46,288,TFBGA,2Gb x8,TRUE,Production,133.35,31.25,1.4,131,84,1.57,83,0.988,97,1.15,56,84.1,0.7,Watch,0,70.1,DS-DDR5-MODULE-FAMILY
ANM-RD5-0002,DDR5_RDIMM,DDR5,MODULE,,64,4000,8000,1.1,-40,95,80,CL64,288,TFBGA,4Gb x4,TRUE,Production,133.35,31.25,1.4,1274,178,7.16,46,0.258,1103,6.2,14,96.2,-6.8,None,0,15.6,DS-DDR5-MODULE-FAMILY
ANM-RD5-0003,DDR5_RDIMM,DDR5,MODULE,,32,3200,6400,1.1,0,95,72,CL52,288,TFBGA,2Gb x8,TRUE,Production,133.35,31.25,1.4,1169,210,5.57,261,1.243,283,1.35,43,92.1,20.3,Watch,0,59.3,DS-DDR5-MODULE-FAMILY
ANM-RD5-0004,DDR5_RDIMM,DDR5,MODULE,,64,2800,5600,1.1,-40,95,72,CL46,288,TFBGA,4Gb x4,TRUE,Production,133.35,31.25,1.4,499,120,4.16,144,1.2,155,1.3,48,87.1,2.0,Watch,0,56.8,DS-DDR5-MODULE-FAMILY
ANM-RD5-0005,DDR5_RDIMM,DDR5,MODULE,,64,4000,8000,1.1,-40,95,72,CL64,288,TFBGA,4Gb x4,TRUE,Production,133.35,31.25,1.4,1269,211,6.02,384,1.82,406,1.93,48,89.2,-3.1,Constrained,1,64.4,DS-DDR5-MODULE-FAMILY
ANM-RD5-0006,DDR5_RDIMM,DDR5,MODULE,,16,3200,6400,1.1,0,95,72,CL52,288,TFBGA,2Gb x8,TRUE,Production,133.35,31.25,1.4,204,48,4.26,29,0.604,19,0.4,19,88.1,7.7,None,0,29.5,DS-DDR5-MODULE-FAMILY
ANM-RD5-0007,DDR5_RDIMM,DDR5,MODULE,,64,3200,6400,1.1,0,95,72,CL52,288,VFBGA,4Gb x4,TRUE,Production,133.35,31.25,1.4,91,47,1.95,21,0.447,26,0.57,40,98.6,-22.0,Watch,1,41.8,DS-DDR5-MODULE-FAMILY
ANM-RD5-0008,DDR5_RDIMM,DDR5,MODULE,,32,2800,5600,1.1,-40,95,72,CL46,288,TFBGA,2Gb x8,TRUE,Sampling,133.35,31.25,1.4,114,101,1.13,25,0.248,154,1.53,30,92.6,-11.6,Constrained,1,33.3,DS-DDR5-MODULE-FAMILY
ANM-RD5-0009,DDR5_RDIMM,DDR5,MODULE,,64,4000,8000,1.1,-40,95,72,CL64,288,VFBGA,4Gb x4,TRUE,Production,133.35,31.25,1.4,636,187,3.4,107,0.572,56,0.3,49,99.3,-0.6,None,0,39.5,DS-DDR5-MODULE-FAMILY
ANM-RD5-0010,DDR5_RDIMM,DDR5,MODULE,,32,4000,8000,1.1,-40,95,72,CL64,288,TFBGA,2Gb x8,TRUE,Production,133.35,31.25,1.4,418,132,3.17,89,0.674,165,1.25,21,96.3,1.3,None,1,24.5,DS-DDR5-MODULE-FAMILY
ANM-RD5-0011,DDR5_RDIMM,DDR5,MODULE,,64,4000,8000,1.1,-40,95,72,CL64,288,TFBGA,4Gb x4,TRUE,Introduction,133.35,31.25,1.4,530,88,6.03,149,1.693,239,2.72,25,85.2,34.7,Constrained,1,44.0,DS-DDR5-MODULE-FAMILY
ANM-RD5-0012,DDR5_RDIMM,DDR5,MODULE,,16,3200,6400,1.1,0,95,80,CL52,288,TFBGA,2Gb x8,TRUE,Production,133.35,31.25,1.4,1235,215,5.75,190,0.884,501,2.33,24,92.6,-7.7,Watch,0,27.9,DS-DDR5-MODULE-FAMILY
ANM-RD5-0013,DDR5_RDIMM,DDR5,MODULE,,64,4000,8000,1.1,0,95,80,CL64,288,VFBGA,4Gb x4,TRUE,Production,133.35,31.25,1.4,643,192,3.35,53,0.276,393,2.05,39,91.7,-8.1,None,0,37.0,DS-DDR5-MODULE-FAMILY
ANM-RD5-0014,DDR5_RDIMM,DDR5,MODULE,,16,3200,6400,1.1,0,95,80,CL52,288,TFBGA,2Gb x8,TRUE,Contact Sales,133.35,31.25,1.4,413,103,4.02,205,1.99,55,0.54,68,96.0,17.5,Constrained,0,93.2,DS-DDR5-MODULE-FAMILY
ANM-RD5-0015,DDR5_RDIMM,DDR5,MODULE,,16,3200,6400,1.1,0,95,72,CL52,288,TFBGA,2Gb x8,TRUE,Introduction,133.35,31.25,1.4,946,107,8.85,113,1.056,24,0.23,14,94.5,35.9,Watch,0,31.8,DS-DDR5-MODULE-FAMILY
ANM-RD5-0016,DDR5_RDIMM,DDR5,MODULE,,64,3200,6400,1.1,-40,95,80,CL52,288,TFBGA,4Gb x4,TRUE,Production,133.35,31.25,1.4,193,260,0.74,169,0.65,237,0.92,49,93.0,3.0,Constrained,1,49.0,DS-DDR5-MODULE-FAMILY
ANM-RD5-0017,DDR5_RDIMM,DDR5,MODULE,,16,3200,6400,1.1,-40,95,80,CL52,288,TFBGA,2Gb x8,TRUE,Contact Sales,133.35,31.25,1.4,1114,239,4.66,15,0.063,218,0.91,14,92.6,-13.7,None,0,19.7,DS-DDR5-MODULE-FAMILY
ANM-RD5-0018,DDR5_RDIMM,DDR5,MODULE,,16,2800,5600,1.1,0,95,72,CL46,288,VFBGA,2Gb x8,TRUE,Production,133.35,31.25,1.4,314,129,2.44,0,0.0,419,3.25,43,88.9,6.5,None,0,39.4,DS-DDR5-MODULE-FAMILY
ANM-RD5-0019,DDR5_RDIMM,DDR5,MODULE,,128,2800,5600,1.1,0,95,72,CL46,288,VFBGA,8Gb x4,TRUE,Introduction,133.35,31.25,1.4,288,128,2.25,73,0.57,127,0.99,52,89.2,-10.1,Watch,0,49.5,DS-DDR5-MODULE-FAMILY
ANM-RD5-0020,DDR5_RDIMM,DDR5,MODULE,,16,4000,8000,1.1,-40,95,72,CL64,288,VFBGA,2Gb x8,TRUE,Production,133.35,31.25,1.4,276,113,2.45,224,1.982,203,1.8,56,85.2,-1.1,Constrained,1,70.7,DS-DDR5-MODULE-FAMILY
ANM-RD5-0021,DDR5_RDIMM,DDR5,MODULE,,64,3200,6400,1.1,-40,95,80,CL52,288,VFBGA,4Gb x4,TRUE,Production,133.35,31.25,1.4,1246,296,4.21,0,0.0,611,2.07,15,93.1,24.8,None,1,17.2,DS-DDR5-MODULE-FAMILY
ANM-RD5-0022,DDR5_RDIMM,DDR5,MODULE,,64,2800,5600,1.1,-40,95,80,CL46,288,VFBGA,4Gb x4,TRUE,Production,133.35,31.25,1.4,321,106,3.03,33,0.311,178,1.68,21,84.3,12.5,None,0,31.2,DS-DDR5-MODULE-FAMILY
ANM-RD5-0023,DDR5_RDIMM,DDR5,MODULE,,64,3200,6400,1.1,0,95,80,CL52,288,VFBGA,4Gb x4,TRUE,Sampling,133.35,31.25,1.4,337,189,1.79,30,0.159,199,1.06,35,99.8,1.1,Watch,0,44.4,DS-DDR5-MODULE-FAMILY
ANM-RD5-0024,DDR5_RDIMM,DDR5,MODULE,,64,4000,8000,1.1,0,95,72,CL64,288,VFBGA,4Gb x4,TRUE,End of Life,133.35,31.25,1.4,81,90,0.9,28,0.311,63,0.71,48,97.2,16.7,Constrained,1,48.3,DS-DDR5-MODULE-FAMILY
ANM-RD5-0025,DDR5_RDIMM,DDR5,MODULE,,16,4000,8000,1.1,-40,95,72,CL64,288,TFBGA,2Gb x8,TRUE,Production,133.35,31.25,1.4,451,92,4.9,0,0.0,288,3.14,27,90.1,-31.1,None,0,29.3,DS-DDR5-MODULE-FAMILY
ANM-RD5-0026,DDR5_RDIMM,DDR5,MODULE,,64,3200,6400,1.1,0,95,80,CL52,288,VFBGA,4Gb x4,TRUE,Production,133.35,31.25,1.4,234,139,1.69,136,0.978,119,0.86,77,91.2,32.5,Constrained,1,92.7,DS-DDR5-MODULE-FAMILY
ANM-RD5-0027,DDR5_RDIMM,DDR5,MODULE,,128,4000,8000,1.1,-40,95,72,CL64,288,VFBGA,8Gb x4,TRUE,Production,133.35,31.25,1.4,293,207,1.42,0,0.0,127,0.61,39,90.8,-1.1,Watch,1,34.2,DS-DDR5-MODULE-FAMILY
ANM-RD5-0028,DDR5_RDIMM,DDR5,MODULE,,64,4000,8000,1.1,0,95,72,CL64,288,TFBGA,4Gb x4,TRUE,Sampling,133.35,31.25,1.4,288,112,2.58,83,0.741,408,3.65,51,98.8,21.2,Watch,1,57.4,DS-DDR5-MODULE-FAMILY
ANM-RD5-0029,DDR5_RDIMM,DDR5,MODULE,,128,2800,5600,1.1,0,95,80,CL46,288,TFBGA,8Gb x4,TRUE,Production,133.35,31.25,1.4,50,162,0.31,156,0.963,128,0.79,59,90.2,-23.2,Constrained,1,69.8,DS-DDR5-MODULE-FAMILY
ANM-RD5-0030,DDR5_RDIMM,DDR5,MODULE,,16,3200,6400,1.1,0,95,80,CL52,288,VFBGA,2Gb x8,TRUE,Production,133.35,31.25,1.4,72,89,0.81,0,0.0,170,1.91,56,91.6,6.2,Constrained,1,54.3,DS-DDR5-MODULE-FAMILY
ANM-RD5-0031,DDR5_RDIMM,DDR5,MODULE,,16,3200,6400,1.1,-40,95,80,CL52,288,VFBGA,2Gb x8,TRUE,Production,133.35,31.25,1.4,632,254,2.49,95,0.374,415,1.63,35,94.9,7.3,None,0,35.1,DS-DDR5-MODULE-FAMILY
ANM-RD5-0032,DDR5_RDIMM,DDR5,MODULE,,128,2800,5600,1.1,0,95,80,CL46,288,TFBGA,8Gb x4,TRUE,Production,133.35,31.25,1.4,376,83,4.54,0,0.0,299,3.61,37,87.5,30.9,Watch,0,39.7,DS-DDR5-MODULE-FAMILY
ANM-RD5-0033,DDR5_RDIMM,DDR5,MODULE,,128,4000,8000,1.1,0,95,80,CL64,288,VFBGA,8Gb x4,TRUE,End of Life,133.35,31.25,1.4,189,78,2.42,89,1.141,49,0.64,24,89.6,-17.6,Watch,1,34.6,DS-DDR5-MODULE-FAMILY
ANM-RD5-0034,DDR5_RDIMM,DDR5,MODULE,,16,2800,5600,1.1,0,95,80,CL46,288,VFBGA,2Gb x8,TRUE,Production,133.35,31.25,1.4,1945,429,4.53,124,0.289,776,1.81,21,79.8,8.5,None,0,24.6,DS-DDR5-MODULE-FAMILY
ANM-RD5-0035,DDR5_RDIMM,DDR5,MODULE,,128,3200,6400,1.1,0,95,80,CL52,288,VFBGA,8Gb x4,TRUE,Production,133.35,31.25,1.4,307,86,3.58,55,0.64,310,3.6,33,85.6,0.1,None,1,45.8,DS-DDR5-MODULE-FAMILY
ANM-RD5-0036,DDR5_RDIMM,DDR5,MODULE,,32,3200,6400,1.1,-40,95,80,CL52,288,VFBGA,2Gb x8,TRUE,Production,133.35,31.25,1.4,627,240,2.61,0,0.0,500,2.09,33,96.0,-34.4,None,0,42.8,DS-DDR5-MODULE-FAMILY
ANM-RD5-0037,DDR5_RDIMM,DDR5,MODULE,,128,4000,8000,1.1,0,95,80,CL64,288,VFBGA,8Gb x4,TRUE,Production,133.35,31.25,1.4,150,108,1.39,150,1.389,147,1.36,55,98.6,11.0,Constrained,1,65.2,DS-DDR5-MODULE-FAMILY
ANM-RD5-0038,DDR5_RDIMM,DDR5,MODULE,,64,3200,6400,1.1,0,95,72,CL52,288,TFBGA,4Gb x4,TRUE,Production,133.35,31.25,1.4,515,319,1.62,565,1.771,744,2.33,52,85.5,-29.6,Constrained,1,81.5,DS-DDR5-MODULE-FAMILY
ANM-RD5-0039,DDR5_RDIMM,DDR5,MODULE,,64,2800,5600,1.1,0,95,72,CL46,288,TFBGA,4Gb x4,TRUE,Production,133.35,31.25,1.4,676,116,5.83,0,0.0,110,0.95,14,86.0,2.3,None,0,15.9,DS-DDR5-MODULE-FAMILY
ANM-RD5-0040,DDR5_RDIMM,DDR5,MODULE,,32,3200,6400,1.1,0,95,72,CL52,288,VFBGA,2Gb x8,TRUE,Introduction,133.35,31.25,1.4,466,133,3.51,403,3.03,236,1.78,33,82.8,5.7,Constrained,1,74.1,DS-DDR5-MODULE-FAMILY
ANM-RD5-0041,DDR5_RDIMM,DDR5,MODULE,,32,2800,5600,1.1,0,95,72,CL46,288,TFBGA,2Gb x8,TRUE,Production,133.35,31.25,1.4,367,261,1.41,111,0.425,584,2.24,34,99.8,24.2,Watch,0,39.0,DS-DDR5-MODULE-FAMILY
ANM-RD5-0042,DDR5_RDIMM,DDR5,MODULE,,64,4000,8000,1.1,-40,95,80,CL64,288,TFBGA,4Gb x4,TRUE,Production,133.35,31.25,1.4,898,150,5.99,87,0.58,99,0.66,27,97.1,-1.2,None,0,27.5,DS-DDR5-MODULE-FAMILY
ANM-RD5-0043,DDR5_RDIMM,DDR5,MODULE,,64,4000,8000,1.1,0,95,80,CL64,288,TFBGA,4Gb x4,TRUE,Production,133.35,31.25,1.4,1124,233,4.83,0,0.0,356,1.53,14,96.0,23.0,None,0,21.6,DS-DDR5-MODULE-FAMILY
ANM-RD5-0044,DDR5_RDIMM,DDR5,MODULE,,32,4000,8000,1.1,-40,95,72,CL64,288,TFBGA,2Gb x8,TRUE,Production,133.35,31.25,1.4,212,80,2.65,127,1.587,46,0.58,38,91.5,20.9,Constrained,0,62.3,DS-DDR5-MODULE-FAMILY
ANM-RD5-0045,DDR5_RDIMM,DDR5,MODULE,,128,3200,6400,1.1,0,95,72,CL52,288,VFBGA,8Gb x4,TRUE,Production,133.35,31.25,1.4,418,98,4.27,6,0.061,43,0.44,14,88.9,-12.9,None,0,15.3,DS-DDR5-MODULE-FAMILY
ANM-RD5-0046,DDR5_RDIMM,DDR5,MODULE,,128,4000,8000,1.1,-40,95,72,CL64,288,TFBGA,8Gb x4,TRUE,Production,133.35,31.25,1.4,400,69,5.81,14,0.203,135,1.96,14,99.8,13.5,None,0,23.3,DS-DDR5-MODULE-FAMILY
ANM-RD5-0047,DDR5_RDIMM,DDR5,MODULE,,64,3200,6400,1.1,0,95,72,CL52,288,TFBGA,4Gb x4,TRUE,Production,133.35,31.25,1.4,688,240,2.87,203,0.846,101,0.42,45,91.4,-5.6,Watch,0,54.9,DS-DDR5-MODULE-FAMILY
ANM-RD5-0048,DDR5_RDIMM,DDR5,MODULE,,64,3200,6400,1.1,0,95,72,CL52,288,TFBGA,4Gb x4,TRUE,Production,133.35,31.25,1.4,627,186,3.37,228,1.226,552,2.97,35,99.5,10.7,Watch,1,49.2,DS-DDR5-MODULE-FAMILY
ANM-RD5-0049,DDR5_RDIMM,DDR5,MODULE,,64,4000,8000,1.1,-40,95,72,CL64,288,TFBGA,4Gb x4,TRUE,Production,133.35,31.25,1.4,686,180,3.81,273,1.517,194,1.08,24,89.5,-15.4,Constrained,1,45.5,DS-DDR5-MODULE-FAMILY
ANM-RD5-0050,DDR5_RDIMM,DDR5,MODULE,,128,2800,5600,1.1,-40,95,72,CL46,288,VFBGA,8Gb x4,TRUE,Production,133.35,31.25,1.4,958,216,4.44,176,0.815,509,2.36,39,81.9,6.0,Watch,1,43.6,DS-DDR5-MODULE-FAMILY
ANM-RD5-0051,DDR5_RDIMM,DDR5,MODULE,,64,4000,8000,1.1,0,95,72,CL64,288,TFBGA,4Gb x4,TRUE,Production,133.35,31.25,1.4,732,281,2.61,241,0.858,423,1.51,31,93.4,18.0,Watch,1,48.7,DS-DDR5-MODULE-FAMILY
ANM-RD5-0052,DDR5_RDIMM,DDR5,MODULE,,32,2800,5600,1.1,0,95,80,CL46,288,VFBGA,2Gb x8,TRUE,Production,133.35,31.25,1.4,336,176,1.91,0,0.0,176,1.0,34,99.8,-38.0,Watch,1,28.7,DS-DDR5-MODULE-FAMILY
ANM-RD5-0053,DDR5_RDIMM,DDR5,MODULE,,32,2800,5600,1.1,-40,95,80,CL46,288,VFBGA,2Gb x8,TRUE,Production,133.35,31.25,1.4,593,119,4.99,3,0.025,429,3.61,15,94.1,-24.3,None,0,10.0,DS-DDR5-MODULE-FAMILY
ANM-RD5-0054,DDR5_RDIMM,DDR5,MODULE,,16,3200,6400,1.1,-40,95,80,CL52,288,VFBGA,2Gb x8,TRUE,Production,133.35,31.25,1.4,782,302,2.59,175,0.579,321,1.06,39,91.7,4.3,None,0,37.5,DS-DDR5-MODULE-FAMILY
ANM-RD5-0055,DDR5_RDIMM,DDR5,MODULE,,32,4000,8000,1.1,-40,95,72,CL64,288,VFBGA,2Gb x8,TRUE,Production,133.35,31.25,1.4,700,214,3.27,74,0.346,631,2.95,30,83.2,25.5,Watch,1,31.1,DS-DDR5-MODULE-FAMILY
ANM-RD5-0056,DDR5_RDIMM,DDR5,MODULE,,16,3200,6400,1.1,0,95,80,CL52,288,TFBGA,2Gb x8,TRUE,Production,133.35,31.25,1.4,172,82,2.1,39,0.476,72,0.88,27,95.3,-9.2,Watch,0,26.6,DS-DDR5-MODULE-FAMILY
ANM-RD5-0057,DDR5_RDIMM,DDR5,MODULE,,64,4000,8000,1.1,-40,95,80,CL64,288,TFBGA,4Gb x4,TRUE,Production,133.35,31.25,1.4,2073,392,5.29,71,0.181,130,0.33,25,98.5,26.8,Watch,0,23.9,DS-DDR5-MODULE-FAMILY
ANM-RD5-0058,DDR5_RDIMM,DDR5,MODULE,,128,2800,5600,1.1,-40,95,72,CL46,288,VFBGA,8Gb x4,TRUE,Production,133.35,31.25,1.4,1012,175,5.79,137,0.783,723,4.14,31,89.0,13.1,Watch,1,42.9,DS-DDR5-MODULE-FAMILY
ANM-RD5-0059,DDR5_RDIMM,DDR5,MODULE,,32,4000,8000,1.1,0,95,80,CL64,288,TFBGA,2Gb x8,TRUE,Sampling,133.35,31.25,1.4,183,69,2.65,58,0.841,131,1.91,66,85.9,17.1,Watch,1,81.2,DS-DDR5-MODULE-FAMILY
ANM-RD5-0060,DDR5_RDIMM,DDR5,MODULE,,128,4000,8000,1.1,-40,95,72,CL64,288,TFBGA,8Gb x4,TRUE,Production,133.35,31.25,1.4,1766,383,4.61,670,1.749,595,1.56,50,86.5,11.9,Constrained,1,69.9,DS-DDR5-MODULE-FAMILY
ANM-RD5-0061,DDR5_RDIMM,DDR5,MODULE,,16,3200,6400,1.1,-40,95,72,CL52,288,TFBGA,2Gb x8,TRUE,Contact Sales,133.35,31.25,1.4,364,135,2.7,39,0.289,150,1.11,25,86.3,9.4,None,1,32.8,DS-DDR5-MODULE-FAMILY
ANM-RD5-0062,DDR5_RDIMM,DDR5,MODULE,,16,4000,8000,1.1,0,95,72,CL64,288,TFBGA,2Gb x8,TRUE,Production,133.35,31.25,1.4,1687,338,4.99,228,0.675,928,2.75,33,90.5,20.1,None,0,42.6,DS-DDR5-MODULE-FAMILY
ANM-RD5-0063,DDR5_RDIMM,DDR5,MODULE,,32,3200,6400,1.1,0,95,80,CL52,288,TFBGA,2Gb x8,TRUE,Production,133.35,31.25,1.4,283,139,2.04,398,2.863,377,2.72,67,85.5,-35.1,Constrained,1,91.6,DS-DDR5-MODULE-FAMILY
ANM-RD5-0064,DDR5_RDIMM,DDR5,MODULE,,16,4000,8000,1.1,0,95,72,CL64,288,VFBGA,2Gb x8,TRUE,Production,133.35,31.25,1.4,428,110,3.9,5,0.045,25,0.23,14,96.2,17.0,None,0,12.5,DS-DDR5-MODULE-FAMILY
ANM-RD5-0065,DDR5_RDIMM,DDR5,MODULE,,128,3200,6400,1.1,0,95,72,CL52,288,TFBGA,8Gb x4,TRUE,Production,133.35,31.25,1.4,201,137,1.47,245,1.788,82,0.6,80,83.7,21.2,Constrained,1,98.8,DS-DDR5-MODULE-FAMILY
ANM-RD5-0066,DDR5_RDIMM,DDR5,MODULE,,32,4000,8000,1.1,-40,95,80,CL64,288,VFBGA,2Gb x8,TRUE,Production,133.35,31.25,1.4,572,89,6.44,18,0.202,17,0.2,26,88.4,21.9,None,1,40.1,DS-DDR5-MODULE-FAMILY
ANM-RD5-0067,DDR5_RDIMM,DDR5,MODULE,,32,4000,8000,1.1,0,95,72,CL64,288,VFBGA,2Gb x8,TRUE,Production,133.35,31.25,1.4,185,143,1.3,166,1.161,211,1.48,67,89.5,5.3,Watch,1,86.9,DS-DDR5-MODULE-FAMILY
ANM-RD5-0068,DDR5_RDIMM,DDR5,MODULE,,16,4000,8000,1.1,-40,95,80,CL64,288,TFBGA,2Gb x8,TRUE,Production,133.35,31.25,1.4,89,130,0.69,48,0.369,659,5.08,45,92.9,-9.5,Constrained,0,48.0,DS-DDR5-MODULE-FAMILY
ANM-RD5-0069,DDR5_RDIMM,DDR5,MODULE,,128,3200,6400,1.1,0,95,80,CL52,288,VFBGA,8Gb x4,TRUE,Production,133.35,31.25,1.4,397,127,3.13,224,1.764,95,0.75,28,95.8,4.0,Constrained,1,49.5,DS-DDR5-MODULE-FAMILY
ANM-RD5-0070,DDR5_RDIMM,DDR5,MODULE,,16,4000,8000,1.1,0,95,80,CL64,288,TFBGA,2Gb x8,TRUE,Contact Sales,133.35,31.25,1.4,398,87,4.58,72,0.828,160,1.84,20,92.6,15.3,Watch,0,29.2,DS-DDR5-MODULE-FAMILY
ANM-RD5-0071,DDR5_RDIMM,DDR5,MODULE,,32,3200,6400,1.1,-40,95,80,CL52,288,VFBGA,2Gb x8,TRUE,Production,133.35,31.25,1.4,487,173,2.82,162,0.936,96,0.56,51,96.4,-1.2,Watch,0,64.9,DS-DDR5-MODULE-FAMILY
ANM-RD5-0072,DDR5_RDIMM,DDR5,MODULE,,32,3200,6400,1.1,0,95,80,CL52,288,VFBGA,2Gb x8,TRUE,Production,133.35,31.25,1.4,167,123,1.36,87,0.707,61,0.5,39,92.6,-22.3,Watch,0,47.2,DS-DDR5-MODULE-FAMILY
ANM-RD5-0073,DDR5_RDIMM,DDR5,MODULE,,64,3200,6400,1.1,-40,95,72,CL52,288,TFBGA,4Gb x4,TRUE,Production,133.35,31.25,1.4,96,20,4.85,0,0.0,38,1.9,29,94.8,8.3,None,0,27.9,DS-DDR5-MODULE-FAMILY
ANM-RD5-0074,DDR5_RDIMM,DDR5,MODULE,,128,3200,6400,1.1,0,95,80,CL52,288,TFBGA,8Gb x4,TRUE,Production,133.35,31.25,1.4,548,89,6.17,159,1.787,61,0.69,30,93.4,5.7,Constrained,1,44.8,DS-DDR5-MODULE-FAMILY
ANM-RD5-0075,DDR5_RDIMM,DDR5,MODULE,,64,4000,8000,1.1,0,95,80,CL64,288,VFBGA,4Gb x4,TRUE,Contact Sales,133.35,31.25,1.4,137,67,2.06,112,1.672,109,1.63,49,92.7,24.7,Constrained,1,72.5,DS-DDR5-MODULE-FAMILY
ANM-RD5-0076,DDR5_RDIMM,DDR5,MODULE,,16,4000,8000,1.1,-40,95,72,CL64,288,TFBGA,2Gb x8,TRUE,Sampling,133.35,31.25,1.4,427,249,1.72,74,0.297,154,0.62,34,93.9,20.1,Watch,0,38.0,DS-DDR5-MODULE-FAMILY
ANM-RD5-0077,DDR5_RDIMM,DDR5,MODULE,,32,2800,5600,1.1,-40,95,72,CL46,288,TFBGA,2Gb x8,TRUE,Production,133.35,31.25,1.4,249,199,1.26,190,0.955,513,2.58,48,87.3,-25.9,Watch,1,60.7,DS-DDR5-MODULE-FAMILY
ANM-RD5-0078,DDR5_RDIMM,DDR5,MODULE,,16,4000,8000,1.1,-40,95,72,CL64,288,TFBGA,2Gb x8,TRUE,End of Life,133.35,31.25,1.4,509,387,1.32,644,1.664,205,0.53,55,82.5,-25.7,Constrained,1,68.3,DS-DDR5-MODULE-FAMILY
ANM-RD5-0079,DDR5_RDIMM,DDR5,MODULE,,128,3200,6400,1.1,0,95,72,CL52,288,VFBGA,8Gb x4,TRUE,Production,133.35,31.25,1.4,329,116,2.84,118,1.017,205,1.77,49,90.5,20.7,Watch,0,56.8,DS-DDR5-MODULE-FAMILY
ANM-RD5-0080,DDR5_RDIMM,DDR5,MODULE,,32,2800,5600,1.1,-40,95,72,CL46,288,VFBGA,2Gb x8,TRUE,Production,133.35,31.25,1.4,328,131,2.51,0,0.0,654,5.0,16,94.1,25.2,Watch,0,14.9,DS-DDR5-MODULE-FAMILY
ANM-RD5-0081,DDR5_RDIMM,DDR5,MODULE,,16,2800,5600,1.1,0,95,72,CL46,288,VFBGA,2Gb x8,TRUE,Sampling,133.35,31.25,1.4,334,215,1.55,136,0.633,235,1.09,46,85.7,13.4,Watch,0,59.9,DS-DDR5-MODULE-FAMILY
ANM-RD5-0082,DDR5_RDIMM,DDR5,MODULE,,16,3200,6400,1.1,-40,95,72,CL52,288,VFBGA,2Gb x8,TRUE,Production,133.35,31.25,1.4,1278,360,3.55,8,0.022,95,0.27,39,90.3,-20.1,None,0,39.3,DS-DDR5-MODULE-FAMILY
ANM-RD5-0083,DDR5_RDIMM,DDR5,MODULE,,64,3200,6400,1.1,0,95,72,CL52,288,TFBGA,4Gb x4,TRUE,Production,133.35,31.25,1.4,2552,542,4.71,0,0.0,132,0.25,14,98.8,7.5,None,0,15.6,DS-DDR5-MODULE-FAMILY
ANM-RD5-0084,DDR5_RDIMM,DDR5,MODULE,,16,2800,5600,1.1,0,95,80,CL46,288,VFBGA,2Gb x8,TRUE,Production,133.35,31.25,1.4,767,284,2.7,309,1.088,693,2.44,23,84.9,21.1,Watch,0,29.7,DS-DDR5-MODULE-FAMILY
ANM-RD5-0085,DDR5_RDIMM,DDR5,MODULE,,64,2800,5600,1.1,-40,95,72,CL46,288,TFBGA,4Gb x4,TRUE,Sampling,133.35,31.25,1.4,1203,226,5.32,354,1.566,204,0.9,21,96.6,7.5,Constrained,1,35.2,DS-DDR5-MODULE-FAMILY
ANM-RD5-0086,DDR5_RDIMM,DDR5,MODULE,,32,3200,6400,1.1,0,95,72,CL52,288,TFBGA,2Gb x8,TRUE,Production,133.35,31.25,1.4,153,110,1.39,8,0.073,94,0.86,65,94.7,-1.1,Watch,0,61.9,DS-DDR5-MODULE-FAMILY
ANM-RD5-0087,DDR5_RDIMM,DDR5,MODULE,,16,4000,8000,1.1,-40,95,80,CL64,288,VFBGA,2Gb x8,TRUE,Production,133.35,31.25,1.4,598,134,4.47,156,1.164,56,0.42,31,87.8,4.6,Watch,1,45.2,DS-DDR5-MODULE-FAMILY
ANM-RD5-0088,DDR5_RDIMM,DDR5,MODULE,,64,2800,5600,1.1,0,95,72,CL46,288,TFBGA,4Gb x4,TRUE,Production,133.35,31.25,1.4,766,395,1.94,260,0.658,1408,3.57,16,93.3,-5.5,Watch,1,17.3,DS-DDR5-MODULE-FAMILY
ANM-RD5-0089,DDR5_RDIMM,DDR5,MODULE,,16,3200,6400,1.1,-40,95,72,CL52,288,VFBGA,2Gb x8,TRUE,End of Life,133.35,31.25,1.4,235,73,3.23,88,1.205,80,1.1,39,91.4,17.6,Watch,1,59.5,DS-DDR5-MODULE-FAMILY
ANM-RD5-0090,DDR5_RDIMM,DDR5,MODULE,,16,2800,5600,1.1,-40,95,72,CL46,288,VFBGA,2Gb x8,TRUE,Production,133.35,31.25,1.4,102,152,0.67,33,0.217,424,2.8,29,91.3,-40.0,Constrained,1,41.5,DS-DDR5-MODULE-FAMILY
ANM-RD5-0091,DDR5_RDIMM,DDR5,MODULE,,32,2800,5600,1.1,0,95,72,CL46,288,VFBGA,2Gb x8,TRUE,Production,133.35,31.25,1.4,321,200,1.61,22,0.11,118,0.59,73,86.0,7.7,Constrained,0,77.9,DS-DDR5-MODULE-FAMILY
ANM-RD5-0092,DDR5_RDIMM,DDR5,MODULE,,128,2800,5600,1.1,-40,95,80,CL46,288,VFBGA,8Gb x4,TRUE,Sampling,133.35,31.25,1.4,333,150,2.22,77,0.513,325,2.17,31,84.6,-3.0,Watch,0,31.9,DS-DDR5-MODULE-FAMILY
ANM-RD5-0093,DDR5_RDIMM,DDR5,MODULE,,16,3200,6400,1.1,-40,95,72,CL52,288,TFBGA,2Gb x8,TRUE,Production,133.35,31.25,1.4,305,127,2.4,139,1.094,436,3.44,35,85.1,18.5,Watch,0,48.3,DS-DDR5-MODULE-FAMILY
ANM-RD5-0094,DDR5_RDIMM,DDR5,MODULE,,32,2800,5600,1.1,0,95,72,CL46,288,VFBGA,2Gb x8,TRUE,Sampling,133.35,31.25,1.4,326,107,3.05,85,0.794,150,1.41,49,94.6,-19.2,Watch,0,59.7,DS-DDR5-MODULE-FAMILY
ANM-RD5-0095,DDR5_RDIMM,DDR5,MODULE,,16,2800,5600,1.1,0,95,72,CL46,288,VFBGA,2Gb x8,TRUE,Production,133.35,31.25,1.4,781,182,4.29,76,0.418,89,0.49,32,95.2,19.8,None,1,33.4,DS-DDR5-MODULE-FAMILY
ANM-RD5-0096,DDR5_RDIMM,DDR5,MODULE,,16,3200,6400,1.1,0,95,80,CL52,288,TFBGA,2Gb x8,TRUE,Production,133.35,31.25,1.4,211,52,4.06,30,0.577,144,2.77,19,87.7,9.5,None,0,25.8,DS-DDR5-MODULE-FAMILY
ANM-RD5-0097,DDR5_RDIMM,DDR5,MODULE,,16,4000,8000,1.1,0,95,72,CL64,288,TFBGA,2Gb x8,TRUE,Production,133.35,31.25,1.4,567,200,2.84,3,0.015,320,1.6,31,98.2,9.3,None,0,34.4,DS-DDR5-MODULE-FAMILY
ANM-RD5-0098,DDR5_RDIMM,DDR5,MODULE,,64,2800,5600,1.1,-40,95,80,CL46,288,TFBGA,4Gb x4,TRUE,Contact Sales,133.35,31.25,1.4,594,149,3.99,16,0.107,1077,7.23,31,96.2,13.6,None,0,27.5,DS-DDR5-MODULE-FAMILY
ANM-RD5-0099,DDR5_RDIMM,DDR5,MODULE,,64,3200,6400,1.1,0,95,72,CL52,288,TFBGA,4Gb x4,TRUE,Sampling,133.35,31.25,1.4,174,181,0.96,294,1.624,199,1.1,52,91.9,12.2,Constrained,1,73.0,DS-DDR5-MODULE-FAMILY
ANM-RD5-0100,DDR5_RDIMM,DDR5,MODULE,,64,2800,5600,1.1,0,95,72,CL46,288,VFBGA,4Gb x4,TRUE,Sampling,133.35,31.25,1.4,528,84,6.3,3,0.036,258,3.07,27,90.2,9.5,None,0,37.6,DS-DDR5-MODULE-FAMILY
ANM-RD5-0101,DDR5_RDIMM,DDR5,MODULE,,64,4000,8000,1.1,0,95,72,CL64,288,VFBGA,4Gb x4,TRUE,Production,133.35,31.25,1.4,1264,186,6.8,171,0.919,767,4.13,34,91.8,1.4,Watch,0,48.2,DS-DDR5-MODULE-FAMILY
ANM-RD5-0102,DDR5_RDIMM,DDR5,MODULE,,16,2800,5600,1.1,0,95,80,CL46,288,TFBGA,2Gb x8,TRUE,Production,133.35,31.25,1.4,115,34,3.41,18,0.529,61,1.8,40,95.3,-18.6,None,0,37.3,DS-DDR5-MODULE-FAMILY
ANM-RD5-0103,DDR5_RDIMM,DDR5,MODULE,,16,2800,5600,1.1,-40,95,80,CL46,288,TFBGA,2Gb x8,TRUE,Contact Sales,133.35,31.25,1.4,1214,148,8.21,194,1.311,372,2.51,17,82.6,18.8,Constrained,1,23.8,DS-DDR5-MODULE-FAMILY
ANM-RD5-0104,DDR5_RDIMM,DDR5,MODULE,,16,2800,5600,1.1,-40,95,72,CL46,288,VFBGA,2Gb x8,TRUE,Production,133.35,31.25,1.4,259,149,1.74,0,0.0,469,3.15,41,90.1,5.3,Watch,0,45.6,DS-DDR5-MODULE-FAMILY
ANM-RD5-0105,DDR5_RDIMM,DDR5,MODULE,,16,4000,8000,1.1,0,95,80,CL64,288,TFBGA,2Gb x8,TRUE,Introduction,133.35,31.25,1.4,56,27,2.08,0,0.0,33,1.22,23,99.8,-0.4,Watch,0,19.6,DS-DDR5-MODULE-FAMILY
ANM-RD5-0106,DDR5_RDIMM,DDR5,MODULE,,16,3200,6400,1.1,-40,95,80,CL52,288,VFBGA,2Gb x8,TRUE,Production,133.35,31.25,1.4,629,144,4.37,100,0.694,147,1.02,20,94.9,1.8,None,0,19.6,DS-DDR5-MODULE-FAMILY
ANM-RD5-0107,DDR5_RDIMM,DDR5,MODULE,,64,4000,8000,1.1,-40,95,80,CL64,288,TFBGA,4Gb x4,TRUE,End of Life,133.35,31.25,1.4,261,156,1.68,0,0.0,529,3.4,14,92.6,0.0,Watch,0,19.5,DS-DDR5-MODULE-FAMILY
ANM-RD5-0108,DDR5_RDIMM,DDR5,MODULE,,32,2800,5600,1.1,-40,95,72,CL46,288,TFBGA,2Gb x8,TRUE,End of Life,133.35,31.25,1.4,479,101,4.75,211,2.089,124,1.24,56,84.3,0.4,Constrained,1,71.2,DS-DDR5-MODULE-FAMILY
ANM-RD5-0109,DDR5_RDIMM,DDR5,MODULE,,64,3200,6400,1.1,0,95,80,CL52,288,TFBGA,4Gb x4,TRUE,Production,133.35,31.25,1.4,173,79,2.2,95,1.203,122,1.55,26,88.1,21.4,Watch,1,33.6,DS-DDR5-MODULE-FAMILY
ANM-RD5-0110,DDR5_RDIMM,DDR5,MODULE,,16,2800,5600,1.1,-40,95,80,CL46,288,TFBGA,2Gb x8,TRUE,Production,133.35,31.25,1.4,911,110,8.29,0,0.0,45,0.42,22,95.6,35.4,Watch,1,34.1,DS-DDR5-MODULE-FAMILY
ANM-RD5-0111,DDR5_RDIMM,DDR5,MODULE,,16,3200,6400,1.1,-40,95,72,CL52,288,TFBGA,2Gb x8,TRUE,Production,133.35,31.25,1.4,1191,236,5.05,188,0.797,592,2.51,30,84.4,-16.2,Watch,0,43.1,DS-DDR5-MODULE-FAMILY
ANM-RD5-0112,DDR5_RDIMM,DDR5,MODULE,,16,3200,6400,1.1,0,95,80,CL52,288,TFBGA,2Gb x8,TRUE,Production,133.35,31.25,1.4,182,240,0.76,272,1.133,210,0.88,60,78.9,39.5,Constrained,1,73.2,DS-DDR5-MODULE-FAMILY
ANM-RD5-0113,DDR5_RDIMM,DDR5,MODULE,,64,3200,6400,1.1,0,95,72,CL52,288,VFBGA,4Gb x4,TRUE,Contact Sales,133.35,31.25,1.4,354,252,1.41,138,0.548,525,2.09,24,93.6,12.4,Watch,0,30.0,DS-DDR5-MODULE-FAMILY
ANM-RD5-0114,DDR5_RDIMM,DDR5,MODULE,,32,2800,5600,1.1,0,95,72,CL46,288,TFBGA,2Gb x8,TRUE,Production,133.35,31.25,1.4,388,149,2.61,208,1.396,156,1.05,48,84.9,-20.0,Constrained,0,59.8,DS-DDR5-MODULE-FAMILY
ANM-RD5-0115,DDR5_RDIMM,DDR5,MODULE,,16,4000,8000,1.1,-40,95,80,CL64,288,VFBGA,2Gb x8,TRUE,Production,133.35,31.25,1.4,199,84,2.37,98,1.167,82,0.99,79,89.9,25.4,Constrained,1,90.5,DS-DDR5-MODULE-FAMILY
ANM-RD5-0116,DDR5_RDIMM,DDR5,MODULE,,32,3200,6400,1.1,0,95,72,CL52,288,TFBGA,2Gb x8,TRUE,Production,133.35,31.25,1.4,327,204,1.61,103,0.505,286,1.41,65,89.0,4.6,Watch,1,74.4,DS-DDR5-MODULE-FAMILY
ANM-RD5-0117,DDR5_RDIMM,DDR5,MODULE,,64,4000,8000,1.1,-40,95,80,CL64,288,VFBGA,4Gb x4,TRUE,Contact Sales,133.35,31.25,1.4,634,197,3.22,241,1.223,236,1.2,36,89.2,-31.8,Watch,1,53.0,DS-DDR5-MODULE-FAMILY
ANM-RD5-0118,DDR5_RDIMM,DDR5,MODULE,,64,4000,8000,1.1,-40,95,80,CL64,288,TFBGA,4Gb x4,TRUE,Production,133.35,31.25,1.4,1037,271,3.83,73,0.269,730,2.69,25,92.5,-8.9,None,0,30.1,DS-DDR5-MODULE-FAMILY
ANM-RD5-0119,DDR5_RDIMM,DDR5,MODULE,,16,2800,5600,1.1,0,95,80,CL46,288,TFBGA,2Gb x8,TRUE,Contact Sales,133.35,31.25,1.4,299,63,4.75,59,0.937,152,2.42,22,93.2,-11.7,Watch,1,28.1,DS-DDR5-MODULE-FAMILY
ANM-RD5-0120,DDR5_RDIMM,DDR5,MODULE,,32,3200,6400,1.1,0,95,80,CL52,288,TFBGA,2Gb x8,TRUE,Production,133.35,31.25,1.4,1655,286,5.79,0,0.0,370,1.29,35,87.3,-1.7,None,0,34.0,DS-DDR5-MODULE-FAMILY
ANM-RD5-0121,DDR5_RDIMM,DDR5,MODULE,,16,2800,5600,1.1,-40,95,72,CL46,288,VFBGA,2Gb x8,TRUE,Production,133.35,31.25,1.4,137,68,2.02,32,0.471,200,2.94,41,97.3,-4.1,Watch,0,40.9,DS-DDR5-MODULE-FAMILY
ANM-RD5-0122,DDR5_RDIMM,DDR5,MODULE,,128,3200,6400,1.1,0,95,80,CL52,288,TFBGA,8Gb x4,TRUE,Production,133.35,31.25,1.4,1102,433,2.55,1229,2.838,852,1.97,62,89.8,33.9,Constrained,1,101.0,DS-DDR5-MODULE-FAMILY
ANM-RD5-0123,DDR5_RDIMM,DDR5,MODULE,,64,2800,5600,1.1,-40,95,80,CL46,288,VFBGA,4Gb x4,TRUE,Production,133.35,31.25,1.4,226,82,2.76,131,1.598,284,3.47,71,86.6,-2.7,Constrained,0,87.5,DS-DDR5-MODULE-FAMILY
ANM-RD5-0124,DDR5_RDIMM,DDR5,MODULE,,128,3200,6400,1.1,-40,95,72,CL52,288,VFBGA,8Gb x4,TRUE,Production,133.35,31.25,1.4,187,217,0.87,93,0.429,143,0.66,37,97.1,2.1,Constrained,0,38.1,DS-DDR5-MODULE-FAMILY
ANM-RD5-0125,DDR5_RDIMM,DDR5,MODULE,,128,3200,6400,1.1,0,95,72,CL52,288,VFBGA,8Gb x4,TRUE,Production,133.35,31.25,1.4,398,90,4.43,0,0.0,244,2.71,14,92.3,8.3,None,0,15.0,DS-DDR5-MODULE-FAMILY
ANM-RD5-0126,DDR5_RDIMM,DDR5,MODULE,,64,3200,6400,1.1,-40,95,80,CL52,288,VFBGA,4Gb x4,TRUE,Production,133.35,31.25,1.4,50,51,0.99,25,0.49,38,0.76,41,92.5,-11.9,Constrained,1,44.5,DS-DDR5-MODULE-FAMILY
ANM-RD5-0127,DDR5_RDIMM,DDR5,MODULE,,32,4000,8000,1.1,0,95,80,CL64,288,VFBGA,2Gb x8,TRUE,Production,133.35,31.25,1.4,199,56,3.57,0,0.0,57,1.03,23,99.8,-0.8,None,0,10.0,DS-DDR5-MODULE-FAMILY
ANM-RD5-0128,DDR5_RDIMM,DDR5,MODULE,,64,4000,8000,1.1,0,95,80,CL64,288,VFBGA,4Gb x4,TRUE,Introduction,133.35,31.25,1.4,52,48,1.09,134,2.792,89,1.86,44,80.7,-37.4,Constrained,1,82.0,DS-DDR5-MODULE-FAMILY
ANM-RD5-0129,DDR5_RDIMM,DDR5,MODULE,,32,2800,5600,1.1,-40,95,72,CL46,288,TFBGA,2Gb x8,TRUE,Production,133.35,31.25,1.4,789,178,4.43,125,0.702,289,1.62,32,92.1,-20.8,Watch,0,36.8,DS-DDR5-MODULE-FAMILY
ANM-RD5-0130,DDR5_RDIMM,DDR5,MODULE,,32,4000,8000,1.1,0,95,80,CL64,288,TFBGA,2Gb x8,TRUE,Production,133.35,31.25,1.4,1747,489,3.57,115,0.235,1118,2.29,15,92.4,-8.0,None,0,23.5,DS-DDR5-MODULE-FAMILY
ANM-RD5-0131,DDR5_RDIMM,DDR5,MODULE,,16,2800,5600,1.1,-40,95,80,CL46,288,TFBGA,2Gb x8,TRUE,Sampling,133.35,31.25,1.4,1375,163,8.44,0,0.0,287,1.76,14,97.1,4.7,None,0,12.0,DS-DDR5-MODULE-FAMILY
ANM-RD5-0132,DDR5_RDIMM,DDR5,MODULE,,128,4000,8000,1.1,0,95,72,CL64,288,VFBGA,8Gb x4,TRUE,Contact Sales,133.35,31.25,1.4,480,58,8.28,35,0.603,159,2.74,14,92.2,26.2,Watch,0,25.1,DS-DDR5-MODULE-FAMILY
ANM-RD5-0133,DDR5_RDIMM,DDR5,MODULE,,64,4000,8000,1.1,-40,95,80,CL64,288,TFBGA,4Gb x4,TRUE,Production,133.35,31.25,1.4,422,96,4.4,74,0.771,127,1.33,14,93.9,14.9,Watch,0,29.5,DS-DDR5-MODULE-FAMILY
ANM-RD5-0134,DDR5_RDIMM,DDR5,MODULE,,64,2800,5600,1.1,-40,95,72,CL46,288,TFBGA,4Gb x4,TRUE,Production,133.35,31.25,1.4,377,152,2.48,35,0.23,348,2.29,48,91.2,-40.0,None,0,50.0,DS-DDR5-MODULE-FAMILY
ANM-RD5-0135,DDR5_RDIMM,DDR5,MODULE,,128,3200,6400,1.1,-40,95,80,CL52,288,TFBGA,8Gb x4,TRUE,End of Life,133.35,31.25,1.4,686,149,4.61,0,0.0,405,2.72,32,96.1,9.9,None,1,23.9,DS-DDR5-MODULE-FAMILY
ANM-RD5-0136,DDR5_RDIMM,DDR5,MODULE,,32,3200,6400,1.1,-40,95,80,CL52,288,VFBGA,2Gb x8,TRUE,Production,133.35,31.25,1.4,157,151,1.04,67,0.444,261,1.73,40,92.9,-21.3,Constrained,1,41.2,DS-DDR5-MODULE-FAMILY
ANM-RD5-0137,DDR5_RDIMM,DDR5,MODULE,,64,3200,6400,1.1,0,95,80,CL52,288,VFBGA,4Gb x4,TRUE,End of Life,133.35,31.25,1.4,250,152,1.65,206,1.355,430,2.83,38,95.4,40.8,Constrained,1,58.8,DS-DDR5-MODULE-FAMILY
ANM-RD5-0138,DDR5_RDIMM,DDR5,MODULE,,16,2800,5600,1.1,0,95,80,CL46,288,VFBGA,2Gb x8,TRUE,Production,133.35,31.25,1.4,1690,336,5.03,0,0.0,61,0.18,14,90.2,-9.2,None,0,13.9,DS-DDR5-MODULE-FAMILY
ANM-RD5-0139,DDR5_RDIMM,DDR5,MODULE,,32,2800,5600,1.1,0,95,72,CL46,288,VFBGA,2Gb x8,TRUE,Introduction,133.35,31.25,1.4,400,97,4.13,69,0.711,148,1.53,27,92.6,-11.6,Watch,1,38.4,DS-DDR5-MODULE-FAMILY
ANM-RD5-0140,DDR5_RDIMM,DDR5,MODULE,,32,3200,6400,1.1,-40,95,80,CL52,288,VFBGA,2Gb x8,TRUE,Production,133.35,31.25,1.4,730,218,3.35,53,0.243,277,1.27,26,89.9,25.1,Watch,1,26.4,DS-DDR5-MODULE-FAMILY
ANM-RD5-0141,DDR5_RDIMM,DDR5,MODULE,,16,3200,6400,1.1,-40,95,80,CL52,288,TFBGA,2Gb x8,TRUE,Contact Sales,133.35,31.25,1.4,670,176,3.81,115,0.653,162,0.92,24,95.9,11.6,None,0,29.6,DS-DDR5-MODULE-FAMILY
ANM-RD5-0142,DDR5_RDIMM,DDR5,MODULE,,16,3200,6400,1.1,0,95,72,CL52,288,VFBGA,2Gb x8,TRUE,Production,133.35,31.25,1.4,578,127,4.55,281,2.213,282,2.22,58,84.1,18.3,Constrained,1,78.7,DS-DDR5-MODULE-FAMILY
ANM-RD5-0143,DDR5_RDIMM,DDR5,MODULE,,128,4000,8000,1.1,-40,95,72,CL64,288,VFBGA,8Gb x4,TRUE,Production,133.35,31.25,1.4,489,104,4.7,13,0.125,334,3.21,24,93.8,-0.5,None,0,31.1,DS-DDR5-MODULE-FAMILY
ANM-RD5-0144,DDR5_RDIMM,DDR5,MODULE,,64,2800,5600,1.1,0,95,72,CL46,288,VFBGA,4Gb x4,TRUE,Production,133.35,31.25,1.4,197,56,3.53,122,2.179,115,2.06,54,99.8,10.1,Constrained,0,78.8,DS-DDR5-MODULE-FAMILY
ANM-RD5-0145,DDR5_RDIMM,DDR5,MODULE,,32,4000,8000,1.1,-40,95,72,CL64,288,TFBGA,2Gb x8,TRUE,Production,133.35,31.25,1.4,287,86,3.35,17,0.198,48,0.57,44,97.7,6.6,None,0,48.4,DS-DDR5-MODULE-FAMILY
ANM-RD5-0146,DDR5_RDIMM,DDR5,MODULE,,128,3200,6400,1.1,0,95,72,CL52,288,VFBGA,8Gb x4,TRUE,Production,133.35,31.25,1.4,480,181,2.66,0,0.0,188,1.04,41,93.3,20.5,None,1,39.7,DS-DDR5-MODULE-FAMILY
ANM-RD5-0147,DDR5_RDIMM,DDR5,MODULE,,32,4000,8000,1.1,0,95,72,CL64,288,TFBGA,2Gb x8,TRUE,Production,133.35,31.25,1.4,685,221,3.1,206,0.932,635,2.88,37,90.9,0.3,Watch,0,40.0,DS-DDR5-MODULE-FAMILY
ANM-RD5-0148,DDR5_RDIMM,DDR5,MODULE,,32,4000,8000,1.1,-40,95,80,CL64,288,VFBGA,2Gb x8,TRUE,Contact Sales,133.35,31.25,1.4,204,131,1.56,119,0.908,589,4.5,43,92.7,-7.6,Watch,0,49.5,DS-DDR5-MODULE-FAMILY
ANM-RD5-0149,DDR5_RDIMM,DDR5,MODULE,,128,3200,6400,1.1,-40,95,80,CL52,288,TFBGA,8Gb x4,TRUE,Production,133.35,31.25,1.4,77,67,1.16,0,0.0,106,1.59,41,89.2,-16.8,Constrained,1,47.1,DS-DDR5-MODULE-FAMILY
ANM-RD5-0150,DDR5_RDIMM,DDR5,MODULE,,64,3200,6400,1.1,-40,95,80,CL52,288,VFBGA,4Gb x4,TRUE,Production,133.35,31.25,1.4,21,76,0.29,72,0.947,89,1.17,48,92.5,-6.4,Constrained,1,53.8,DS-DDR5-MODULE-FAMILY
ANM-RD5-0151,DDR5_RDIMM,DDR5,MODULE,,64,4000,8000,1.1,-40,95,72,CL64,288,TFBGA,4Gb x4,TRUE,Sampling,133.35,31.25,1.4,482,134,3.6,234,1.746,360,2.69,58,84.8,-6.9,Constrained,1,80.5,DS-DDR5-MODULE-FAMILY
ANM-RD5-0152,DDR5_RDIMM,DDR5,MODULE,,128,4000,8000,1.1,0,95,80,CL64,288,VFBGA,8Gb x4,TRUE,Production,133.35,31.25,1.4,86,151,0.57,18,0.119,162,1.08,68,87.0,18.9,Constrained,1,75.5,DS-DDR5-MODULE-FAMILY
ANM-RD5-0153,DDR5_RDIMM,DDR5,MODULE,,128,2800,5600,1.1,-40,95,80,CL46,288,TFBGA,8Gb x4,TRUE,Production,133.35,31.25,1.4,655,137,4.78,0,0.0,650,4.74,16,89.2,21.8,None,0,21.9,DS-DDR5-MODULE-FAMILY
ANM-RD5-0154,DDR5_RDIMM,DDR5,MODULE,,128,3200,6400,1.1,-40,95,72,CL52,288,TFBGA,8Gb x4,TRUE,Production,133.35,31.25,1.4,207,73,2.84,13,0.178,271,3.72,40,90.9,4.9,None,0,38.0,DS-DDR5-MODULE-FAMILY
ANM-RD5-0155,DDR5_RDIMM,DDR5,MODULE,,64,3200,6400,1.1,0,95,80,CL52,288,VFBGA,4Gb x4,TRUE,Sampling,133.35,31.25,1.4,510,102,5.0,131,1.284,24,0.24,56,85.7,-14.1,Watch,1,64.6,DS-DDR5-MODULE-FAMILY
ANM-RD5-0156,DDR5_RDIMM,DDR5,MODULE,,64,2800,5600,1.1,0,95,72,CL46,288,TFBGA,4Gb x4,TRUE,Introduction,133.35,31.25,1.4,335,177,1.9,546,3.085,881,4.98,69,77.8,20.3,Constrained,1,99.7,DS-DDR5-MODULE-FAMILY
ANM-RD5-0157,DDR5_RDIMM,DDR5,MODULE,,64,4000,8000,1.1,0,95,72,CL64,288,VFBGA,4Gb x4,TRUE,Production,133.35,31.25,1.4,942,142,6.64,0,0.0,787,5.55,24,92.2,7.6,None,0,29.4,DS-DDR5-MODULE-FAMILY
ANM-RD5-0158,DDR5_RDIMM,DDR5,MODULE,,128,4000,8000,1.1,-40,95,72,CL64,288,VFBGA,8Gb x4,TRUE,Production,133.35,31.25,1.4,177,75,2.36,26,0.347,60,0.81,26,97.0,-6.7,None,0,28.5,DS-DDR5-MODULE-FAMILY
ANM-RD5-0159,DDR5_RDIMM,DDR5,MODULE,,32,2800,5600,1.1,0,95,72,CL46,288,VFBGA,2Gb x8,TRUE,Introduction,133.35,31.25,1.4,405,72,5.63,130,1.806,105,1.46,14,91.2,-19.2,Constrained,1,28.0,DS-DDR5-MODULE-FAMILY
ANM-RD5-0160,DDR5_RDIMM,DDR5,MODULE,,64,3200,6400,1.1,0,95,72,CL52,288,VFBGA,4Gb x4,TRUE,Production,133.35,31.25,1.4,1076,106,10.15,0,0.0,238,2.25,14,91.7,26.3,Watch,1,15.2,DS-DDR5-MODULE-FAMILY
ANM-RD5-0161,DDR5_RDIMM,DDR5,MODULE,,128,4000,8000,1.1,0,95,80,CL64,288,TFBGA,8Gb x4,TRUE,Production,133.35,31.25,1.4,143,57,2.52,12,0.211,33,0.58,40,94.4,3.9,None,0,44.4,DS-DDR5-MODULE-FAMILY
ANM-RD5-0162,DDR5_RDIMM,DDR5,MODULE,,128,2800,5600,1.1,0,95,72,CL46,288,VFBGA,8Gb x4,TRUE,Production,133.35,31.25,1.4,186,101,1.85,52,0.515,95,0.95,55,90.5,-13.3,Watch,0,60.5,DS-DDR5-MODULE-FAMILY
ANM-RD5-0163,DDR5_RDIMM,DDR5,MODULE,,64,3200,6400,1.1,0,95,80,CL52,288,TFBGA,4Gb x4,TRUE,Production,133.35,31.25,1.4,249,136,1.83,174,1.279,111,0.82,40,87.6,22.1,Watch,1,53.4,DS-DDR5-MODULE-FAMILY
ANM-RD5-0164,DDR5_RDIMM,DDR5,MODULE,,128,3200,6400,1.1,-40,95,80,CL52,288,VFBGA,8Gb x4,TRUE,End of Life,133.35,31.25,1.4,524,306,1.71,268,0.876,332,1.09,30,98.8,8.7,Watch,0,38.8,DS-DDR5-MODULE-FAMILY
ANM-RD5-0165,DDR5_RDIMM,DDR5,MODULE,,128,3200,6400,1.1,-40,95,72,CL52,288,VFBGA,8Gb x4,TRUE,Sampling,133.35,31.25,1.4,549,92,5.98,2,0.022,264,2.88,14,89.9,13.1,None,0,22.5,DS-DDR5-MODULE-FAMILY
ANM-RD5-0166,DDR5_RDIMM,DDR5,MODULE,,16,3200,6400,1.1,0,95,72,CL52,288,TFBGA,2Gb x8,TRUE,Production,133.35,31.25,1.4,114,162,0.71,26,0.16,552,3.41,33,97.5,41.1,Constrained,1,33.3,DS-DDR5-MODULE-FAMILY
ANM-RD5-0167,DDR5_RDIMM,DDR5,MODULE,,16,4000,8000,1.1,-40,95,80,CL64,288,VFBGA,2Gb x8,TRUE,Production,133.35,31.25,1.4,2209,174,12.7,82,0.471,556,3.2,14,88.9,-5.4,None,0,10.0,DS-DDR5-MODULE-FAMILY
ANM-RD5-0168,DDR5_RDIMM,DDR5,MODULE,,128,4000,8000,1.1,0,95,72,CL64,288,VFBGA,8Gb x4,TRUE,Production,133.35,31.25,1.4,57,88,0.65,4,0.045,243,2.77,43,93.1,-18.4,Constrained,1,46.3,DS-DDR5-MODULE-FAMILY
ANM-RD5-0169,DDR5_RDIMM,DDR5,MODULE,,32,2800,5600,1.1,-40,95,80,CL46,288,TFBGA,2Gb x8,TRUE,Sampling,133.35,31.25,1.4,425,191,2.23,25,0.131,61,0.32,33,99.0,-0.7,Watch,0,36.3,DS-DDR5-MODULE-FAMILY
ANM-RD5-0170,DDR5_RDIMM,DDR5,MODULE,,16,3200,6400,1.1,0,95,80,CL52,288,TFBGA,2Gb x8,TRUE,Sampling,133.35,31.25,1.4,301,193,1.56,28,0.145,510,2.64,57,96.6,-18.3,Watch,0,54.8,DS-DDR5-MODULE-FAMILY
ANM-RD5-0171,DDR5_RDIMM,DDR5,MODULE,,128,3200,6400,1.1,-40,95,72,CL52,288,TFBGA,8Gb x4,TRUE,Production,133.35,31.25,1.4,943,296,3.19,0,0.0,189,0.64,15,95.6,4.6,None,0,15.7,DS-DDR5-MODULE-FAMILY
ANM-RD5-0172,DDR5_RDIMM,DDR5,MODULE,,16,2800,5600,1.1,0,95,80,CL46,288,TFBGA,2Gb x8,TRUE,Sampling,133.35,31.25,1.4,114,39,2.93,0,0.0,24,0.63,50,99.8,15.4,None,1,44.8,DS-DDR5-MODULE-FAMILY
ANM-RD5-0173,DDR5_RDIMM,DDR5,MODULE,,16,2800,5600,1.1,-40,95,72,CL46,288,VFBGA,2Gb x8,TRUE,Contact Sales,133.35,31.25,1.4,635,102,6.23,171,1.676,82,0.81,24,82.1,-31.5,Constrained,1,47.6,DS-DDR5-MODULE-FAMILY
ANM-RD5-0174,DDR5_RDIMM,DDR5,MODULE,,128,2800,5600,1.1,-40,95,80,CL46,288,VFBGA,8Gb x4,TRUE,Production,133.35,31.25,1.4,188,55,3.43,55,1.0,18,0.34,54,90.4,-23.9,Watch,0,61.6,DS-DDR5-MODULE-FAMILY
ANM-RD5-0175,DDR5_RDIMM,DDR5,MODULE,,64,4000,8000,1.1,-40,95,80,CL64,288,VFBGA,4Gb x4,TRUE,Production,133.35,31.25,1.4,354,182,1.95,61,0.335,273,1.5,55,91.4,-30.9,Watch,0,49.5,DS-DDR5-MODULE-FAMILY
ANM-RD5-0176,DDR5_RDIMM,DDR5,MODULE,,64,4000,8000,1.1,-40,95,80,CL64,288,TFBGA,4Gb x4,TRUE,End of Life,133.35,31.25,1.4,3224,467,6.9,598,1.281,442,0.95,14,84.6,-19.7,Watch,0,30.5,DS-DDR5-MODULE-FAMILY
ANM-RD5-0177,DDR5_RDIMM,DDR5,MODULE,,32,2800,5600,1.1,0,95,80,CL46,288,TFBGA,2Gb x8,TRUE,Production,133.35,31.25,1.4,763,160,4.77,54,0.338,175,1.1,14,92.3,25.0,None,0,18.7,DS-DDR5-MODULE-FAMILY
ANM-RD5-0178,DDR5_RDIMM,DDR5,MODULE,,16,3200,6400,1.1,0,95,72,CL52,288,VFBGA,2Gb x8,TRUE,Production,133.35,31.25,1.4,1485,321,4.63,163,0.508,577,1.8,26,95.6,-8.1,None,1,38.8,DS-DDR5-MODULE-FAMILY
ANM-RD5-0179,DDR5_RDIMM,DDR5,MODULE,,128,4000,8000,1.1,0,95,72,CL64,288,TFBGA,8Gb x4,TRUE,Production,133.35,31.25,1.4,315,222,1.42,821,3.698,339,1.53,66,76.2,11.0,Constrained,1,112.3,DS-DDR5-MODULE-FAMILY
ANM-RD5-0180,DDR5_RDIMM,DDR5,MODULE,,32,3200,6400,1.1,-40,95,80,CL52,288,TFBGA,2Gb x8,TRUE,Production,133.35,31.25,1.4,697,227,3.07,21,0.093,345,1.52,25,96.9,25.7,Watch,0,27.6,DS-DDR5-MODULE-FAMILY
ANM-RD5-0181,DDR5_RDIMM,DDR5,MODULE,,64,4000,8000,1.1,0,95,72,CL64,288,VFBGA,4Gb x4,TRUE,Sampling,133.35,31.25,1.4,2474,344,7.19,75,0.218,662,1.93,14,89.4,-15.9,None,0,19.6,DS-DDR5-MODULE-FAMILY
ANM-RD5-0182,DDR5_RDIMM,DDR5,MODULE,,64,4000,8000,1.1,0,95,72,CL64,288,TFBGA,4Gb x4,TRUE,Production,133.35,31.25,1.4,364,105,3.47,122,1.162,159,1.52,57,95.1,29.8,Watch,0,78.9,DS-DDR5-MODULE-FAMILY
ANM-RD5-0183,DDR5_RDIMM,DDR5,MODULE,,64,4000,8000,1.1,0,95,80,CL64,288,VFBGA,4Gb x4,TRUE,Introduction,133.35,31.25,1.4,181,160,1.13,239,1.494,7,0.04,49,87.4,3.2,Constrained,0,69.6,DS-DDR5-MODULE-FAMILY
ANM-RD5-0184,DDR5_RDIMM,DDR5,MODULE,,16,4000,8000,1.1,0,95,72,CL64,288,VFBGA,2Gb x8,TRUE,Contact Sales,133.35,31.25,1.4,164,124,1.33,227,1.831,149,1.21,49,84.1,3.1,Constrained,1,74.2,DS-DDR5-MODULE-FAMILY
ANM-RD5-0185,DDR5_RDIMM,DDR5,MODULE,,16,2800,5600,1.1,-40,95,80,CL46,288,TFBGA,2Gb x8,TRUE,Production,133.35,31.25,1.4,580,113,5.13,126,1.115,277,2.46,51,93.3,2.2,Watch,0,64.4,DS-DDR5-MODULE-FAMILY
ANM-RD5-0186,DDR5_RDIMM,DDR5,MODULE,,32,4000,8000,1.1,-40,95,80,CL64,288,TFBGA,2Gb x8,TRUE,Production,133.35,31.25,1.4,350,154,2.27,22,0.143,684,4.44,24,91.5,-6.2,Watch,0,21.7,DS-DDR5-MODULE-FAMILY
ANM-RD5-0187,DDR5_RDIMM,DDR5,MODULE,,64,4000,8000,1.1,0,95,72,CL64,288,VFBGA,4Gb x4,TRUE,Sampling,133.35,31.25,1.4,638,109,5.86,248,2.275,22,0.21,39,88.6,-5.1,Constrained,0,61.0,DS-DDR5-MODULE-FAMILY
ANM-RD5-0188,DDR5_RDIMM,DDR5,MODULE,,128,3200,6400,1.1,0,95,80,CL52,288,TFBGA,8Gb x4,TRUE,Production,133.35,31.25,1.4,466,162,2.88,173,1.068,66,0.41,35,88.6,7.7,Watch,0,50.4,DS-DDR5-MODULE-FAMILY
ANM-RD5-0189,DDR5_RDIMM,DDR5,MODULE,,128,4000,8000,1.1,-40,95,80,CL64,288,VFBGA,8Gb x4,TRUE,Production,133.35,31.25,1.4,915,303,3.02,67,0.221,497,1.64,40,93.7,-6.4,None,0,48.8,DS-DDR5-MODULE-FAMILY
ANM-RD5-0190,DDR5_RDIMM,DDR5,MODULE,,16,2800,5600,1.1,-40,95,80,CL46,288,VFBGA,2Gb x8,TRUE,Production,133.35,31.25,1.4,877,114,7.7,0,0.0,438,3.85,14,99.8,17.4,None,0,10.0,DS-DDR5-MODULE-FAMILY
ANM-RD5-0191,DDR5_RDIMM,DDR5,MODULE,,64,3200,6400,1.1,-40,95,72,CL52,288,VFBGA,4Gb x4,TRUE,Production,133.35,31.25,1.4,397,68,5.84,0,0.0,158,2.34,14,96.7,23.7,None,0,25.1,DS-DDR5-MODULE-FAMILY
ANM-RD5-0192,DDR5_RDIMM,DDR5,MODULE,,64,3200,6400,1.1,0,95,72,CL52,288,TFBGA,4Gb x4,TRUE,Production,133.35,31.25,1.4,287,146,1.97,137,0.938,436,2.99,41,95.1,-2.2,Watch,0,64.4,DS-DDR5-MODULE-FAMILY
ANM-RD5-0193,DDR5_RDIMM,DDR5,MODULE,,16,2800,5600,1.1,0,95,80,CL46,288,VFBGA,2Gb x8,TRUE,Contact Sales,133.35,31.25,1.4,844,298,2.83,463,1.554,333,1.12,29,87.5,19.3,Constrained,1,55.0,DS-DDR5-MODULE-FAMILY
ANM-RD5-0194,DDR5_RDIMM,DDR5,MODULE,,128,2800,5600,1.1,-40,95,72,CL46,288,VFBGA,8Gb x4,TRUE,Production,133.35,31.25,1.4,369,94,3.93,134,1.426,169,1.81,50,88.3,-8.1,Constrained,1,64.2,DS-DDR5-MODULE-FAMILY
ANM-RD5-0195,DDR5_RDIMM,DDR5,MODULE,,32,4000,8000,1.1,-40,95,72,CL64,288,TFBGA,2Gb x8,TRUE,Contact Sales,133.35,31.25,1.4,467,182,2.57,405,2.225,497,2.73,63,91.2,9.8,Constrained,1,91.8,DS-DDR5-MODULE-FAMILY
ANM-RD5-0196,DDR5_RDIMM,DDR5,MODULE,,64,4000,8000,1.1,-40,95,72,CL64,288,TFBGA,4Gb x4,TRUE,Production,133.35,31.25,1.4,165,126,1.31,156,1.238,140,1.12,43,89.7,0.7,Watch,0,54.3,DS-DDR5-MODULE-FAMILY
ANM-RD5-0197,DDR5_RDIMM,DDR5,MODULE,,32,4000,8000,1.1,0,95,80,CL64,288,VFBGA,2Gb x8,TRUE,Production,133.35,31.25,1.4,1745,246,7.09,0,0.0,236,0.96,14,89.4,-8.3,None,0,11.5,DS-DDR5-MODULE-FAMILY
ANM-RD5-0198,DDR5_RDIMM,DDR5,MODULE,,128,2800,5600,1.1,-40,95,72,CL46,288,TFBGA,8Gb x4,TRUE,Production,133.35,31.25,1.4,1351,172,7.86,579,3.366,140,0.81,65,77.3,17.9,Constrained,1,100.0,DS-DDR5-MODULE-FAMILY
ANM-RD5-0199,DDR5_RDIMM,DDR5,MODULE,,16,4000,8000,1.1,0,95,80,CL64,288,VFBGA,2Gb x8,TRUE,Production,133.35,31.25,1.4,155,120,1.3,17,0.142,166,1.39,75,88.1,7.3,Constrained,1,68.7,DS-DDR5-MODULE-FAMILY
ANM-RD5-0200,DDR5_RDIMM,DDR5,MODULE,,64,4000,8000,1.1,0,95,72,CL64,288,VFBGA,4Gb x4,TRUE,Production,133.35,31.25,1.4,151,49,3.09,42,0.857,17,0.37,25,91.6,6.6,Watch,0,32.4,DS-DDR5-MODULE-FAMILY
ANM-RD5-0201,DDR5_RDIMM,DDR5,MODULE,,32,3200,6400,1.1,0,95,72,CL52,288,TFBGA,2Gb x8,TRUE,Production,133.35,31.25,1.4,1109,226,4.91,68,0.301,270,1.2,42,93.6,20.5,None,0,44.9,DS-DDR5-MODULE-FAMILY
ANM-RD5-0202,DDR5_RDIMM,DDR5,MODULE,,64,2800,5600,1.1,-40,95,80,CL46,288,VFBGA,4Gb x4,TRUE,Production,133.35,31.25,1.4,85,61,1.4,27,0.443,215,3.53,34,90.9,21.4,Watch,1,36.9,DS-DDR5-MODULE-FAMILY
ANM-RD5-0203,DDR5_RDIMM,DDR5,MODULE,,64,3200,6400,1.1,-40,95,80,CL52,288,VFBGA,4Gb x4,TRUE,Production,133.35,31.25,1.4,651,225,2.9,157,0.698,12,0.06,16,82.3,34.6,Watch,1,30.1,DS-DDR5-MODULE-FAMILY
ANM-RD5-0204,DDR5_RDIMM,DDR5,MODULE,,128,4000,8000,1.1,0,95,72,CL64,288,TFBGA,8Gb x4,TRUE,Production,133.35,31.25,1.4,842,124,6.79,106,0.855,136,1.1,14,92.0,20.8,Watch,1,29.9,DS-DDR5-MODULE-FAMILY
ANM-RD5-0205,DDR5_RDIMM,DDR5,MODULE,,128,3200,6400,1.1,0,95,80,CL52,288,TFBGA,8Gb x4,TRUE,Production,133.35,31.25,1.4,94,91,1.03,40,0.44,169,1.86,58,92.4,-11.6,Constrained,0,58.5,DS-DDR5-MODULE-FAMILY
ANM-RD5-0206,DDR5_RDIMM,DDR5,MODULE,,64,2800,5600,1.1,-40,95,80,CL46,288,VFBGA,4Gb x4,TRUE,Production,133.35,31.25,1.4,1197,303,3.95,453,1.495,546,1.8,28,86.6,-34.2,Constrained,0,44.9,DS-DDR5-MODULE-FAMILY
ANM-RD5-0207,DDR5_RDIMM,DDR5,MODULE,,128,2800,5600,1.1,-40,95,80,CL46,288,TFBGA,8Gb x4,TRUE,Production,133.35,31.25,1.4,654,161,4.07,9,0.056,651,4.05,22,96.0,27.4,Watch,0,30.8,DS-DDR5-MODULE-FAMILY
ANM-RD5-0208,DDR5_RDIMM,DDR5,MODULE,,64,4000,8000,1.1,-40,95,72,CL64,288,VFBGA,4Gb x4,TRUE,Production,133.35,31.25,1.4,598,87,6.88,0,0.0,164,1.89,14,95.0,16.8,None,0,22.2,DS-DDR5-MODULE-FAMILY
ANM-RD5-0209,DDR5_RDIMM,DDR5,MODULE,,16,2800,5600,1.1,-40,95,80,CL46,288,VFBGA,2Gb x8,TRUE,Production,133.35,31.25,1.4,1332,140,9.52,0,0.0,285,2.04,14,92.8,-29.9,None,0,25.6,DS-DDR5-MODULE-FAMILY
ANM-RD5-0210,DDR5_RDIMM,DDR5,MODULE,,128,4000,8000,1.1,-40,95,80,CL64,288,TFBGA,8Gb x4,TRUE,Introduction,133.35,31.25,1.4,742,168,4.42,0,0.0,305,1.82,20,92.3,-20.0,None,0,13.6,DS-DDR5-MODULE-FAMILY
ANM-RD5-0211,DDR5_RDIMM,DDR5,MODULE,,64,4000,8000,1.1,-40,95,80,CL64,288,TFBGA,4Gb x4,TRUE,Production,133.35,31.25,1.4,285,72,3.97,146,2.028,67,0.93,55,85.0,-11.2,Constrained,0,73.6,DS-DDR5-MODULE-FAMILY
ANM-RD5-0212,DDR5_RDIMM,DDR5,MODULE,,32,4000,8000,1.1,-40,95,72,CL64,288,TFBGA,2Gb x8,TRUE,End of Life,133.35,31.25,1.4,558,157,3.55,0,0.0,455,2.9,54,94.6,-9.3,None,0,54.0,DS-DDR5-MODULE-FAMILY
ANM-RD5-0213,DDR5_RDIMM,DDR5,MODULE,,16,2800,5600,1.1,-40,95,72,CL46,288,VFBGA,2Gb x8,TRUE,Production,133.35,31.25,1.4,397,134,2.97,40,0.299,272,2.04,44,87.2,4.2,None,0,55.9,DS-DDR5-MODULE-FAMILY
ANM-RD5-0214,DDR5_RDIMM,DDR5,MODULE,,16,2800,5600,1.1,0,95,80,CL46,288,TFBGA,2Gb x8,TRUE,Production,133.35,31.25,1.4,676,130,5.2,0,0.0,284,2.19,25,91.7,0.1,None,0,23.3,DS-DDR5-MODULE-FAMILY
ANM-RD5-0215,DDR5_RDIMM,DDR5,MODULE,,32,2800,5600,1.1,-40,95,72,CL46,288,TFBGA,2Gb x8,TRUE,Production,133.35,31.25,1.4,879,301,2.92,766,2.545,607,2.02,66,91.0,-13.4,Constrained,0,90.5,DS-DDR5-MODULE-FAMILY
ANM-RD5-0216,DDR5_RDIMM,DDR5,MODULE,,128,2800,5600,1.1,0,95,72,CL46,288,TFBGA,8Gb x4,TRUE,Production,133.35,31.25,1.4,1540,563,2.74,444,0.789,2538,4.51,23,94.7,13.9,Watch,0,30.8,DS-DDR5-MODULE-FAMILY
ANM-RD5-0217,DDR5_RDIMM,DDR5,MODULE,,128,4000,8000,1.1,0,95,80,CL64,288,TFBGA,8Gb x4,TRUE,Introduction,133.35,31.25,1.4,678,131,5.18,211,1.611,623,4.76,21,87.5,7.8,Constrained,0,35.2,DS-DDR5-MODULE-FAMILY
ANM-RD5-0218,DDR5_RDIMM,DDR5,MODULE,,16,3200,6400,1.1,-40,95,72,CL52,288,VFBGA,2Gb x8,TRUE,Sampling,133.35,31.25,1.4,933,203,4.6,335,1.65,554,2.73,31,86.7,10.4,Constrained,0,60.6,DS-DDR5-MODULE-FAMILY
ANM-RD5-0219,DDR5_RDIMM,DDR5,MODULE,,128,4000,8000,1.1,0,95,80,CL64,288,TFBGA,8Gb x4,TRUE,Production,133.35,31.25,1.4,501,136,3.69,50,0.368,216,1.59,24,95.1,1.4,None,0,36.3,DS-DDR5-MODULE-FAMILY
ANM-RD5-0220,DDR5_RDIMM,DDR5,MODULE,,16,2800,5600,1.1,0,95,72,CL46,288,TFBGA,2Gb x8,TRUE,Production,133.35,31.25,1.4,189,155,1.22,182,1.174,115,0.75,46,86.5,-11.8,Watch,0,60.1,DS-DDR5-MODULE-FAMILY
ANM-RD5-0221,DDR5_RDIMM,DDR5,MODULE,,128,2800,5600,1.1,0,95,72,CL46,288,TFBGA,8Gb x4,TRUE,Production,133.35,31.25,1.4,364,111,3.29,194,1.748,56,0.51,44,86.9,-30.2,Constrained,1,69.2,DS-DDR5-MODULE-FAMILY
ANM-RD5-0222,DDR5_RDIMM,DDR5,MODULE,,16,3200,6400,1.1,0,95,80,CL52,288,TFBGA,2Gb x8,TRUE,Production,133.35,31.25,1.4,839,120,6.99,43,0.358,285,2.38,14,88.1,34.1,Watch,0,18.8,DS-DDR5-MODULE-FAMILY
ANM-RD5-0223,DDR5_RDIMM,DDR5,MODULE,,128,2800,5600,1.1,-40,95,80,CL46,288,VFBGA,8Gb x4,TRUE,Production,133.35,31.25,1.4,616,88,7.0,122,1.386,309,3.52,14,92.0,-3.8,Constrained,0,25.7,DS-DDR5-MODULE-FAMILY
ANM-RD5-0224,DDR5_RDIMM,DDR5,MODULE,,16,3200,6400,1.1,-40,95,72,CL52,288,VFBGA,2Gb x8,TRUE,Introduction,133.35,31.25,1.4,223,287,0.78,255,0.889,301,1.05,56,88.1,-7.0,Constrained,1,57.9,DS-DDR5-MODULE-FAMILY
ANM-RD5-0225,DDR5_RDIMM,DDR5,MODULE,,64,2800,5600,1.1,-40,95,80,CL46,288,VFBGA,4Gb x4,TRUE,Production,133.35,31.25,1.4,241,151,1.6,169,1.119,297,1.97,54,90.8,-3.6,Watch,0,66.6,DS-DDR5-MODULE-FAMILY
ANM-RD5-0226,DDR5_RDIMM,DDR5,MODULE,,128,2800,5600,1.1,-40,95,80,CL46,288,TFBGA,8Gb x4,TRUE,Production,133.35,31.25,1.4,736,66,11.16,0,0.0,219,3.33,14,89.1,-40.0,None,0,10.1,DS-DDR5-MODULE-FAMILY
ANM-RD5-0227,DDR5_RDIMM,DDR5,MODULE,,128,4000,8000,1.1,-40,95,80,CL64,288,TFBGA,8Gb x4,TRUE,Production,133.35,31.25,1.4,462,66,7.0,171,2.591,191,2.9,16,86.0,2.3,Constrained,1,40.1,DS-DDR5-MODULE-FAMILY
ANM-RD5-0228,DDR5_RDIMM,DDR5,MODULE,,128,4000,8000,1.1,0,95,80,CL64,288,VFBGA,8Gb x4,TRUE,Production,133.35,31.25,1.4,802,163,4.93,55,0.337,204,1.26,29,99.8,-3.5,None,0,26.0,DS-DDR5-MODULE-FAMILY
ANM-RD5-0229,DDR5_RDIMM,DDR5,MODULE,,64,2800,5600,1.1,-40,95,80,CL46,288,VFBGA,4Gb x4,TRUE,Production,133.35,31.25,1.4,533,204,2.61,0,0.0,1198,5.87,23,93.5,-7.6,None,0,19.1,DS-DDR5-MODULE-FAMILY
ANM-RD5-0230,DDR5_RDIMM,DDR5,MODULE,,128,3200,6400,1.1,0,95,80,CL52,288,TFBGA,8Gb x4,TRUE,Production,133.35,31.25,1.4,595,159,3.74,0,0.0,436,2.75,24,91.5,7.7,None,0,31.4,DS-DDR5-MODULE-FAMILY
ANM-RD5-0231,DDR5_RDIMM,DDR5,MODULE,,16,4000,8000,1.1,0,95,80,CL64,288,TFBGA,2Gb x8,TRUE,Production,133.35,31.25,1.4,602,123,4.9,0,0.0,475,3.87,18,92.2,20.9,None,0,17.1,DS-DDR5-MODULE-FAMILY
ANM-RD5-0232,DDR5_RDIMM,DDR5,MODULE,,64,4000,8000,1.1,0,95,72,CL64,288,TFBGA,4Gb x4,TRUE,Production,133.35,31.25,1.4,593,210,2.82,52,0.248,114,0.55,36,94.2,-15.6,None,0,46.0,DS-DDR5-MODULE-FAMILY
ANM-RD5-0233,DDR5_RDIMM,DDR5,MODULE,,32,2800,5600,1.1,0,95,72,CL46,288,VFBGA,2Gb x8,TRUE,Production,133.35,31.25,1.4,1592,242,6.58,30,0.124,493,2.04,14,89.3,16.7,None,0,29.5,DS-DDR5-MODULE-FAMILY
ANM-RD5-0234,DDR5_RDIMM,DDR5,MODULE,,128,4000,8000,1.1,-40,95,72,CL64,288,VFBGA,8Gb x4,TRUE,Production,133.35,31.25,1.4,1014,314,3.23,78,0.248,317,1.01,14,94.2,22.7,None,1,19.2,DS-DDR5-MODULE-FAMILY
ANM-RD5-0235,DDR5_RDIMM,DDR5,MODULE,,16,3200,6400,1.1,-40,95,72,CL52,288,TFBGA,2Gb x8,TRUE,Production,133.35,31.25,1.4,595,210,2.84,84,0.4,336,1.6,29,89.4,-4.5,None,0,28.0,DS-DDR5-MODULE-FAMILY
ANM-RD5-0236,DDR5_RDIMM,DDR5,MODULE,,64,4000,8000,1.1,-40,95,72,CL64,288,VFBGA,4Gb x4,TRUE,Production,133.35,31.25,1.4,239,81,2.95,0,0.0,104,1.29,33,99.8,-16.3,None,0,29.2,DS-DDR5-MODULE-FAMILY
ANM-RD5-0237,DDR5_RDIMM,DDR5,MODULE,,32,4000,8000,1.1,-40,95,72,CL64,288,TFBGA,2Gb x8,TRUE,Sampling,133.35,31.25,1.4,725,197,3.68,167,0.848,309,1.57,29,86.0,11.3,Watch,0,40.7,DS-DDR5-MODULE-FAMILY
ANM-RD5-0238,DDR5_RDIMM,DDR5,MODULE,,32,3200,6400,1.1,-40,95,72,CL52,288,VFBGA,2Gb x8,TRUE,Production,133.35,31.25,1.4,170,109,1.56,95,0.872,479,4.4,54,87.8,8.5,Watch,1,69.3,DS-DDR5-MODULE-FAMILY
ANM-RD5-0239,DDR5_RDIMM,DDR5,MODULE,,16,3200,6400,1.1,-40,95,72,CL52,288,TFBGA,2Gb x8,TRUE,Production,133.35,31.25,1.4,364,94,3.88,114,1.213,53,0.57,35,87.0,39.4,Watch,0,53.4,DS-DDR5-MODULE-FAMILY
ANM-RD5-0240,DDR5_RDIMM,DDR5,MODULE,,64,2800,5600,1.1,0,95,72,CL46,288,VFBGA,4Gb x4,TRUE,Production,133.35,31.25,1.4,514,117,4.4,141,1.205,381,3.26,29,93.0,4.0,Watch,0,39.1,DS-DDR5-MODULE-FAMILY
ANM-RD5-0241,DDR5_RDIMM,DDR5,MODULE,,128,4000,8000,1.1,-40,95,80,CL64,288,TFBGA,8Gb x4,TRUE,End of Life,133.35,31.25,1.4,371,119,3.12,0,0.0,49,0.41,14,96.5,0.7,None,1,12.0,DS-DDR5-MODULE-FAMILY
ANM-RD5-0242,DDR5_RDIMM,DDR5,MODULE,,64,3200,6400,1.1,-40,95,80,CL52,288,VFBGA,4Gb x4,TRUE,Contact Sales,133.35,31.25,1.4,485,250,1.94,155,0.62,338,1.35,84,96.9,35.7,Constrained,1,93.0,DS-DDR5-MODULE-FAMILY
ANM-RD5-0243,DDR5_RDIMM,DDR5,MODULE,,32,4000,8000,1.1,-40,95,80,CL64,288,TFBGA,2Gb x8,TRUE,Production,133.35,31.25,1.4,1512,151,10.02,233,1.543,439,2.91,14,87.5,18.5,Constrained,1,33.0,DS-DDR5-MODULE-FAMILY
ANM-RD5-0244,DDR5_RDIMM,DDR5,MODULE,,16,4000,8000,1.1,-40,95,80,CL64,288,VFBGA,2Gb x8,TRUE,Sampling,133.35,31.25,1.4,276,180,1.54,52,0.289,99,0.55,20,90.7,19.2,Watch,0,20.7,DS-DDR5-MODULE-FAMILY
ANM-RD5-0245,DDR5_RDIMM,DDR5,MODULE,,64,3200,6400,1.1,-40,95,80,CL52,288,TFBGA,4Gb x4,TRUE,Production,133.35,31.25,1.4,26,56,0.47,0,0.0,121,2.16,47,92.9,8.1,Constrained,1,48.7,DS-DDR5-MODULE-FAMILY
ANM-RD5-0246,DDR5_RDIMM,DDR5,MODULE,,64,4000,8000,1.1,-40,95,80,CL64,288,VFBGA,4Gb x4,TRUE,Production,133.35,31.25,1.4,2183,303,7.2,629,2.076,656,2.17,21,86.2,-10.4,Constrained,1,43.8,DS-DDR5-MODULE-FAMILY
ANM-RD5-0247,DDR5_RDIMM,DDR5,MODULE,,32,3200,6400,1.1,-40,95,72,CL52,288,VFBGA,2Gb x8,TRUE,Production,133.35,31.25,1.4,493,140,3.53,383,2.736,396,2.83,57,82.8,-9.4,Constrained,1,85.3,DS-DDR5-MODULE-FAMILY
ANM-RD5-0248,DDR5_RDIMM,DDR5,MODULE,,16,4000,8000,1.1,0,95,80,CL64,288,VFBGA,2Gb x8,TRUE,Production,133.35,31.25,1.4,3012,476,6.33,713,1.498,192,0.4,30,98.2,27.7,Constrained,1,52.2,DS-DDR5-MODULE-FAMILY
ANM-RD5-0249,DDR5_RDIMM,DDR5,MODULE,,32,3200,6400,1.1,-40,95,80,CL52,288,TFBGA,2Gb x8,TRUE,Production,133.35,31.25,1.4,229,69,3.33,113,1.638,59,0.86,38,86.5,1.5,Constrained,0,55.8,DS-DDR5-MODULE-FAMILY
ANM-RD5-0250,DDR5_RDIMM,DDR5,MODULE,,64,4000,8000,1.1,0,95,80,CL64,288,TFBGA,4Gb x4,TRUE,Sampling,133.35,31.25,1.4,286,262,1.09,0,0.0,599,2.29,14,89.2,22.3,Constrained,1,22.9,DS-DDR5-MODULE-FAMILY
ANM-RD5-0251,DDR5_RDIMM,DDR5,MODULE,,128,2800,5600,1.1,-40,95,72,CL46,288,TFBGA,8Gb x4,TRUE,Production,133.35,31.25,1.4,1448,157,9.22,182,1.159,369,2.35,14,89.4,7.1,Watch,0,34.8,DS-DDR5-MODULE-FAMILY
ANM-RD5-0252,DDR5_RDIMM,DDR5,MODULE,,128,4000,8000,1.1,0,95,72,CL64,288,TFBGA,8Gb x4,TRUE,End of Life,133.35,31.25,1.4,2653,469,5.66,100,0.213,1162,2.48,14,94.7,9.9,None,0,15.3,DS-DDR5-MODULE-FAMILY
ANM-RD5-0253,DDR5_RDIMM,DDR5,MODULE,,16,4000,8000,1.1,0,95,72,CL64,288,VFBGA,2Gb x8,TRUE,End of Life,133.35,31.25,1.4,679,172,3.95,183,1.064,271,1.58,22,91.7,6.1,Watch,0,36.8,DS-DDR5-MODULE-FAMILY
ANM-RD5-0254,DDR5_RDIMM,DDR5,MODULE,,32,2800,5600,1.1,0,95,80,CL46,288,TFBGA,2Gb x8,TRUE,Sampling,133.35,31.25,1.4,757,127,5.97,0,0.0,492,3.88,15,99.8,-2.1,None,0,16.1,DS-DDR5-MODULE-FAMILY
ANM-RD5-0255,DDR5_RDIMM,DDR5,MODULE,,128,4000,8000,1.1,0,95,72,CL64,288,TFBGA,8Gb x4,TRUE,Sampling,133.35,31.25,1.4,146,109,1.34,6,0.055,12,0.11,32,95.1,-26.6,Watch,0,28.9,DS-DDR5-MODULE-FAMILY
ANM-RD5-0256,DDR5_RDIMM,DDR5,MODULE,,128,4000,8000,1.1,-40,95,72,CL64,288,VFBGA,8Gb x4,TRUE,Production,133.35,31.25,1.4,680,254,2.68,0,0.0,209,0.82,78,92.7,21.0,Constrained,1,82.0,DS-DDR5-MODULE-FAMILY
ANM-RD5-0257,DDR5_RDIMM,DDR5,MODULE,,128,3200,6400,1.1,-40,95,72,CL52,288,VFBGA,8Gb x4,TRUE,End of Life,133.35,31.25,1.4,747,205,3.64,0,0.0,581,2.84,41,87.7,13.0,None,0,49.7,DS-DDR5-MODULE-FAMILY
ANM-RD5-0258,DDR5_RDIMM,DDR5,MODULE,,16,4000,8000,1.1,0,95,80,CL64,288,VFBGA,2Gb x8,TRUE,Sampling,133.35,31.25,1.4,206,95,2.17,36,0.379,148,1.57,42,88.3,-11.2,Watch,1,39.1,DS-DDR5-MODULE-FAMILY
ANM-RD5-0259,DDR5_RDIMM,DDR5,MODULE,,16,4000,8000,1.1,-40,95,80,CL64,288,TFBGA,2Gb x8,TRUE,Introduction,133.35,31.25,1.4,444,130,3.42,20,0.154,124,0.96,28,94.8,-9.3,None,0,32.6,DS-DDR5-MODULE-FAMILY
ANM-RD5-0260,DDR5_RDIMM,DDR5,MODULE,,16,4000,8000,1.1,-40,95,72,CL64,288,TFBGA,2Gb x8,TRUE,Production,133.35,31.25,1.4,293,242,1.21,298,1.231,288,1.19,59,88.2,17.2,Watch,1,75.3,DS-DDR5-MODULE-FAMILY
ANM-RD5-0261,DDR5_RDIMM,DDR5,MODULE,,16,3200,6400,1.1,-40,95,80,CL52,288,TFBGA,2Gb x8,TRUE,Production,133.35,31.25,1.4,245,217,1.13,427,1.968,229,1.06,44,82.4,2.5,Constrained,1,65.8,DS-DDR5-MODULE-FAMILY
ANM-RD5-0262,DDR5_RDIMM,DDR5,MODULE,,16,4000,8000,1.1,-40,95,72,CL64,288,TFBGA,2Gb x8,TRUE,Production,133.35,31.25,1.4,287,88,3.27,3,0.034,91,1.04,43,91.7,5.0,None,0,50.4,DS-DDR5-MODULE-FAMILY
ANM-RD5-0263,DDR5_RDIMM,DDR5,MODULE,,128,2800,5600,1.1,0,95,80,CL46,288,TFBGA,8Gb x4,TRUE,Production,133.35,31.25,1.4,369,136,2.72,344,2.529,376,2.77,66,89.0,37.9,Constrained,1,100.5,DS-DDR5-MODULE-FAMILY
ANM-RD5-0264,DDR5_RDIMM,DDR5,MODULE,,32,3200,6400,1.1,-40,95,80,CL52,288,TFBGA,2Gb x8,TRUE,Introduction,133.35,31.25,1.4,110,51,2.16,0,0.0,140,2.75,25,91.1,13.8,Watch,0,21.7,DS-DDR5-MODULE-FAMILY
ANM-RD5-0265,DDR5_RDIMM,DDR5,MODULE,,64,4000,8000,1.1,0,95,72,CL64,288,VFBGA,4Gb x4,TRUE,Production,133.35,31.25,1.4,478,133,3.6,0,0.0,428,3.22,22,91.5,46.3,Watch,0,36.5,DS-DDR5-MODULE-FAMILY
ANM-RD5-0266,DDR5_RDIMM,DDR5,MODULE,,64,4000,8000,1.1,-40,95,80,CL64,288,VFBGA,4Gb x4,TRUE,Production,133.35,31.25,1.4,63,56,1.14,44,0.786,84,1.51,45,86.6,10.0,Constrained,1,51.5,DS-DDR5-MODULE-FAMILY
ANM-RD5-0267,DDR5_RDIMM,DDR5,MODULE,,64,2800,5600,1.1,0,95,72,CL46,288,TFBGA,4Gb x4,TRUE,Production,133.35,31.25,1.4,891,160,5.57,34,0.212,275,1.72,35,93.2,-12.0,None,0,28.6,DS-DDR5-MODULE-FAMILY
ANM-RD5-0268,DDR5_RDIMM,DDR5,MODULE,,32,4000,8000,1.1,0,95,80,CL64,288,VFBGA,2Gb x8,TRUE,Production,133.35,31.25,1.4,670,196,3.42,134,0.684,399,2.04,20,91.7,11.5,None,0,26.2,DS-DDR5-MODULE-FAMILY
ANM-RD5-0269,DDR5_RDIMM,DDR5,MODULE,,128,3200,6400,1.1,-40,95,72,CL52,288,VFBGA,8Gb x4,TRUE,Production,133.35,31.25,1.4,2354,429,5.49,236,0.55,723,1.69,27,95.2,-5.1,None,0,33.4,DS-DDR5-MODULE-FAMILY
ANM-RD5-0270,DDR5_RDIMM,DDR5,MODULE,,128,4000,8000,1.1,-40,95,72,CL64,288,VFBGA,8Gb x4,TRUE,Contact Sales,133.35,31.25,1.4,339,129,2.63,0,0.0,284,2.2,22,94.9,25.0,None,1,31.2,DS-DDR5-MODULE-FAMILY
ANM-RD5-0271,DDR5_RDIMM,DDR5,MODULE,,16,3200,6400,1.1,-40,95,72,CL52,288,VFBGA,2Gb x8,TRUE,Production,133.35,31.25,1.4,351,218,1.61,54,0.248,325,1.49,30,89.4,12.5,Watch,0,31.0,DS-DDR5-MODULE-FAMILY
ANM-RD5-0272,DDR5_RDIMM,DDR5,MODULE,,16,4000,8000,1.1,-40,95,72,CL64,288,TFBGA,2Gb x8,TRUE,Production,133.35,31.25,1.4,615,162,3.8,33,0.204,19,0.12,14,96.3,31.4,Watch,0,18.1,DS-DDR5-MODULE-FAMILY
ANM-RD5-0273,DDR5_RDIMM,DDR5,MODULE,,16,4000,8000,1.1,0,95,72,CL64,288,TFBGA,2Gb x8,TRUE,Production,133.35,31.25,1.4,369,161,2.3,21,0.13,94,0.59,14,97.6,6.2,Watch,1,16.2,DS-DDR5-MODULE-FAMILY
ANM-RD5-0274,DDR5_RDIMM,DDR5,MODULE,,64,4000,8000,1.1,-40,95,72,CL64,288,VFBGA,4Gb x4,TRUE,Production,133.35,31.25,1.4,78,94,0.83,41,0.436,200,2.14,60,90.2,11.0,Constrained,1,66.9,DS-DDR5-MODULE-FAMILY
ANM-RD5-0275,DDR5_RDIMM,DDR5,MODULE,,32,3200,6400,1.1,0,95,72,CL52,288,VFBGA,2Gb x8,TRUE,Production,133.35,31.25,1.4,61,123,0.5,16,0.13,450,3.66,31,96.1,2.9,Constrained,0,22.7,DS-DDR5-MODULE-FAMILY
ANM-RD5-0276,DDR5_RDIMM,DDR5,MODULE,,64,4000,8000,1.1,0,95,80,CL64,288,VFBGA,4Gb x4,TRUE,Contact Sales,133.35,31.25,1.4,41,276,0.15,0,0.0,269,0.98,72,94.4,8.7,Constrained,1,75.1,DS-DDR5-MODULE-FAMILY
ANM-RD5-0277,DDR5_RDIMM,DDR5,MODULE,,64,2800,5600,1.1,0,95,72,CL46,288,VFBGA,4Gb x4,TRUE,Production,133.35,31.25,1.4,514,147,3.5,0,0.0,848,5.77,19,93.1,23.4,None,0,10.6,DS-DDR5-MODULE-FAMILY
ANM-RD5-0278,DDR5_RDIMM,DDR5,MODULE,,16,3200,6400,1.1,0,95,72,CL52,288,TFBGA,2Gb x8,TRUE,Production,133.35,31.25,1.4,67,112,0.6,246,2.196,221,1.98,71,86.9,14.4,Constrained,1,83.1,DS-DDR5-MODULE-FAMILY
ANM-RD5-0279,DDR5_RDIMM,DDR5,MODULE,,16,4000,8000,1.1,-40,95,72,CL64,288,TFBGA,2Gb x8,TRUE,Production,133.35,31.25,1.4,721,277,2.6,46,0.166,1298,4.69,31,94.9,15.9,None,0,32.8,DS-DDR5-MODULE-FAMILY
ANM-RD5-0280,DDR5_RDIMM,DDR5,MODULE,,16,4000,8000,1.1,0,95,80,CL64,288,TFBGA,2Gb x8,TRUE,Production,133.35,31.25,1.4,1449,187,7.75,490,2.62,362,1.94,29,83.8,-4.9,Constrained,1,56.2,DS-DDR5-MODULE-FAMILY
ANM-RD5-0281,DDR5_RDIMM,DDR5,MODULE,,64,3200,6400,1.1,-40,95,72,CL52,288,TFBGA,4Gb x4,TRUE,End of Life,133.35,31.25,1.4,639,166,3.85,0,0.0,841,5.07,17,92.0,1.6,None,0,16.7,DS-DDR5-MODULE-FAMILY
ANM-RD5-0282,DDR5_RDIMM,DDR5,MODULE,,32,3200,6400,1.1,-40,95,80,CL52,288,TFBGA,2Gb x8,TRUE,End of Life,133.35,31.25,1.4,2646,296,8.94,30,0.101,972,3.28,14,85.7,25.8,Watch,0,22.6,DS-DDR5-MODULE-FAMILY
ANM-RD5-0283,DDR5_RDIMM,DDR5,MODULE,,128,2800,5600,1.1,-40,95,80,CL46,288,TFBGA,8Gb x4,TRUE,Production,133.35,31.25,1.4,110,95,1.16,1,0.011,414,4.36,53,92.7,-29.3,Constrained,0,51.2,DS-DDR5-MODULE-FAMILY
ANM-RD5-0284,DDR5_RDIMM,DDR5,MODULE,,64,2800,5600,1.1,-40,95,80,CL46,288,VFBGA,4Gb x4,TRUE,Sampling,133.35,31.25,1.4,745,197,3.79,32,0.162,336,1.71,26,92.1,23.2,None,0,25.8,DS-DDR5-MODULE-FAMILY
ANM-RD5-0285,DDR5_RDIMM,DDR5,MODULE,,32,3200,6400,1.1,-40,95,80,CL52,288,TFBGA,2Gb x8,TRUE,Production,133.35,31.25,1.4,1291,158,8.17,249,1.576,671,4.25,23,89.3,-14.5,Constrained,0,39.0,DS-DDR5-MODULE-FAMILY
ANM-RD5-0286,DDR5_RDIMM,DDR5,MODULE,,32,4000,8000,1.1,-40,95,72,CL64,288,VFBGA,2Gb x8,TRUE,Sampling,133.35,31.25,1.4,188,71,2.65,16,0.225,354,5.0,34,91.1,6.0,None,0,31.0,DS-DDR5-MODULE-FAMILY
ANM-RD5-0287,DDR5_RDIMM,DDR5,MODULE,,32,4000,8000,1.1,-40,95,72,CL64,288,TFBGA,2Gb x8,TRUE,Sampling,133.35,31.25,1.4,715,227,3.15,67,0.295,121,0.53,26,94.2,26.3,Watch,0,35.8,DS-DDR5-MODULE-FAMILY
ANM-RD5-0288,DDR5_RDIMM,DDR5,MODULE,,64,3200,6400,1.1,-40,95,80,CL52,288,VFBGA,4Gb x4,TRUE,Production,133.35,31.25,1.4,225,66,3.41,173,2.621,64,0.98,45,81.3,11.0,Constrained,1,80.2,DS-DDR5-MODULE-FAMILY
ANM-RD5-0289,DDR5_RDIMM,DDR5,MODULE,,64,3200,6400,1.1,-40,95,80,CL52,288,TFBGA,4Gb x4,TRUE,Production,133.35,31.25,1.4,419,222,1.89,25,0.113,1040,4.69,28,99.8,10.5,Watch,0,27.2,DS-DDR5-MODULE-FAMILY
ANM-RD5-0290,DDR5_RDIMM,DDR5,MODULE,,16,3200,6400,1.1,0,95,80,CL52,288,TFBGA,2Gb x8,TRUE,Production,133.35,31.25,1.4,261,95,2.75,31,0.326,135,1.42,45,89.1,23.2,None,0,54.9,DS-DDR5-MODULE-FAMILY
ANM-RD5-0291,DDR5_RDIMM,DDR5,MODULE,,32,4000,8000,1.1,-40,95,80,CL64,288,TFBGA,2Gb x8,TRUE,Production,133.35,31.25,1.4,118,144,0.83,141,0.979,303,2.1,40,95.9,5.6,Constrained,0,53.5,DS-DDR5-MODULE-FAMILY
ANM-RD5-0292,DDR5_RDIMM,DDR5,MODULE,,64,4000,8000,1.1,0,95,72,CL64,288,TFBGA,4Gb x4,TRUE,Production,133.35,31.25,1.4,1986,344,5.78,230,0.669,1049,3.05,37,96.2,-23.2,None,0,40.9,DS-DDR5-MODULE-FAMILY
ANM-RD5-0293,DDR5_RDIMM,DDR5,MODULE,,64,4000,8000,1.1,-40,95,80,CL64,288,VFBGA,4Gb x4,TRUE,Production,133.35,31.25,1.4,1132,282,4.02,566,2.007,351,1.25,54,82.3,18.8,Constrained,0,78.8,DS-DDR5-MODULE-FAMILY
ANM-RD5-0294,DDR5_RDIMM,DDR5,MODULE,,128,2800,5600,1.1,-40,95,80,CL46,288,VFBGA,8Gb x4,TRUE,Production,133.35,31.25,1.4,169,104,1.63,26,0.25,120,1.15,14,96.4,-18.0,Watch,0,10.0,DS-DDR5-MODULE-FAMILY
ANM-RD5-0295,DDR5_RDIMM,DDR5,MODULE,,64,3200,6400,1.1,0,95,80,CL52,288,TFBGA,4Gb x4,TRUE,Contact Sales,133.35,31.25,1.4,1616,259,6.24,0,0.0,157,0.61,26,97.4,-6.3,None,1,31.5,DS-DDR5-MODULE-FAMILY
ANM-RD5-0296,DDR5_RDIMM,DDR5,MODULE,,128,2800,5600,1.1,-40,95,72,CL46,288,VFBGA,8Gb x4,TRUE,Production,133.35,31.25,1.4,878,329,2.67,63,0.191,766,2.33,54,97.6,-31.9,None,0,53.6,DS-DDR5-MODULE-FAMILY
ANM-RD5-0297,DDR5_RDIMM,DDR5,MODULE,,64,4000,8000,1.1,0,95,80,CL64,288,VFBGA,4Gb x4,TRUE,Contact Sales,133.35,31.25,1.4,627,317,1.98,680,2.145,295,0.93,53,93.3,6.5,Constrained,1,83.3,DS-DDR5-MODULE-FAMILY
ANM-RD5-0298,DDR5_RDIMM,DDR5,MODULE,,64,3200,6400,1.1,0,95,80,CL52,288,VFBGA,4Gb x4,TRUE,Production,133.35,31.25,1.4,779,237,3.29,625,2.637,1002,4.23,65,83.8,34.5,Constrained,1,92.8,DS-DDR5-MODULE-FAMILY
ANM-RD5-0299,DDR5_RDIMM,DDR5,MODULE,,64,2800,5600,1.1,-40,95,80,CL46,288,VFBGA,4Gb x4,TRUE,Production,133.35,31.25,1.4,438,189,2.32,44,0.233,168,0.89,42,94.0,18.2,None,0,42.6,DS-DDR5-MODULE-FAMILY
ANM-RD5-0300,DDR5_RDIMM,DDR5,MODULE,,128,3200,6400,1.1,0,95,72,CL52,288,TFBGA,8Gb x4,TRUE,Production,133.35,31.25,1.4,233,89,2.63,99,1.112,39,0.44,34,86.7,21.1,Watch,0,50.4,DS-DDR5-MODULE-FAMILY
ANM-RD5-0301,DDR5_RDIMM,DDR5,MODULE,,64,4000,8000,1.1,-40,95,80,CL64,288,TFBGA,4Gb x4,TRUE,Sampling,133.35,31.25,1.4,867,182,4.77,31,0.17,200,1.1,31,98.2,0.8,None,0,35.6,DS-DDR5-MODULE-FAMILY
ANM-RD5-0302,DDR5_RDIMM,DDR5,MODULE,,16,4000,8000,1.1,0,95,72,CL64,288,TFBGA,2Gb x8,TRUE,Sampling,133.35,31.25,1.4,516,125,4.13,452,3.616,84,0.68,94,95.4,-35.2,Constrained,1,136.4,DS-DDR5-MODULE-FAMILY
ANM-RD5-0303,DDR5_RDIMM,DDR5,MODULE,,128,3200,6400,1.1,-40,95,80,CL52,288,VFBGA,8Gb x4,TRUE,Production,133.35,31.25,1.4,84,119,0.71,14,0.118,538,4.52,59,92.5,8.2,Constrained,1,58.8,DS-DDR5-MODULE-FAMILY
ANM-RD5-0304,DDR5_RDIMM,DDR5,MODULE,,64,3200,6400,1.1,0,95,80,CL52,288,TFBGA,4Gb x4,TRUE,Production,133.35,31.25,1.4,309,167,1.85,52,0.311,176,1.05,21,98.5,-0.7,Watch,0,21.6,DS-DDR5-MODULE-FAMILY
ANM-RD5-0305,DDR5_RDIMM,DDR5,MODULE,,16,2800,5600,1.1,-40,95,72,CL46,288,TFBGA,2Gb x8,TRUE,Production,133.35,31.25,1.4,561,213,2.63,103,0.484,323,1.52,14,87.7,-20.0,None,0,13.9,DS-DDR5-MODULE-FAMILY
ANM-RD5-0306,DDR5_RDIMM,DDR5,MODULE,,64,4000,8000,1.1,0,95,80,CL64,288,TFBGA,4Gb x4,TRUE,Production,133.35,31.25,1.4,220,109,2.02,47,0.431,294,2.7,18,88.9,28.7,Watch,1,28.4,DS-DDR5-MODULE-FAMILY
ANM-RD5-0307,DDR5_RDIMM,DDR5,MODULE,,64,2800,5600,1.1,0,95,72,CL46,288,VFBGA,4Gb x4,TRUE,Production,133.35,31.25,1.4,798,484,1.65,419,0.866,2110,4.36,30,90.3,59.7,Watch,0,37.9,DS-DDR5-MODULE-FAMILY
ANM-RD5-0308,DDR5_RDIMM,DDR5,MODULE,,64,3200,6400,1.1,0,95,72,CL52,288,VFBGA,4Gb x4,TRUE,Production,133.35,31.25,1.4,100,114,0.88,0,0.0,222,1.95,18,98.9,-34.0,Constrained,0,15.5,DS-DDR5-MODULE-FAMILY
ANM-RD5-0309,DDR5_RDIMM,DDR5,MODULE,,32,2800,5600,1.1,0,95,80,CL46,288,VFBGA,2Gb x8,TRUE,Production,133.35,31.25,1.4,739,201,3.68,0,0.0,35,0.18,14,91.7,-9.7,None,0,10.0,DS-DDR5-MODULE-FAMILY
ANM-RD5-0310,DDR5_RDIMM,DDR5,MODULE,,16,3200,6400,1.1,-40,95,72,CL52,288,VFBGA,2Gb x8,TRUE,Production,133.35,31.25,1.4,240,217,1.11,467,2.152,85,0.39,68,91.5,1.1,Constrained,1,86.3,DS-DDR5-MODULE-FAMILY
ANM-RD5-0311,DDR5_RDIMM,DDR5,MODULE,,128,4000,8000,1.1,0,95,72,CL64,288,VFBGA,8Gb x4,TRUE,Production,133.35,31.25,1.4,139,203,0.69,0,0.0,259,1.28,50,90.5,6.8,Constrained,1,48.1,DS-DDR5-MODULE-FAMILY
ANM-RD5-0312,DDR5_RDIMM,DDR5,MODULE,,128,4000,8000,1.1,-40,95,80,CL64,288,TFBGA,8Gb x4,TRUE,Production,133.35,31.25,1.4,502,290,1.73,220,0.759,33,0.11,26,89.8,18.9,Watch,1,37.3,DS-DDR5-MODULE-FAMILY
ANM-RD5-0313,DDR5_RDIMM,DDR5,MODULE,,64,3200,6400,1.1,0,95,80,CL52,288,TFBGA,4Gb x4,TRUE,Production,133.35,31.25,1.4,391,188,2.08,110,0.585,388,2.07,55,93.5,31.7,Watch,0,68.8,DS-DDR5-MODULE-FAMILY
ANM-RD5-0314,DDR5_RDIMM,DDR5,MODULE,,128,2800,5600,1.1,-40,95,80,CL46,288,TFBGA,8Gb x4,TRUE,Production,133.35,31.25,1.4,705,111,6.35,101,0.91,230,2.07,49,94.0,-0.9,Watch,0,64.2,DS-DDR5-MODULE-FAMILY
ANM-RD5-0315,DDR5_RDIMM,DDR5,MODULE,,64,2800,5600,1.1,-40,95,72,CL46,288,TFBGA,4Gb x4,TRUE,End of Life,133.35,31.25,1.4,2485,497,5.0,254,0.511,1243,2.5,14,99.2,-32.8,None,0,25.3,DS-DDR5-MODULE-FAMILY
ANM-RD5-0316,DDR5_RDIMM,DDR5,MODULE,,64,2800,5600,1.1,0,95,72,CL46,288,VFBGA,4Gb x4,TRUE,Production,133.35,31.25,1.4,779,144,5.42,99,0.688,282,1.96,14,90.9,3.9,None,1,27.4,DS-DDR5-MODULE-FAMILY
ANM-RD5-0317,DDR5_RDIMM,DDR5,MODULE,,128,2800,5600,1.1,0,95,72,CL46,288,TFBGA,8Gb x4,TRUE,Production,133.35,31.25,1.4,339,193,1.76,153,0.793,209,1.09,67,91.3,-23.7,Watch,0,68.8,DS-DDR5-MODULE-FAMILY
ANM-RD5-0318,DDR5_RDIMM,DDR5,MODULE,,128,2800,5600,1.1,0,95,72,CL46,288,VFBGA,8Gb x4,TRUE,Contact Sales,133.35,31.25,1.4,483,152,3.18,0,0.0,286,1.88,37,90.3,38.8,Watch,1,37.5,DS-DDR5-MODULE-FAMILY
ANM-RD5-0319,DDR5_RDIMM,DDR5,MODULE,,32,2800,5600,1.1,0,95,80,CL46,288,TFBGA,2Gb x8,TRUE,Production,133.35,31.25,1.4,557,137,4.07,0,0.0,213,1.56,55,92.7,-17.8,None,0,53.2,DS-DDR5-MODULE-FAMILY
ANM-RD5-0320,DDR5_RDIMM,DDR5,MODULE,,64,4000,8000,1.1,0,95,80,CL64,288,VFBGA,4Gb x4,TRUE,Production,133.35,31.25,1.4,360,244,1.48,0,0.0,63,0.26,28,92.0,9.4,Watch,0,23.6,DS-DDR5-MODULE-FAMILY
ANM-RD5-0321,DDR5_RDIMM,DDR5,MODULE,,32,3200,6400,1.1,-40,95,72,CL52,288,VFBGA,2Gb x8,TRUE,Production,133.35,31.25,1.4,902,134,6.73,102,0.761,146,1.09,45,89.5,5.0,Watch,1,53.2,DS-DDR5-MODULE-FAMILY
ANM-RD5-0322,DDR5_RDIMM,DDR5,MODULE,,32,2800,5600,1.1,0,95,80,CL46,288,VFBGA,2Gb x8,TRUE,Production,133.35,31.25,1.4,954,234,4.08,49,0.209,107,0.46,20,91.0,-6.1,None,0,16.0,DS-DDR5-MODULE-FAMILY
ANM-RD5-0323,DDR5_RDIMM,DDR5,MODULE,,128,2800,5600,1.1,-40,95,72,CL46,288,TFBGA,8Gb x4,TRUE,Contact Sales,133.35,31.25,1.4,649,224,2.9,64,0.286,295,1.32,31,94.1,-24.2,None,0,34.5,DS-DDR5-MODULE-FAMILY
ANM-RD5-0324,DDR5_RDIMM,DDR5,MODULE,,64,4000,8000,1.1,0,95,80,CL64,288,TFBGA,4Gb x4,TRUE,Sampling,133.35,31.25,1.4,128,83,1.55,1,0.012,134,1.62,42,94.4,20.3,Watch,0,53.7,DS-DDR5-MODULE-FAMILY
ANM-RD5-0325,DDR5_RDIMM,DDR5,MODULE,,32,2800,5600,1.1,0,95,72,CL46,288,VFBGA,2Gb x8,TRUE,Production,133.35,31.25,1.4,338,116,2.92,5,0.043,210,1.81,49,99.8,-31.1,None,0,48.2,DS-DDR5-MODULE-FAMILY
ANM-RD5-0326,DDR5_RDIMM,DDR5,MODULE,,128,3200,6400,1.1,0,95,72,CL52,288,VFBGA,8Gb x4,TRUE,Production,133.35,31.25,1.4,4516,335,13.48,112,0.334,476,1.42,14,96.8,-22.9,None,0,15.3,DS-DDR5-MODULE-FAMILY
ANM-RD5-0327,DDR5_RDIMM,DDR5,MODULE,,64,4000,8000,1.1,-40,95,80,CL64,288,VFBGA,4Gb x4,TRUE,Production,133.35,31.25,1.4,646,188,3.44,164,0.872,127,0.68,26,84.8,22.7,Watch,0,36.4,DS-DDR5-MODULE-FAMILY
ANM-RD5-0328,DDR5_RDIMM,DDR5,MODULE,,16,4000,8000,1.1,0,95,80,CL64,288,VFBGA,2Gb x8,TRUE,Production,133.35,31.25,1.4,1299,191,6.8,106,0.555,416,2.18,21,94.2,8.4,None,0,26.6,DS-DDR5-MODULE-FAMILY
ANM-RD5-0329,DDR5_RDIMM,DDR5,MODULE,,32,2800,5600,1.1,-40,95,80,CL46,288,VFBGA,2Gb x8,TRUE,Production,133.35,31.25,1.4,480,142,3.38,301,2.12,279,1.96,42,91.5,-2.8,Constrained,1,55.6,DS-DDR5-MODULE-FAMILY
ANM-RD5-0330,DDR5_RDIMM,DDR5,MODULE,,128,3200,6400,1.1,-40,95,72,CL52,288,TFBGA,8Gb x4,TRUE,Production,133.35,31.25,1.4,356,85,4.19,148,1.741,87,1.03,49,89.5,20.4,Constrained,1,72.2,DS-DDR5-MODULE-FAMILY
ANM-RD5-0331,DDR5_RDIMM,DDR5,MODULE,,64,3200,6400,1.1,-40,95,72,CL52,288,TFBGA,4Gb x4,TRUE,Sampling,133.35,31.25,1.4,763,173,4.41,125,0.723,391,2.26,26,93.1,-12.8,Watch,0,31.9,DS-DDR5-MODULE-FAMILY
ANM-RD5-0332,DDR5_RDIMM,DDR5,MODULE,,16,4000,8000,1.1,-40,95,80,CL64,288,VFBGA,2Gb x8,TRUE,Production,133.35,31.25,1.4,443,194,2.29,410,2.113,619,3.19,49,80.3,2.6,Constrained,1,77.9,DS-DDR5-MODULE-FAMILY
ANM-RD5-0333,DDR5_RDIMM,DDR5,MODULE,,32,2800,5600,1.1,-40,95,72,CL46,288,VFBGA,2Gb x8,TRUE,Production,133.35,31.25,1.4,604,123,4.92,127,1.033,99,0.81,20,84.7,0.7,Watch,1,31.6,DS-DDR5-MODULE-FAMILY
ANM-RD5-0334,DDR5_RDIMM,DDR5,MODULE,,64,3200,6400,1.1,-40,95,80,CL52,288,VFBGA,4Gb x4,TRUE,Production,133.35,31.25,1.4,1554,298,5.22,18,0.06,664,2.23,37,99.8,-11.3,None,0,42.5,DS-DDR5-MODULE-FAMILY
ANM-RD5-0335,DDR5_RDIMM,DDR5,MODULE,,32,2800,5600,1.1,0,95,72,CL46,288,VFBGA,2Gb x8,TRUE,Production,133.35,31.25,1.4,668,196,3.41,44,0.224,403,2.06,26,96.1,-16.3,None,0,35.6,DS-DDR5-MODULE-FAMILY
ANM-RD5-0336,DDR5_RDIMM,DDR5,MODULE,,16,4000,8000,1.1,0,95,80,CL64,288,VFBGA,2Gb x8,TRUE,Production,133.35,31.25,1.4,45,91,0.49,169,1.857,137,1.51,48,96.4,27.7,Constrained,1,68.2,DS-DDR5-MODULE-FAMILY
ANM-RD5-0337,DDR5_RDIMM,DDR5,MODULE,,32,4000,8000,1.1,-40,95,72,CL64,288,VFBGA,2Gb x8,TRUE,Production,133.35,31.25,1.4,805,256,3.15,564,2.203,490,1.92,50,84.1,40.4,Constrained,0,80.2,DS-DDR5-MODULE-FAMILY
ANM-RD5-0338,DDR5_RDIMM,DDR5,MODULE,,128,3200,6400,1.1,-40,95,80,CL52,288,TFBGA,8Gb x4,TRUE,Production,133.35,31.25,1.4,98,88,1.12,23,0.261,436,4.96,36,93.8,10.0,Constrained,0,46.7,DS-DDR5-MODULE-FAMILY
ANM-RD5-0339,DDR5_RDIMM,DDR5,MODULE,,64,2800,5600,1.1,-40,95,72,CL46,288,TFBGA,4Gb x4,TRUE,End of Life,133.35,31.25,1.4,451,75,6.02,41,0.547,112,1.5,14,92.4,17.1,None,0,28.7,DS-DDR5-MODULE-FAMILY
ANM-RD5-0340,DDR5_RDIMM,DDR5,MODULE,,16,2800,5600,1.1,0,95,80,CL46,288,VFBGA,2Gb x8,TRUE,Introduction,133.35,31.25,1.4,407,244,1.67,107,0.439,89,0.37,38,92.4,12.6,Watch,0,41.9,DS-DDR5-MODULE-FAMILY
ANM-RD5-0341,DDR5_RDIMM,DDR5,MODULE,,32,3200,6400,1.1,-40,95,72,CL52,288,TFBGA,2Gb x8,TRUE,Production,133.35,31.25,1.4,265,189,1.41,161,0.852,247,1.31,45,88.4,-21.0,Watch,1,59.4,DS-DDR5-MODULE-FAMILY
ANM-RD5-0342,DDR5_RDIMM,DDR5,MODULE,,32,3200,6400,1.1,-40,95,72,CL52,288,VFBGA,2Gb x8,TRUE,Production,133.35,31.25,1.4,389,120,3.24,37,0.308,268,2.24,23,89.9,1.8,None,0,21.2,DS-DDR5-MODULE-FAMILY
ANM-RD5-0343,DDR5_RDIMM,DDR5,MODULE,,64,3200,6400,1.1,0,95,72,CL52,288,TFBGA,4Gb x4,TRUE,Sampling,133.35,31.25,1.4,230,67,3.45,1,0.015,332,4.96,41,94.2,-2.3,None,0,41.6,DS-DDR5-MODULE-FAMILY
ANM-RD5-0344,DDR5_RDIMM,DDR5,MODULE,,32,4000,8000,1.1,-40,95,80,CL64,288,VFBGA,2Gb x8,TRUE,Production,133.35,31.25,1.4,132,103,1.29,70,0.68,150,1.47,55,93.8,16.5,Watch,0,59.4,DS-DDR5-MODULE-FAMILY
ANM-RD5-0345,DDR5_RDIMM,DDR5,MODULE,,64,3200,6400,1.1,-40,95,72,CL52,288,TFBGA,4Gb x4,TRUE,Production,133.35,31.25,1.4,455,165,2.76,137,0.83,43,0.26,19,88.0,23.7,Watch,0,33.8,DS-DDR5-MODULE-FAMILY
ANM-RD5-0346,DDR5_RDIMM,DDR5,MODULE,,32,4000,8000,1.1,-40,95,80,CL64,288,VFBGA,2Gb x8,TRUE,Production,133.35,31.25,1.4,503,109,4.62,38,0.349,309,2.84,45,92.3,10.3,None,0,52.1,DS-DDR5-MODULE-FAMILY
ANM-RD5-0347,DDR5_RDIMM,DDR5,MODULE,,64,2800,5600,1.1,-40,95,80,CL46,288,TFBGA,4Gb x4,TRUE,Production,133.35,31.25,1.4,606,135,4.49,77,0.57,146,1.08,18,97.6,-32.8,None,0,27.2,DS-DDR5-MODULE-FAMILY
ANM-RD5-0348,DDR5_RDIMM,DDR5,MODULE,,64,4000,8000,1.1,-40,95,80,CL64,288,TFBGA,4Gb x4,TRUE,Production,133.35,31.25,1.4,171,105,1.63,130,1.238,170,1.63,46,89.4,-3.2,Watch,1,57.2,DS-DDR5-MODULE-FAMILY
ANM-RD5-0349,DDR5_RDIMM,DDR5,MODULE,,64,2800,5600,1.1,0,95,72,CL46,288,TFBGA,4Gb x4,TRUE,Production,133.35,31.25,1.4,189,318,0.6,278,0.874,272,0.86,46,91.0,-16.2,Constrained,1,54.0,DS-DDR5-MODULE-FAMILY
ANM-RD5-0350,DDR5_RDIMM,DDR5,MODULE,,128,4000,8000,1.1,0,95,80,CL64,288,TFBGA,8Gb x4,TRUE,Production,133.35,31.25,1.4,349,76,4.6,0,0.0,151,1.99,30,98.3,32.6,Watch,0,20.3,DS-DDR5-MODULE-FAMILY
ANM-RD5-0351,DDR5_RDIMM,DDR5,MODULE,,128,2800,5600,1.1,0,95,72,CL46,288,VFBGA,8Gb x4,TRUE,End of Life,133.35,31.25,1.4,216,93,2.33,73,0.785,154,1.66,40,95.9,18.9,Watch,1,56.2,DS-DDR5-MODULE-FAMILY
ANM-RD5-0352,DDR5_RDIMM,DDR5,MODULE,,128,3200,6400,1.1,-40,95,72,CL52,288,TFBGA,8Gb x4,TRUE,Production,133.35,31.25,1.4,560,225,2.49,98,0.436,66,0.29,14,91.8,16.1,None,0,10.0,DS-DDR5-MODULE-FAMILY
ANM-RD5-0353,DDR5_RDIMM,DDR5,MODULE,,128,4000,8000,1.1,0,95,80,CL64,288,VFBGA,8Gb x4,TRUE,Production,133.35,31.25,1.4,700,146,4.8,199,1.363,130,0.89,28,93.0,-20.1,Constrained,0,41.8,DS-DDR5-MODULE-FAMILY
ANM-RD5-0354,DDR5_RDIMM,DDR5,MODULE,,16,3200,6400,1.1,0,95,80,CL52,288,TFBGA,2Gb x8,TRUE,Production,133.35,31.25,1.4,314,170,1.85,376,2.212,234,1.38,71,84.7,20.4,Constrained,1,106.1,DS-DDR5-MODULE-FAMILY
ANM-RD5-0355,DDR5_RDIMM,DDR5,MODULE,,64,2800,5600,1.1,-40,95,80,CL46,288,VFBGA,4Gb x4,TRUE,Production,133.35,31.25,1.4,502,164,3.07,196,1.195,483,2.95,32,80.6,-30.3,Watch,0,43.1,DS-DDR5-MODULE-FAMILY
ANM-RD5-0356,DDR5_RDIMM,DDR5,MODULE,,64,2800,5600,1.1,-40,95,72,CL46,288,TFBGA,4Gb x4,TRUE,Introduction,133.35,31.25,1.4,1401,476,2.94,0,0.0,1271,2.67,50,98.2,10.6,None,1,54.4,DS-DDR5-MODULE-FAMILY
ANM-RD5-0357,DDR5_RDIMM,DDR5,MODULE,,128,2800,5600,1.1,-40,95,80,CL46,288,VFBGA,8Gb x4,TRUE,Introduction,133.35,31.25,1.4,183,91,2.01,167,1.835,164,1.81,47,90.7,-15.0,Constrained,1,66.9,DS-DDR5-MODULE-FAMILY
ANM-RD5-0358,DDR5_RDIMM,DDR5,MODULE,,16,4000,8000,1.1,-40,95,80,CL64,288,TFBGA,2Gb x8,TRUE,Sampling,133.35,31.25,1.4,1109,249,4.46,39,0.157,1137,4.57,28,96.7,-23.7,None,0,34.9,DS-DDR5-MODULE-FAMILY
ANM-RD5-0359,DDR5_RDIMM,DDR5,MODULE,,128,3200,6400,1.1,-40,95,80,CL52,288,TFBGA,8Gb x4,TRUE,End of Life,133.35,31.25,1.4,111,104,1.07,106,1.019,48,0.46,46,88.4,-1.9,Constrained,1,64.2,DS-DDR5-MODULE-FAMILY
ANM-RD5-0360,DDR5_RDIMM,DDR5,MODULE,,16,2800,5600,1.1,-40,95,80,CL46,288,VFBGA,2Gb x8,TRUE,Production,133.35,31.25,1.4,1058,172,6.15,110,0.64,725,4.22,32,95.5,27.3,Watch,1,42.4,DS-DDR5-MODULE-FAMILY
ANM-RD5-0361,DDR5_RDIMM,DDR5,MODULE,,16,2800,5600,1.1,-40,95,80,CL46,288,VFBGA,2Gb x8,TRUE,Production,133.35,31.25,1.4,610,107,5.7,165,1.542,86,0.81,34,93.3,17.2,Constrained,1,52.8,DS-DDR5-MODULE-FAMILY
ANM-RD5-0362,DDR5_RDIMM,DDR5,MODULE,,128,2800,5600,1.1,0,95,80,CL46,288,TFBGA,8Gb x4,TRUE,Production,133.35,31.25,1.4,506,93,5.44,1,0.011,66,0.72,19,96.7,-6.6,None,1,22.0,DS-DDR5-MODULE-FAMILY
ANM-RD5-0363,DDR5_RDIMM,DDR5,MODULE,,32,4000,8000,1.1,0,95,80,CL64,288,TFBGA,2Gb x8,TRUE,Introduction,133.35,31.25,1.4,79,127,0.63,0,0.0,356,2.81,61,93.5,16.3,Constrained,0,66.5,DS-DDR5-MODULE-FAMILY
ANM-RD5-0364,DDR5_RDIMM,DDR5,MODULE,,32,2800,5600,1.1,0,95,80,CL46,288,VFBGA,2Gb x8,TRUE,Production,133.35,31.25,1.4,246,199,1.24,0,0.0,1103,5.54,35,92.0,7.5,Watch,0,40.2,DS-DDR5-MODULE-FAMILY
ANM-RD5-0365,DDR5_RDIMM,DDR5,MODULE,,128,3200,6400,1.1,0,95,80,CL52,288,TFBGA,8Gb x4,TRUE,Contact Sales,133.35,31.25,1.4,609,173,3.52,35,0.202,469,2.71,14,87.9,29.4,Watch,0,21.6,DS-DDR5-MODULE-FAMILY
ANM-RD5-0366,DDR5_RDIMM,DDR5,MODULE,,128,4000,8000,1.1,-40,95,80,CL64,288,TFBGA,8Gb x4,TRUE,Production,133.35,31.25,1.4,446,251,1.78,0,0.0,1391,5.54,40,93.1,-29.5,Watch,0,36.1,DS-DDR5-MODULE-FAMILY
ANM-RD5-0367,DDR5_RDIMM,DDR5,MODULE,,32,3200,6400,1.1,0,95,80,CL52,288,VFBGA,2Gb x8,TRUE,Contact Sales,133.35,31.25,1.4,228,89,2.57,17,0.191,329,3.7,37,88.7,12.5,None,0,45.3,DS-DDR5-MODULE-FAMILY
ANM-RD5-0368,DDR5_RDIMM,DDR5,MODULE,,32,4000,8000,1.1,0,95,72,CL64,288,TFBGA,2Gb x8,TRUE,Production,133.35,31.25,1.4,301,41,7.36,42,1.024,119,2.91,14,94.1,14.2,Watch,0,26.1,DS-DDR5-MODULE-FAMILY
ANM-RD5-0369,DDR5_RDIMM,DDR5,MODULE,,32,4000,8000,1.1,0,95,80,CL64,288,TFBGA,2Gb x8,TRUE,Production,133.35,31.25,1.4,814,134,6.08,26,0.194,114,0.86,14,95.0,14.1,None,1,17.8,DS-DDR5-MODULE-FAMILY
ANM-RD5-0370,DDR5_RDIMM,DDR5,MODULE,,128,3200,6400,1.1,0,95,80,CL52,288,VFBGA,8Gb x4,TRUE,Production,133.35,31.25,1.4,112,60,1.87,0,0.0,71,1.2,24,96.7,2.0,Watch,0,23.5,DS-DDR5-MODULE-FAMILY
ANM-RD5-0371,DDR5_RDIMM,DDR5,MODULE,,16,3200,6400,1.1,0,95,80,CL52,288,VFBGA,2Gb x8,TRUE,Production,133.35,31.25,1.4,882,170,5.19,10,0.059,194,1.15,36,99.0,19.0,None,0,35.9,DS-DDR5-MODULE-FAMILY
ANM-RD5-0372,DDR5_RDIMM,DDR5,MODULE,,64,4000,8000,1.1,-40,95,72,CL64,288,TFBGA,4Gb x4,TRUE,End of Life,133.35,31.25,1.4,198,104,1.91,0,0.0,113,1.09,25,92.9,-15.6,Watch,0,25.3,DS-DDR5-MODULE-FAMILY
ANM-RD5-0373,DDR5_RDIMM,DDR5,MODULE,,128,3200,6400,1.1,-40,95,80,CL52,288,VFBGA,8Gb x4,TRUE,Production,133.35,31.25,1.4,485,132,3.68,252,1.909,351,2.66,53,87.3,-32.3,Constrained,1,59.8,DS-DDR5-MODULE-FAMILY
ANM-RD5-0374,DDR5_RDIMM,DDR5,MODULE,,64,2800,5600,1.1,-40,95,72,CL46,288,VFBGA,4Gb x4,TRUE,Production,133.35,31.25,1.4,547,176,3.11,99,0.562,130,0.74,39,92.9,19.7,None,0,44.7,DS-DDR5-MODULE-FAMILY
ANM-RD5-0375,DDR5_RDIMM,DDR5,MODULE,,32,4000,8000,1.1,0,95,72,CL64,288,VFBGA,2Gb x8,TRUE,Production,133.35,31.25,1.4,1650,126,13.1,185,1.468,103,0.82,14,91.3,-11.5,Constrained,0,21.1,DS-DDR5-MODULE-FAMILY
ANM-RD5-0376,DDR5_RDIMM,DDR5,MODULE,,16,3200,6400,1.1,0,95,72,CL52,288,TFBGA,2Gb x8,TRUE,Introduction,133.35,31.25,1.4,173,60,2.89,133,2.217,233,3.89,61,92.5,13.2,Constrained,1,83.7,DS-DDR5-MODULE-FAMILY
ANM-RD5-0377,DDR5_RDIMM,DDR5,MODULE,,128,2800,5600,1.1,0,95,80,CL46,288,VFBGA,8Gb x4,TRUE,Production,133.35,31.25,1.4,302,196,1.54,105,0.536,305,1.56,58,92.3,-2.8,Watch,0,62.2,DS-DDR5-MODULE-FAMILY
ANM-RD5-0378,DDR5_RDIMM,DDR5,MODULE,,64,3200,6400,1.1,0,95,72,CL52,288,TFBGA,4Gb x4,TRUE,Production,133.35,31.25,1.4,475,172,2.76,26,0.151,898,5.22,23,91.0,12.3,None,0,34.1,DS-DDR5-MODULE-FAMILY
ANM-RD5-0379,DDR5_RDIMM,DDR5,MODULE,,16,3200,6400,1.1,0,95,80,CL52,288,TFBGA,2Gb x8,TRUE,Contact Sales,133.35,31.25,1.4,321,81,3.97,70,0.864,96,1.19,27,91.7,-10.4,Watch,1,42.1,DS-DDR5-MODULE-FAMILY
ANM-RD5-0380,DDR5_RDIMM,DDR5,MODULE,,16,4000,8000,1.1,0,95,80,CL64,288,VFBGA,2Gb x8,TRUE,End of Life,133.35,31.25,1.4,1529,248,6.17,245,0.988,204,0.82,19,94.3,8.8,Watch,0,27.0,DS-DDR5-MODULE-FAMILY
ANM-RD5-0381,DDR5_RDIMM,DDR5,MODULE,,16,3200,6400,1.1,-40,95,80,CL52,288,VFBGA,2Gb x8,TRUE,Contact Sales,133.35,31.25,1.4,510,215,2.37,48,0.223,430,2.0,27,92.2,12.3,None,0,31.0,DS-DDR5-MODULE-FAMILY
ANM-RD5-0382,DDR5_RDIMM,DDR5,MODULE,,32,4000,8000,1.1,0,95,80,CL64,288,VFBGA,2Gb x8,TRUE,Production,133.35,31.25,1.4,31,37,0.86,26,0.703,134,3.64,53,81.9,24.2,Constrained,1,67.8,DS-DDR5-MODULE-FAMILY
ANM-RD5-0383,DDR5_RDIMM,DDR5,MODULE,,32,4000,8000,1.1,0,95,80,CL64,288,TFBGA,2Gb x8,TRUE,Production,133.35,31.25,1.4,1201,190,6.32,60,0.316,384,2.02,25,94.1,11.5,None,0,23.6,DS-DDR5-MODULE-FAMILY
ANM-RD5-0384,DDR5_RDIMM,DDR5,MODULE,,128,2800,5600,1.1,0,95,72,CL46,288,TFBGA,8Gb x4,TRUE,Production,133.35,31.25,1.4,499,98,5.1,89,0.908,210,2.14,42,87.8,46.1,Watch,0,52.4,DS-DDR5-MODULE-FAMILY
ANM-RD5-0385,DDR5_RDIMM,DDR5,MODULE,,32,2800,5600,1.1,0,95,80,CL46,288,VFBGA,2Gb x8,TRUE,End of Life,133.35,31.25,1.4,183,78,2.35,44,0.564,64,0.83,36,89.4,-8.6,None,0,44.2,DS-DDR5-MODULE-FAMILY
ANM-RD5-0386,DDR5_RDIMM,DDR5,MODULE,,128,3200,6400,1.1,0,95,72,CL52,288,TFBGA,8Gb x4,TRUE,Production,133.35,31.25,1.4,144,90,1.61,6,0.067,43,0.49,37,91.1,17.4,Watch,1,39.4,DS-DDR5-MODULE-FAMILY
ANM-RD5-0387,DDR5_RDIMM,DDR5,MODULE,,128,2800,5600,1.1,0,95,80,CL46,288,TFBGA,8Gb x4,TRUE,Contact Sales,133.35,31.25,1.4,356,259,1.38,155,0.598,342,1.32,36,89.6,-27.1,Watch,0,46.1,DS-DDR5-MODULE-FAMILY
ANM-RD5-0388,DDR5_RDIMM,DDR5,MODULE,,16,4000,8000,1.1,-40,95,72,CL64,288,TFBGA,2Gb x8,TRUE,Production,133.35,31.25,1.4,115,40,2.88,12,0.3,59,1.49,21,92.0,-8.4,None,0,20.3,DS-DDR5-MODULE-FAMILY
ANM-RD5-0389,DDR5_RDIMM,DDR5,MODULE,,32,3200,6400,1.1,-40,95,80,CL52,288,TFBGA,2Gb x8,TRUE,Production,133.35,31.25,1.4,632,139,4.55,0,0.0,271,1.95,14,98.1,35.6,Watch,1,15.6,DS-DDR5-MODULE-FAMILY
ANM-RD5-0390,DDR5_RDIMM,DDR5,MODULE,,16,3200,6400,1.1,-40,95,80,CL52,288,TFBGA,2Gb x8,TRUE,End of Life,133.35,31.25,1.4,732,318,2.3,162,0.509,890,2.8,36,92.0,20.2,None,0,45.2,DS-DDR5-MODULE-FAMILY
ANM-RD5-0391,DDR5_RDIMM,DDR5,MODULE,,16,4000,8000,1.1,0,95,72,CL64,288,VFBGA,2Gb x8,TRUE,Contact Sales,133.35,31.25,1.4,88,91,0.97,29,0.319,73,0.81,32,93.2,23.4,Constrained,0,38.1,DS-DDR5-MODULE-FAMILY
ANM-RD5-0392,DDR5_RDIMM,DDR5,MODULE,,32,4000,8000,1.1,0,95,80,CL64,288,VFBGA,2Gb x8,TRUE,End of Life,133.35,31.25,1.4,226,102,2.22,66,0.647,229,2.25,59,88.9,-17.3,Watch,0,66.5,DS-DDR5-MODULE-FAMILY
ANM-RD5-0393,DDR5_RDIMM,DDR5,MODULE,,64,4000,8000,1.1,-40,95,72,CL64,288,VFBGA,4Gb x4,TRUE,Production,133.35,31.25,1.4,651,240,2.71,0,0.0,258,1.08,36,99.8,-0.1,None,1,32.4,DS-DDR5-MODULE-FAMILY
ANM-RD5-0394,DDR5_RDIMM,DDR5,MODULE,,32,2800,5600,1.1,0,95,80,CL46,288,VFBGA,2Gb x8,TRUE,Production,133.35,31.25,1.4,175,128,1.37,0,0.0,227,1.78,34,99.8,-2.4,Watch,1,33.3,DS-DDR5-MODULE-FAMILY
ANM-RD5-0395,DDR5_RDIMM,DDR5,MODULE,,32,4000,8000,1.1,0,95,72,CL64,288,TFBGA,2Gb x8,TRUE,Contact Sales,133.35,31.25,1.4,763,133,5.74,236,1.774,58,0.44,59,85.6,11.0,Constrained,1,81.1,DS-DDR5-MODULE-FAMILY
ANM-RD5-0396,DDR5_RDIMM,DDR5,MODULE,,64,2800,5600,1.1,-40,95,72,CL46,288,VFBGA,4Gb x4,TRUE,Introduction,133.35,31.25,1.4,679,113,6.01,226,2.0,358,3.17,48,92.9,-2.1,Constrained,1,71.7,DS-DDR5-MODULE-FAMILY
ANM-RD5-0397,DDR5_RDIMM,DDR5,MODULE,,128,2800,5600,1.1,0,95,72,CL46,288,VFBGA,8Gb x4,TRUE,Contact Sales,133.35,31.25,1.4,2397,771,3.11,60,0.078,747,0.97,33,90.8,-15.5,None,0,24.4,DS-DDR5-MODULE-FAMILY
ANM-RD5-0398,DDR5_RDIMM,DDR5,MODULE,,64,2800,5600,1.1,-40,95,80,CL46,288,VFBGA,4Gb x4,TRUE,Introduction,133.35,31.25,1.4,139,270,0.52,725,2.685,91,0.34,77,86.2,-0.4,Constrained,1,107.2,DS-DDR5-MODULE-FAMILY
ANM-RD5-0399,DDR5_RDIMM,DDR5,MODULE,,32,3200,6400,1.1,0,95,80,CL52,288,TFBGA,2Gb x8,TRUE,Production,133.35,31.25,1.4,289,91,3.18,0,0.0,67,0.75,28,97.2,5.6,None,0,27.8,DS-DDR5-MODULE-FAMILY
ANM-RD5-0400,DDR5_RDIMM,DDR5,MODULE,,32,2800,5600,1.1,0,95,72,CL46,288,VFBGA,2Gb x8,TRUE,Production,133.35,31.25,1.4,831,176,4.73,5,0.028,368,2.1,26,87.8,-27.2,None,0,20.2,DS-DDR5-MODULE-FAMILY
ANM-UD5-0001,DDR5_UDIMM,DDR5,MODULE,,16,3200,6400,1.1,-40,95,64,CL52,288,VFBGA,2Gb x8,FALSE,Contact Sales,133.35,31.25,1.4,649,145,4.48,69,0.476,528,3.64,16,96.7,-13.3,None,0,21.9,DS-DDR5-MODULE-FAMILY
ANM-UD5-0002,DDR5_UDIMM,DDR5,MODULE,,16,3200,6400,1.1,0,95,64,CL52,288,VFBGA,2Gb x8,FALSE,Production,133.35,31.25,1.4,515,215,2.4,522,2.428,510,2.37,98,84.8,-9.0,Constrained,0,122.2,DS-DDR5-MODULE-FAMILY
ANM-UD5-0003,DDR5_UDIMM,DDR5,MODULE,,32,3200,6400,1.1,0,95,64,CL52,288,VFBGA,2Gb x8,FALSE,Introduction,133.35,31.25,1.4,700,316,2.22,0,0.0,499,1.58,53,93.9,1.7,Watch,1,49.3,DS-DDR5-MODULE-FAMILY
ANM-UD5-0004,DDR5_UDIMM,DDR5,MODULE,,64,2800,5600,1.1,-40,95,64,CL46,288,VFBGA,4Gb x4,FALSE,Sampling,133.35,31.25,1.4,353,94,3.76,52,0.553,89,0.96,33,96.8,-40.0,None,0,40.2,DS-DDR5-MODULE-FAMILY
ANM-UD5-0005,DDR5_UDIMM,DDR5,MODULE,,16,2800,5600,1.1,-40,95,64,CL46,288,VFBGA,2Gb x8,FALSE,End of Life,133.35,31.25,1.4,451,115,3.92,190,1.652,66,0.58,51,91.4,-6.6,Constrained,1,64.4,DS-DDR5-MODULE-FAMILY
ANM-UD5-0006,DDR5_UDIMM,DDR5,MODULE,,32,2800,5600,1.1,-40,95,64,CL46,288,VFBGA,2Gb x8,FALSE,Production,133.35,31.25,1.4,383,159,2.41,36,0.226,343,2.16,33,97.5,21.1,None,1,35.3,DS-DDR5-MODULE-FAMILY
ANM-UD5-0007,DDR5_UDIMM,DDR5,MODULE,,32,2800,5600,1.1,0,95,64,CL46,288,VFBGA,2Gb x8,FALSE,Production,133.35,31.25,1.4,271,111,2.45,272,2.45,462,4.17,52,79.8,27.7,Constrained,1,77.1,DS-DDR5-MODULE-FAMILY
ANM-UD5-0008,DDR5_UDIMM,DDR5,MODULE,,32,2800,5600,1.1,-40,95,64,CL46,288,VFBGA,2Gb x8,FALSE,Production,133.35,31.25,1.4,1356,299,4.54,102,0.341,775,2.59,27,99.8,2.2,None,0,36.2,DS-DDR5-MODULE-FAMILY
ANM-UD5-0009,DDR5_UDIMM,DDR5,MODULE,,16,2800,5600,1.1,0,95,64,CL46,288,VFBGA,2Gb x8,FALSE,Production,133.35,31.25,1.4,1113,240,4.64,217,0.904,1137,4.74,29,82.0,-6.0,Watch,1,36.5,DS-DDR5-MODULE-FAMILY
ANM-UD5-0010,DDR5_UDIMM,DDR5,MODULE,,16,2800,5600,1.1,-40,95,64,CL46,288,VFBGA,2Gb x8,FALSE,Introduction,133.35,31.25,1.4,2180,633,3.45,773,1.221,1096,1.73,38,86.7,-24.1,Watch,0,59.9,DS-DDR5-MODULE-FAMILY
ANM-UD5-0011,DDR5_UDIMM,DDR5,MODULE,,16,2800,5600,1.1,0,95,64,CL46,288,VFBGA,2Gb x8,FALSE,End of Life,133.35,31.25,1.4,247,276,0.9,7,0.025,778,2.82,42,95.5,1.8,Constrained,0,41.0,DS-DDR5-MODULE-FAMILY
ANM-UD5-0012,DDR5_UDIMM,DDR5,MODULE,,32,3200,6400,1.1,0,95,64,CL52,288,VFBGA,2Gb x8,FALSE,Production,133.35,31.25,1.4,974,248,3.93,118,0.476,252,1.02,39,90.8,-5.4,None,0,44.4,DS-DDR5-MODULE-FAMILY
ANM-UD5-0013,DDR5_UDIMM,DDR5,MODULE,,32,3200,6400,1.1,-40,95,64,CL52,288,VFBGA,2Gb x8,FALSE,Production,133.35,31.25,1.4,959,483,1.99,108,0.224,1480,3.07,37,93.6,32.6,Watch,0,37.9,DS-DDR5-MODULE-FAMILY
ANM-UD5-0014,DDR5_UDIMM,DDR5,MODULE,,16,3200,6400,1.1,0,95,64,CL52,288,VFBGA,2Gb x8,FALSE,Production,133.35,31.25,1.4,118,83,1.42,33,0.398,165,1.99,31,86.9,9.0,Watch,1,47.5,DS-DDR5-MODULE-FAMILY
ANM-UD5-0015,DDR5_UDIMM,DDR5,MODULE,,16,3200,6400,1.1,0,95,64,CL52,288,VFBGA,2Gb x8,FALSE,Contact Sales,133.35,31.25,1.4,873,119,7.34,49,0.412,82,0.69,15,84.5,-14.7,None,0,26.2,DS-DDR5-MODULE-FAMILY
ANM-UD5-0016,DDR5_UDIMM,DDR5,MODULE,,32,3200,6400,1.1,-40,95,64,CL52,288,VFBGA,2Gb x8,FALSE,End of Life,133.35,31.25,1.4,243,149,1.64,14,0.094,78,0.52,44,92.1,3.7,Watch,0,39.3,DS-DDR5-MODULE-FAMILY
ANM-UD5-0017,DDR5_UDIMM,DDR5,MODULE,,32,3200,6400,1.1,0,95,64,CL52,288,VFBGA,2Gb x8,FALSE,Production,133.35,31.25,1.4,631,159,3.97,34,0.214,229,1.44,23,89.4,-33.8,None,0,14.7,DS-DDR5-MODULE-FAMILY
ANM-UD5-0018,DDR5_UDIMM,DDR5,MODULE,,16,3200,6400,1.1,-40,95,64,CL52,288,VFBGA,2Gb x8,FALSE,Production,133.35,31.25,1.4,749,192,3.9,15,0.078,246,1.28,53,90.8,-17.2,None,1,54.3,DS-DDR5-MODULE-FAMILY
ANM-UD5-0019,DDR5_UDIMM,DDR5,MODULE,,16,3200,6400,1.1,-40,95,64,CL52,288,VFBGA,2Gb x8,FALSE,Production,133.35,31.25,1.4,1559,499,3.13,202,0.405,558,1.12,26,92.6,-3.0,None,0,27.4,DS-DDR5-MODULE-FAMILY
ANM-UD5-0020,DDR5_UDIMM,DDR5,MODULE,,16,3200,6400,1.1,0,95,64,CL52,288,VFBGA,2Gb x8,FALSE,Production,133.35,31.25,1.4,98,177,0.56,49,0.277,1084,6.12,27,91.1,15.2,Constrained,1,37.7,DS-DDR5-MODULE-FAMILY
ANM-UD5-0021,DDR5_UDIMM,DDR5,MODULE,,64,2800,5600,1.1,0,95,64,CL46,288,VFBGA,4Gb x4,FALSE,Production,133.35,31.25,1.4,26,111,0.24,114,1.027,176,1.59,57,84.6,5.8,Constrained,1,76.2,DS-DDR5-MODULE-FAMILY
ANM-UD5-0022,DDR5_UDIMM,DDR5,MODULE,,16,2800,5600,1.1,-40,95,64,CL46,288,VFBGA,2Gb x8,FALSE,Introduction,133.35,31.25,1.4,21,145,0.15,105,0.724,39,0.27,63,89.1,3.3,Constrained,1,66.6,DS-DDR5-MODULE-FAMILY
ANM-UD5-0023,DDR5_UDIMM,DDR5,MODULE,,16,2800,5600,1.1,0,95,64,CL46,288,VFBGA,2Gb x8,FALSE,Production,133.35,31.25,1.4,1079,324,3.33,0,0.0,1323,4.09,24,93.3,8.0,None,0,22.4,DS-DDR5-MODULE-FAMILY
ANM-UD5-0024,DDR5_UDIMM,DDR5,MODULE,,16,3200,6400,1.1,-40,95,64,CL52,288,VFBGA,2Gb x8,FALSE,Production,133.35,31.25,1.4,607,227,2.68,134,0.59,384,1.69,35,99.6,12.6,None,0,37.6,DS-DDR5-MODULE-FAMILY
ANM-UD5-0025,DDR5_UDIMM,DDR5,MODULE,,32,3200,6400,1.1,0,95,64,CL52,288,VFBGA,2Gb x8,FALSE,Production,133.35,31.25,1.4,291,84,3.47,2,0.024,96,1.15,35,91.1,0.9,None,0,29.4,DS-DDR5-MODULE-FAMILY
ANM-UD5-0026,DDR5_UDIMM,DDR5,MODULE,,64,3200,6400,1.1,-40,95,64,CL52,288,VFBGA,4Gb x4,FALSE,End of Life,133.35,31.25,1.4,129,56,2.32,57,1.018,141,2.52,51,89.3,27.8,Watch,0,64.8,DS-DDR5-MODULE-FAMILY
ANM-UD5-0027,DDR5_UDIMM,DDR5,MODULE,,16,3200,6400,1.1,0,95,64,CL52,288,VFBGA,2Gb x8,FALSE,Production,133.35,31.25,1.4,419,308,1.36,0,0.0,1008,3.27,39,94.1,20.8,Watch,0,40.1,DS-DDR5-MODULE-FAMILY
ANM-UD5-0028,DDR5_UDIMM,DDR5,MODULE,,16,3200,6400,1.1,0,95,64,CL52,288,VFBGA,2Gb x8,FALSE,End of Life,133.35,31.25,1.4,312,142,2.2,45,0.317,368,2.59,19,96.8,-1.1,Watch,0,15.9,DS-DDR5-MODULE-FAMILY
ANM-UD5-0029,DDR5_UDIMM,DDR5,MODULE,,64,3200,6400,1.1,0,95,64,CL52,288,VFBGA,4Gb x4,FALSE,Production,133.35,31.25,1.4,593,108,5.49,0,0.0,280,2.6,14,99.8,-26.4,None,0,10.0,DS-DDR5-MODULE-FAMILY
ANM-UD5-0030,DDR5_UDIMM,DDR5,MODULE,,64,3200,6400,1.1,0,95,64,CL52,288,VFBGA,4Gb x4,FALSE,Production,133.35,31.25,1.4,920,227,4.05,253,1.115,210,0.93,62,85.7,6.2,Watch,0,64.8,DS-DDR5-MODULE-FAMILY
ANM-UD5-0031,DDR5_UDIMM,DDR5,MODULE,,16,3200,6400,1.1,0,95,64,CL52,288,VFBGA,2Gb x8,FALSE,Production,133.35,31.25,1.4,96,65,1.48,61,0.938,260,4.01,41,87.5,-23.8,Watch,1,54.7,DS-DDR5-MODULE-FAMILY
ANM-UD5-0032,DDR5_UDIMM,DDR5,MODULE,,64,3200,6400,1.1,-40,95,64,CL52,288,VFBGA,4Gb x4,FALSE,Production,133.35,31.25,1.4,366,60,6.11,0,0.0,35,0.59,14,99.7,64.8,Watch,1,17.0,DS-DDR5-MODULE-FAMILY
ANM-UD5-0033,DDR5_UDIMM,DDR5,MODULE,,32,3200,6400,1.1,-40,95,64,CL52,288,VFBGA,2Gb x8,FALSE,Production,133.35,31.25,1.4,531,205,2.59,159,0.776,207,1.01,55,92.9,11.7,Watch,0,67.3,DS-DDR5-MODULE-FAMILY
ANM-UD5-0034,DDR5_UDIMM,DDR5,MODULE,,64,3200,6400,1.1,-40,95,64,CL52,288,VFBGA,4Gb x4,FALSE,Contact Sales,133.35,31.25,1.4,461,275,1.68,96,0.349,678,2.47,14,96.7,13.8,Watch,0,22.8,DS-DDR5-MODULE-FAMILY
ANM-UD5-0035,DDR5_UDIMM,DDR5,MODULE,,16,2800,5600,1.1,-40,95,64,CL46,288,VFBGA,2Gb x8,FALSE,Production,133.35,31.25,1.4,264,134,1.98,175,1.306,279,2.08,53,85.9,8.8,Constrained,1,67.8,DS-DDR5-MODULE-FAMILY
ANM-UD5-0036,DDR5_UDIMM,DDR5,MODULE,,64,3200,6400,1.1,-40,95,64,CL52,288,VFBGA,4Gb x4,FALSE,Production,133.35,31.25,1.4,291,148,1.97,14,0.095,83,0.56,40,90.7,-3.4,Watch,0,36.7,DS-DDR5-MODULE-FAMILY
ANM-UD5-0037,DDR5_UDIMM,DDR5,MODULE,,32,3200,6400,1.1,-40,95,64,CL52,288,VFBGA,2Gb x8,FALSE,Production,133.35,31.25,1.4,220,135,1.63,0,0.0,603,4.47,27,99.0,-12.0,Watch,0,30.9,DS-DDR5-MODULE-FAMILY
ANM-UD5-0038,DDR5_UDIMM,DDR5,MODULE,,64,2800,5600,1.1,0,95,64,CL46,288,VFBGA,4Gb x4,FALSE,Introduction,133.35,31.25,1.4,2471,343,7.2,466,1.359,247,0.72,17,94.6,-4.2,Constrained,1,39.3,DS-DDR5-MODULE-FAMILY
ANM-UD5-0039,DDR5_UDIMM,DDR5,MODULE,,16,2800,5600,1.1,0,95,64,CL46,288,VFBGA,2Gb x8,FALSE,Sampling,133.35,31.25,1.4,126,97,1.31,6,0.062,274,2.83,61,95.6,7.5,Watch,0,57.9,DS-DDR5-MODULE-FAMILY
ANM-UD5-0040,DDR5_UDIMM,DDR5,MODULE,,16,2800,5600,1.1,0,95,64,CL46,288,VFBGA,2Gb x8,FALSE,Production,133.35,31.25,1.4,1050,118,8.91,523,4.432,134,1.14,39,81.4,-19.3,Constrained,1,76.8,DS-DDR5-MODULE-FAMILY
ANM-UD5-0041,DDR5_UDIMM,DDR5,MODULE,,64,2800,5600,1.1,0,95,64,CL46,288,VFBGA,4Gb x4,FALSE,Contact Sales,133.35,31.25,1.4,944,174,5.43,221,1.27,271,1.56,43,86.8,-10.5,Watch,0,54.8,DS-DDR5-MODULE-FAMILY
ANM-UD5-0042,DDR5_UDIMM,DDR5,MODULE,,16,2800,5600,1.1,0,95,64,CL46,288,VFBGA,2Gb x8,FALSE,Production,133.35,31.25,1.4,316,112,2.82,41,0.366,69,0.62,18,92.7,6.3,None,0,23.7,DS-DDR5-MODULE-FAMILY
ANM-UD5-0043,DDR5_UDIMM,DDR5,MODULE,,32,3200,6400,1.1,-40,95,64,CL52,288,VFBGA,2Gb x8,FALSE,Production,133.35,31.25,1.4,1585,350,4.53,480,1.371,475,1.36,56,94.5,75.0,Constrained,1,72.1,DS-DDR5-MODULE-FAMILY
ANM-UD5-0044,DDR5_UDIMM,DDR5,MODULE,,32,2800,5600,1.1,0,95,64,CL46,288,VFBGA,2Gb x8,FALSE,Production,133.35,31.25,1.4,353,187,1.89,568,3.037,72,0.39,64,78.7,2.8,Constrained,1,96.5,DS-DDR5-MODULE-FAMILY
ANM-UD5-0045,DDR5_UDIMM,DDR5,MODULE,,16,2800,5600,1.1,0,95,64,CL46,288,VFBGA,2Gb x8,FALSE,Contact Sales,133.35,31.25,1.4,71,129,0.56,83,0.643,121,0.94,59,96.5,10.0,Constrained,1,64.8,DS-DDR5-MODULE-FAMILY
ANM-UD5-0046,DDR5_UDIMM,DDR5,MODULE,,16,2800,5600,1.1,-40,95,64,CL46,288,VFBGA,2Gb x8,FALSE,Production,133.35,31.25,1.4,522,107,4.89,183,1.71,263,2.46,17,84.9,-7.8,Constrained,1,28.3,DS-DDR5-MODULE-FAMILY
ANM-UD5-0047,DDR5_UDIMM,DDR5,MODULE,,32,2800,5600,1.1,-40,95,64,CL46,288,VFBGA,2Gb x8,FALSE,Production,133.35,31.25,1.4,313,120,2.62,140,1.167,460,3.83,57,90.3,10.2,Watch,1,65.1,DS-DDR5-MODULE-FAMILY
ANM-UD5-0048,DDR5_UDIMM,DDR5,MODULE,,32,2800,5600,1.1,0,95,64,CL46,288,VFBGA,2Gb x8,FALSE,End of Life,133.35,31.25,1.4,942,487,1.93,137,0.281,757,1.56,31,90.7,-5.7,Watch,0,30.0,DS-DDR5-MODULE-FAMILY
ANM-UD5-0049,DDR5_UDIMM,DDR5,MODULE,,32,3200,6400,1.1,-40,95,64,CL52,288,VFBGA,2Gb x8,FALSE,Production,133.35,31.25,1.4,477,234,2.04,0,0.0,95,0.41,55,93.0,-15.8,Watch,0,55.4,DS-DDR5-MODULE-FAMILY
ANM-UD5-0050,DDR5_UDIMM,DDR5,MODULE,,32,3200,6400,1.1,-40,95,64,CL52,288,VFBGA,2Gb x8,FALSE,Production,133.35,31.25,1.4,497,117,4.26,48,0.41,176,1.51,26,87.9,-4.3,None,0,16.2,DS-DDR5-MODULE-FAMILY
ANM-UD5-0051,DDR5_UDIMM,DDR5,MODULE,,64,3200,6400,1.1,-40,95,64,CL52,288,VFBGA,4Gb x4,FALSE,End of Life,133.35,31.25,1.4,332,202,1.64,27,0.134,317,1.57,44,92.1,7.0,Watch,0,50.3,DS-DDR5-MODULE-FAMILY
ANM-UD5-0052,DDR5_UDIMM,DDR5,MODULE,,32,3200,6400,1.1,-40,95,64,CL52,288,VFBGA,2Gb x8,FALSE,Sampling,133.35,31.25,1.4,1489,235,6.34,277,1.179,256,1.09,14,92.5,4.1,Watch,0,25.7,DS-DDR5-MODULE-FAMILY
ANM-UD5-0053,DDR5_UDIMM,DDR5,MODULE,,16,2800,5600,1.1,-40,95,64,CL46,288,VFBGA,2Gb x8,FALSE,Production,133.35,31.25,1.4,296,91,3.25,9,0.099,250,2.75,15,93.3,-3.7,None,0,16.9,DS-DDR5-MODULE-FAMILY
ANM-UD5-0054,DDR5_UDIMM,DDR5,MODULE,,64,2800,5600,1.1,0,95,64,CL46,288,VFBGA,4Gb x4,FALSE,Production,133.35,31.25,1.4,684,118,5.8,0,0.0,133,1.13,14,94.4,32.8,Watch,0,16.7,DS-DDR5-MODULE-FAMILY
ANM-UD5-0055,DDR5_UDIMM,DDR5,MODULE,,32,3200,6400,1.1,0,95,64,CL52,288,VFBGA,2Gb x8,FALSE,Production,133.35,31.25,1.4,733,171,4.29,0,0.0,52,0.3,39,94.9,28.3,Watch,0,37.6,DS-DDR5-MODULE-FAMILY
ANM-UD5-0056,DDR5_UDIMM,DDR5,MODULE,,64,3200,6400,1.1,0,95,64,CL52,288,VFBGA,4Gb x4,FALSE,Production,133.35,31.25,1.4,952,234,4.07,93,0.397,435,1.86,14,86.5,19.6,None,0,27.4,DS-DDR5-MODULE-FAMILY
ANM-UD5-0057,DDR5_UDIMM,DDR5,MODULE,,16,3200,6400,1.1,-40,95,64,CL52,288,VFBGA,2Gb x8,FALSE,End of Life,133.35,31.25,1.4,388,334,1.16,224,0.671,512,1.54,39,93.1,2.4,Constrained,0,46.9,DS-DDR5-MODULE-FAMILY
ANM-UD5-0058,DDR5_UDIMM,DDR5,MODULE,,64,3200,6400,1.1,0,95,64,CL52,288,VFBGA,4Gb x4,FALSE,Production,133.35,31.25,1.4,260,115,2.26,11,0.096,257,2.24,50,93.3,19.4,Watch,1,50.0,DS-DDR5-MODULE-FAMILY
ANM-UD5-0059,DDR5_UDIMM,DDR5,MODULE,,32,2800,5600,1.1,-40,95,64,CL46,288,VFBGA,2Gb x8,FALSE,Production,133.35,31.25,1.4,838,114,7.35,3,0.026,198,1.74,14,95.2,-17.0,None,0,10.0,DS-DDR5-MODULE-FAMILY
ANM-UD5-0060,DDR5_UDIMM,DDR5,MODULE,,32,3200,6400,1.1,-40,95,64,CL52,288,VFBGA,2Gb x8,FALSE,Production,133.35,31.25,1.4,410,281,1.46,154,0.548,199,0.71,42,94.3,47.3,Watch,1,40.7,DS-DDR5-MODULE-FAMILY
ANM-UD5-0061,DDR5_UDIMM,DDR5,MODULE,,16,2800,5600,1.1,0,95,64,CL46,288,VFBGA,2Gb x8,FALSE,Introduction,133.35,31.25,1.4,365,184,1.98,115,0.625,233,1.27,29,92.5,-0.1,Watch,0,37.1,DS-DDR5-MODULE-FAMILY
ANM-UD5-0062,DDR5_UDIMM,DDR5,MODULE,,64,3200,6400,1.1,0,95,64,CL52,288,VFBGA,4Gb x4,FALSE,Sampling,133.35,31.25,1.4,2030,256,7.93,232,0.906,362,1.41,20,88.6,4.9,Watch,0,28.8,DS-DDR5-MODULE-FAMILY
ANM-UD5-0063,DDR5_UDIMM,DDR5,MODULE,,16,3200,6400,1.1,0,95,64,CL52,288,VFBGA,2Gb x8,FALSE,Production,133.35,31.25,1.4,560,379,1.48,230,0.607,2129,5.62,67,88.4,19.1,Watch,1,76.5,DS-DDR5-MODULE-FAMILY
ANM-UD5-0064,DDR5_UDIMM,DDR5,MODULE,,32,2800,5600,1.1,-40,95,64,CL46,288,VFBGA,2Gb x8,FALSE,Production,133.35,31.25,1.4,285,250,1.14,178,0.712,647,2.59,38,93.8,-13.2,Constrained,0,38.9,DS-DDR5-MODULE-FAMILY
ANM-UD5-0065,DDR5_UDIMM,DDR5,MODULE,,32,2800,5600,1.1,0,95,64,CL46,288,VFBGA,2Gb x8,FALSE,Production,133.35,31.25,1.4,289,255,1.13,54,0.212,481,1.89,37,86.5,-39.6,Constrained,1,32.4,DS-DDR5-MODULE-FAMILY
ANM-UD5-0066,DDR5_UDIMM,DDR5,MODULE,,32,3200,6400,1.1,-40,95,64,CL52,288,VFBGA,2Gb x8,FALSE,End of Life,133.35,31.25,1.4,476,113,4.22,210,1.858,77,0.69,54,87.5,12.5,Constrained,1,79.9,DS-DDR5-MODULE-FAMILY
ANM-UD5-0067,DDR5_UDIMM,DDR5,MODULE,,64,2800,5600,1.1,0,95,64,CL46,288,VFBGA,4Gb x4,FALSE,Sampling,133.35,31.25,1.4,351,103,3.41,55,0.534,66,0.65,42,93.2,9.2,None,1,47.9,DS-DDR5-MODULE-FAMILY
ANM-UD5-0068,DDR5_UDIMM,DDR5,MODULE,,64,3200,6400,1.1,-40,95,64,CL52,288,VFBGA,4Gb x4,FALSE,Production,133.35,31.25,1.4,281,79,3.57,29,0.367,122,1.55,50,91.2,-18.3,None,0,52.8,DS-DDR5-MODULE-FAMILY
ANM-UD5-0069,DDR5_UDIMM,DDR5,MODULE,,32,2800,5600,1.1,-40,95,64,CL46,288,VFBGA,2Gb x8,FALSE,Production,133.35,31.25,1.4,94,100,0.95,256,2.56,379,3.8,43,82.7,-31.5,Constrained,1,73.2,DS-DDR5-MODULE-FAMILY
ANM-UD5-0070,DDR5_UDIMM,DDR5,MODULE,,16,3200,6400,1.1,0,95,64,CL52,288,VFBGA,2Gb x8,FALSE,Production,133.35,31.25,1.4,680,309,2.2,156,0.505,1961,6.35,20,99.8,23.1,Watch,0,29.6,DS-DDR5-MODULE-FAMILY
ANM-UD5-0071,DDR5_UDIMM,DDR5,MODULE,,32,2800,5600,1.1,-40,95,64,CL46,288,VFBGA,2Gb x8,FALSE,Production,133.35,31.25,1.4,535,154,3.48,65,0.422,224,1.46,52,93.6,35.4,Watch,1,55.5,DS-DDR5-MODULE-FAMILY
ANM-UD5-0072,DDR5_UDIMM,DDR5,MODULE,,16,3200,6400,1.1,-40,95,64,CL52,288,VFBGA,2Gb x8,FALSE,Introduction,133.35,31.25,1.4,63,31,2.06,0,0.0,15,0.49,35,91.3,-36.1,Watch,0,42.2,DS-DDR5-MODULE-FAMILY
ANM-UD5-0073,DDR5_UDIMM,DDR5,MODULE,,16,3200,6400,1.1,-40,95,64,CL52,288,VFBGA,2Gb x8,FALSE,Production,133.35,31.25,1.4,148,126,1.18,85,0.675,298,2.37,33,87.6,14.7,Constrained,0,38.5,DS-DDR5-MODULE-FAMILY
ANM-UD5-0074,DDR5_UDIMM,DDR5,MODULE,,64,3200,6400,1.1,0,95,64,CL52,288,VFBGA,4Gb x4,FALSE,Production,133.35,31.25,1.4,2120,286,7.42,64,0.224,93,0.33,14,97.0,-2.0,None,0,22.9,DS-DDR5-MODULE-FAMILY
ANM-UD5-0075,DDR5_UDIMM,DDR5,MODULE,,16,2800,5600,1.1,0,95,64,CL46,288,VFBGA,2Gb x8,FALSE,Sampling,133.35,31.25,1.4,997,111,8.98,96,0.865,69,0.62,14,89.8,13.8,Watch,0,16.9,DS-DDR5-MODULE-FAMILY
ANM-UD5-0076,DDR5_UDIMM,DDR5,MODULE,,32,2800,5600,1.1,-40,95,64,CL46,288,VFBGA,2Gb x8,FALSE,Production,133.35,31.25,1.4,904,288,3.14,43,0.149,639,2.22,30,92.1,5.1,None,1,30.0,DS-DDR5-MODULE-FAMILY
ANM-UD5-0077,DDR5_UDIMM,DDR5,MODULE,,32,3200,6400,1.1,0,95,64,CL52,288,VFBGA,2Gb x8,FALSE,Production,133.35,31.25,1.4,677,120,5.65,84,0.7,206,1.72,14,94.9,2.1,None,0,26.4,DS-DDR5-MODULE-FAMILY
ANM-UD5-0078,DDR5_UDIMM,DDR5,MODULE,,32,2800,5600,1.1,0,95,64,CL46,288,VFBGA,2Gb x8,FALSE,Production,133.35,31.25,1.4,1196,362,3.31,315,0.87,620,1.71,43,94.9,-9.1,Watch,0,52.6,DS-DDR5-MODULE-FAMILY
ANM-UD5-0079,DDR5_UDIMM,DDR5,MODULE,,32,2800,5600,1.1,0,95,64,CL46,288,VFBGA,2Gb x8,FALSE,End of Life,133.35,31.25,1.4,161,134,1.2,49,0.366,179,1.34,39,94.3,18.9,Watch,1,40.4,DS-DDR5-MODULE-FAMILY
ANM-UD5-0080,DDR5_UDIMM,DDR5,MODULE,,32,3200,6400,1.1,-40,95,64,CL52,288,VFBGA,2Gb x8,FALSE,Production,133.35,31.25,1.4,451,247,1.83,15,0.061,682,2.76,45,96.6,-21.6,Watch,0,47.7,DS-DDR5-MODULE-FAMILY
ANM-UD5-0081,DDR5_UDIMM,DDR5,MODULE,,64,3200,6400,1.1,0,95,64,CL52,288,VFBGA,4Gb x4,FALSE,Production,133.35,31.25,1.4,420,175,2.4,148,0.846,78,0.45,15,92.5,2.7,Watch,0,18.9,DS-DDR5-MODULE-FAMILY
ANM-UD5-0082,DDR5_UDIMM,DDR5,MODULE,,16,3200,6400,1.1,-40,95,64,CL52,288,VFBGA,2Gb x8,FALSE,Production,133.35,31.25,1.4,340,109,3.12,90,0.826,105,0.97,32,89.2,-5.7,Watch,0,46.3,DS-DDR5-MODULE-FAMILY
ANM-UD5-0083,DDR5_UDIMM,DDR5,MODULE,,64,3200,6400,1.1,-40,95,64,CL52,288,VFBGA,4Gb x4,FALSE,Introduction,133.35,31.25,1.4,143,124,1.16,60,0.484,145,1.17,58,96.5,-22.4,Constrained,0,68.0,DS-DDR5-MODULE-FAMILY
ANM-UD5-0084,DDR5_UDIMM,DDR5,MODULE,,32,3200,6400,1.1,-40,95,64,CL52,288,VFBGA,2Gb x8,FALSE,Production,133.35,31.25,1.4,176,41,4.31,0,0.0,69,1.69,33,92.8,-1.9,None,0,34.4,DS-DDR5-MODULE-FAMILY
ANM-UD5-0085,DDR5_UDIMM,DDR5,MODULE,,16,3200,6400,1.1,0,95,64,CL52,288,VFBGA,2Gb x8,FALSE,Production,133.35,31.25,1.4,700,138,5.08,61,0.442,511,3.71,14,89.3,21.2,None,0,19.2,DS-DDR5-MODULE-FAMILY
ANM-UD5-0086,DDR5_UDIMM,DDR5,MODULE,,64,2800,5600,1.1,-40,95,64,CL46,288,VFBGA,4Gb x4,FALSE,Production,133.35,31.25,1.4,508,118,4.31,106,0.898,100,0.85,51,95.3,9.3,Watch,1,59.4,DS-DDR5-MODULE-FAMILY
ANM-UD5-0087,DDR5_UDIMM,DDR5,MODULE,,64,2800,5600,1.1,0,95,64,CL46,288,VFBGA,4Gb x4,FALSE,Production,133.35,31.25,1.4,890,237,3.76,164,0.692,440,1.86,14,96.1,2.7,None,0,12.5,DS-DDR5-MODULE-FAMILY
ANM-UD5-0088,DDR5_UDIMM,DDR5,MODULE,,32,2800,5600,1.1,-40,95,64,CL46,288,VFBGA,2Gb x8,FALSE,End of Life,133.35,31.25,1.4,113,141,0.8,17,0.121,454,3.23,41,95.0,24.8,Constrained,1,44.0,DS-DDR5-MODULE-FAMILY
ANM-UD5-0089,DDR5_UDIMM,DDR5,MODULE,,16,3200,6400,1.1,-40,95,64,CL52,288,VFBGA,2Gb x8,FALSE,Production,133.35,31.25,1.4,957,460,2.08,85,0.185,143,0.31,24,98.6,-17.1,Watch,0,29.9,DS-DDR5-MODULE-FAMILY
ANM-UD5-0090,DDR5_UDIMM,DDR5,MODULE,,16,2800,5600,1.1,-40,95,64,CL46,288,VFBGA,2Gb x8,FALSE,Production,133.35,31.25,1.4,742,116,6.4,0,0.0,336,2.9,14,88.7,2.6,None,0,20.8,DS-DDR5-MODULE-FAMILY
ANM-UD5-0091,DDR5_UDIMM,DDR5,MODULE,,16,2800,5600,1.1,-40,95,64,CL46,288,VFBGA,2Gb x8,FALSE,End of Life,133.35,31.25,1.4,870,257,3.39,282,1.097,525,2.05,28,84.6,41.1,Watch,0,39.4,DS-DDR5-MODULE-FAMILY
ANM-UD5-0092,DDR5_UDIMM,DDR5,MODULE,,32,2800,5600,1.1,-40,95,64,CL46,288,VFBGA,2Gb x8,FALSE,Sampling,133.35,31.25,1.4,569,126,4.52,5,0.04,189,1.51,31,89.9,1.1,None,0,31.2,DS-DDR5-MODULE-FAMILY
ANM-UD5-0093,DDR5_UDIMM,DDR5,MODULE,,32,2800,5600,1.1,-40,95,64,CL46,288,VFBGA,2Gb x8,FALSE,Contact Sales,133.35,31.25,1.4,969,291,3.33,337,1.158,522,1.8,39,97.5,3.3,Watch,0,58.5,DS-DDR5-MODULE-FAMILY
ANM-UD5-0094,DDR5_UDIMM,DDR5,MODULE,,64,2800,5600,1.1,0,95,64,CL46,288,VFBGA,4Gb x4,FALSE,Production,133.35,31.25,1.4,209,165,1.27,237,1.436,257,1.56,66,78.0,15.6,Constrained,1,83.8,DS-DDR5-MODULE-FAMILY
ANM-UD5-0095,DDR5_UDIMM,DDR5,MODULE,,64,3200,6400,1.1,0,95,64,CL52,288,VFBGA,4Gb x4,FALSE,Sampling,133.35,31.25,1.4,363,72,5.05,144,2.0,261,3.63,39,87.2,-8.2,Constrained,1,58.8,DS-DDR5-MODULE-FAMILY
ANM-UD5-0096,DDR5_UDIMM,DDR5,MODULE,,16,3200,6400,1.1,0,95,64,CL52,288,VFBGA,2Gb x8,FALSE,Production,133.35,31.25,1.4,622,111,5.61,0,0.0,156,1.41,24,93.4,-10.2,None,0,22.5,DS-DDR5-MODULE-FAMILY
ANM-UD5-0097,DDR5_UDIMM,DDR5,MODULE,,16,2800,5600,1.1,0,95,64,CL46,288,VFBGA,2Gb x8,FALSE,Sampling,133.35,31.25,1.4,71,146,0.49,247,1.692,198,1.36,52,85.9,-27.0,Constrained,1,75.3,DS-DDR5-MODULE-FAMILY
ANM-UD5-0098,DDR5_UDIMM,DDR5,MODULE,,32,2800,5600,1.1,0,95,64,CL46,288,VFBGA,2Gb x8,FALSE,Introduction,133.35,31.25,1.4,913,193,4.74,0,0.0,356,1.85,23,89.4,-18.8,None,0,24.3,DS-DDR5-MODULE-FAMILY
ANM-UD5-0099,DDR5_UDIMM,DDR5,MODULE,,16,3200,6400,1.1,0,95,64,CL52,288,VFBGA,2Gb x8,FALSE,Production,133.35,31.25,1.4,473,146,3.25,85,0.582,91,0.62,31,94.8,4.0,None,0,22.4,DS-DDR5-MODULE-FAMILY
ANM-UD5-0100,DDR5_UDIMM,DDR5,MODULE,,32,3200,6400,1.1,-40,95,64,CL52,288,VFBGA,2Gb x8,FALSE,Production,133.35,31.25,1.4,595,87,6.84,33,0.379,89,1.03,14,86.3,39.5,Watch,0,22.2,DS-DDR5-MODULE-FAMILY
ANM-UD5-0101,DDR5_UDIMM,DDR5,MODULE,,32,2800,5600,1.1,-40,95,64,CL46,288,VFBGA,2Gb x8,FALSE,Sampling,133.35,31.25,1.4,1110,223,4.98,3,0.013,197,0.89,23,96.0,-4.3,None,0,25.9,DS-DDR5-MODULE-FAMILY
ANM-UD5-0102,DDR5_UDIMM,DDR5,MODULE,,64,3200,6400,1.1,-40,95,64,CL52,288,VFBGA,4Gb x4,FALSE,Production,133.35,31.25,1.4,274,61,4.51,0,0.0,125,2.06,14,95.2,12.0,None,0,17.9,DS-DDR5-MODULE-FAMILY
ANM-UD5-0103,DDR5_UDIMM,DDR5,MODULE,,32,3200,6400,1.1,-40,95,64,CL52,288,VFBGA,2Gb x8,FALSE,Production,133.35,31.25,1.4,757,91,8.32,105,1.154,343,3.78,16,86.5,-8.8,Watch,0,20.7,DS-DDR5-MODULE-FAMILY
ANM-UD5-0104,DDR5_UDIMM,DDR5,MODULE,,64,2800,5600,1.1,0,95,64,CL46,288,VFBGA,4Gb x4,FALSE,Introduction,133.35,31.25,1.4,374,145,2.58,38,0.262,221,1.53,14,90.9,19.4,None,0,21.1,DS-DDR5-MODULE-FAMILY
ANM-UD5-0105,DDR5_UDIMM,DDR5,MODULE,,32,2800,5600,1.1,0,95,64,CL46,288,VFBGA,2Gb x8,FALSE,End of Life,133.35,31.25,1.4,318,107,2.98,48,0.449,64,0.6,14,96.4,-5.3,None,0,15.9,DS-DDR5-MODULE-FAMILY
ANM-UD5-0106,DDR5_UDIMM,DDR5,MODULE,,16,2800,5600,1.1,-40,95,64,CL46,288,VFBGA,2Gb x8,FALSE,Sampling,133.35,31.25,1.4,1296,230,5.64,156,0.678,372,1.62,14,90.3,21.3,None,0,28.4,DS-DDR5-MODULE-FAMILY
ANM-UD5-0107,DDR5_UDIMM,DDR5,MODULE,,64,3200,6400,1.1,0,95,64,CL52,288,VFBGA,4Gb x4,FALSE,Production,133.35,31.25,1.4,244,114,2.15,37,0.325,202,1.78,57,90.4,0.3,Watch,0,61.4,DS-DDR5-MODULE-FAMILY
ANM-UD5-0108,DDR5_UDIMM,DDR5,MODULE,,16,3200,6400,1.1,0,95,64,CL52,288,VFBGA,2Gb x8,FALSE,Production,133.35,31.25,1.4,537,82,6.56,0,0.0,128,1.56,14,99.8,11.7,None,0,24.1,DS-DDR5-MODULE-FAMILY
ANM-UD5-0109,DDR5_UDIMM,DDR5,MODULE,,64,3200,6400,1.1,-40,95,64,CL52,288,VFBGA,4Gb x4,FALSE,Production,133.35,31.25,1.4,2340,298,7.85,22,0.074,216,0.72,14,98.8,-5.0,None,0,10.3,DS-DDR5-MODULE-FAMILY
ANM-UD5-0110,DDR5_UDIMM,DDR5,MODULE,,16,2800,5600,1.1,0,95,64,CL46,288,VFBGA,2Gb x8,FALSE,Production,133.35,31.25,1.4,323,218,1.48,13,0.06,592,2.72,40,94.7,30.9,Watch,0,39.8,DS-DDR5-MODULE-FAMILY
ANM-UD5-0111,DDR5_UDIMM,DDR5,MODULE,,64,2800,5600,1.1,-40,95,64,CL46,288,VFBGA,4Gb x4,FALSE,Production,133.35,31.25,1.4,43,72,0.61,123,1.708,134,1.87,74,78.9,-8.0,Constrained,1,88.6,DS-DDR5-MODULE-FAMILY
ANM-UD5-0112,DDR5_UDIMM,DDR5,MODULE,,32,2800,5600,1.1,-40,95,64,CL46,288,VFBGA,2Gb x8,FALSE,Production,133.35,31.25,1.4,67,127,0.53,94,0.74,112,0.89,46,90.0,4.1,Constrained,1,59.3,DS-DDR5-MODULE-FAMILY
ANM-UD5-0113,DDR5_UDIMM,DDR5,MODULE,,64,3200,6400,1.1,-40,95,64,CL52,288,VFBGA,4Gb x4,FALSE,Production,133.35,31.25,1.4,735,158,4.66,218,1.38,319,2.02,56,86.1,-10.6,Constrained,1,71.9,DS-DDR5-MODULE-FAMILY
ANM-UD5-0114,DDR5_UDIMM,DDR5,MODULE,,64,3200,6400,1.1,0,95,64,CL52,288,VFBGA,4Gb x4,FALSE,End of Life,133.35,31.25,1.4,3212,249,12.9,336,1.349,1496,6.01,14,99.8,16.0,Constrained,0,24.0,DS-DDR5-MODULE-FAMILY
ANM-UD5-0115,DDR5_UDIMM,DDR5,MODULE,,16,3200,6400,1.1,-40,95,64,CL52,288,VFBGA,2Gb x8,FALSE,Production,133.35,31.25,1.4,959,227,4.23,0,0.0,263,1.16,18,93.5,4.3,None,1,13.6,DS-DDR5-MODULE-FAMILY
ANM-UD5-0116,DDR5_UDIMM,DDR5,MODULE,,16,2800,5600,1.1,-40,95,64,CL46,288,VFBGA,2Gb x8,FALSE,Production,133.35,31.25,1.4,461,209,2.21,0,0.0,334,1.6,36,90.3,11.2,Watch,0,32.2,DS-DDR5-MODULE-FAMILY
ANM-UD5-0117,DDR5_UDIMM,DDR5,MODULE,,32,3200,6400,1.1,0,95,64,CL52,288,VFBGA,2Gb x8,FALSE,Production,133.35,31.25,1.4,1129,171,6.61,0,0.0,185,1.09,14,95.0,10.6,None,0,10.0,DS-DDR5-MODULE-FAMILY
ANM-UD5-0118,DDR5_UDIMM,DDR5,MODULE,,64,2800,5600,1.1,0,95,64,CL46,288,VFBGA,4Gb x4,FALSE,Production,133.35,31.25,1.4,206,142,1.46,90,0.634,203,1.43,69,93.5,14.0,Watch,0,78.3,DS-DDR5-MODULE-FAMILY
ANM-UD5-0119,DDR5_UDIMM,DDR5,MODULE,,64,2800,5600,1.1,0,95,64,CL46,288,VFBGA,4Gb x4,FALSE,Contact Sales,133.35,31.25,1.4,193,146,1.32,51,0.349,30,0.21,46,86.8,10.3,Watch,1,59.0,DS-DDR5-MODULE-FAMILY
ANM-UD5-0120,DDR5_UDIMM,DDR5,MODULE,,16,2800,5600,1.1,-40,95,64,CL46,288,VFBGA,2Gb x8,FALSE,Production,133.35,31.25,1.4,299,179,1.67,0,0.0,425,2.38,39,94.5,-18.2,Watch,0,38.1,DS-DDR5-MODULE-FAMILY
ANM-UD5-0121,DDR5_UDIMM,DDR5,MODULE,,16,2800,5600,1.1,-40,95,64,CL46,288,VFBGA,2Gb x8,FALSE,Production,133.35,31.25,1.4,459,169,2.72,0,0.0,267,1.59,32,94.9,-9.2,None,0,36.4,DS-DDR5-MODULE-FAMILY
ANM-UD5-0122,DDR5_UDIMM,DDR5,MODULE,,64,2800,5600,1.1,0,95,64,CL46,288,VFBGA,4Gb x4,FALSE,Production,133.35,31.25,1.4,1015,138,7.36,0,0.0,48,0.35,14,94.4,55.8,Watch,0,33.8,DS-DDR5-MODULE-FAMILY
ANM-UD5-0123,DDR5_UDIMM,DDR5,MODULE,,64,3200,6400,1.1,-40,95,64,CL52,288,VFBGA,4Gb x4,FALSE,Production,133.35,31.25,1.4,655,124,5.29,0,0.0,276,2.23,26,88.1,7.4,None,1,26.5,DS-DDR5-MODULE-FAMILY
ANM-UD5-0124,DDR5_UDIMM,DDR5,MODULE,,64,2800,5600,1.1,-40,95,64,CL46,288,VFBGA,4Gb x4,FALSE,Production,133.35,31.25,1.4,447,122,3.66,69,0.566,248,2.04,31,89.3,-17.6,None,0,47.0,DS-DDR5-MODULE-FAMILY
ANM-UD5-0125,DDR5_UDIMM,DDR5,MODULE,,64,3200,6400,1.1,-40,95,64,CL52,288,VFBGA,4Gb x4,FALSE,Production,133.35,31.25,1.4,856,164,5.22,95,0.579,375,2.29,14,89.7,-26.0,None,0,24.1,DS-DDR5-MODULE-FAMILY
ANM-UD5-0126,DDR5_UDIMM,DDR5,MODULE,,32,2800,5600,1.1,0,95,64,CL46,288,VFBGA,2Gb x8,FALSE,Production,133.35,31.25,1.4,323,139,2.33,16,0.115,310,2.23,34,87.9,9.2,None,0,45.8,DS-DDR5-MODULE-FAMILY
ANM-UD5-0127,DDR5_UDIMM,DDR5,MODULE,,16,2800,5600,1.1,0,95,64,CL46,288,VFBGA,2Gb x8,FALSE,Production,133.35,31.25,1.4,490,114,4.31,429,3.763,31,0.27,51,92.2,19.8,Constrained,1,81.9,DS-DDR5-MODULE-FAMILY
ANM-UD5-0128,DDR5_UDIMM,DDR5,MODULE,,32,3200,6400,1.1,-40,95,64,CL52,288,VFBGA,2Gb x8,FALSE,Production,133.35,31.25,1.4,336,131,2.57,96,0.733,178,1.36,27,93.6,-25.9,Watch,1,30.1,DS-DDR5-MODULE-FAMILY
ANM-UD5-0129,DDR5_UDIMM,DDR5,MODULE,,16,2800,5600,1.1,0,95,64,CL46,288,VFBGA,2Gb x8,FALSE,Sampling,133.35,31.25,1.4,46,65,0.72,32,0.492,146,2.26,36,97.7,-21.1,Constrained,1,45.0,DS-DDR5-MODULE-FAMILY
ANM-UD5-0130,DDR5_UDIMM,DDR5,MODULE,,32,2800,5600,1.1,0,95,64,CL46,288,VFBGA,2Gb x8,FALSE,Production,133.35,31.25,1.4,1689,232,7.28,168,0.724,572,2.47,45,90.6,18.5,Watch,0,53.3,DS-DDR5-MODULE-FAMILY
ANM-UD5-0131,DDR5_UDIMM,DDR5,MODULE,,32,2800,5600,1.1,0,95,64,CL46,288,VFBGA,2Gb x8,FALSE,Production,133.35,31.25,1.4,192,67,2.88,0,0.0,84,1.26,30,92.4,5.6,None,0,32.7,DS-DDR5-MODULE-FAMILY
ANM-UD5-0132,DDR5_UDIMM,DDR5,MODULE,,16,3200,6400,1.1,0,95,64,CL52,288,VFBGA,2Gb x8,FALSE,Contact Sales,133.35,31.25,1.4,513,160,3.21,3,0.019,168,1.05,57,91.9,6.7,None,1,58.0,DS-DDR5-MODULE-FAMILY
ANM-UD5-0133,DDR5_UDIMM,DDR5,MODULE,,64,2800,5600,1.1,0,95,64,CL46,288,VFBGA,4Gb x4,FALSE,End of Life,133.35,31.25,1.4,40,50,0.81,0,0.0,78,1.58,52,93.3,17.6,Constrained,0,51.1,DS-DDR5-MODULE-FAMILY
ANM-UD5-0134,DDR5_UDIMM,DDR5,MODULE,,32,2800,5600,1.1,0,95,64,CL46,288,VFBGA,2Gb x8,FALSE,Production,133.35,31.25,1.4,562,126,4.46,51,0.405,296,2.36,23,98.4,33.6,Watch,0,27.2,DS-DDR5-MODULE-FAMILY
ANM-UD5-0135,DDR5_UDIMM,DDR5,MODULE,,32,3200,6400,1.1,0,95,64,CL52,288,VFBGA,2Gb x8,FALSE,Production,133.35,31.25,1.4,312,105,2.98,12,0.114,164,1.57,37,89.9,20.3,None,0,41.6,DS-DDR5-MODULE-FAMILY
ANM-UD5-0136,DDR5_UDIMM,DDR5,MODULE,,32,2800,5600,1.1,-40,95,64,CL46,288,VFBGA,2Gb x8,FALSE,Production,133.35,31.25,1.4,1583,199,7.96,0,0.0,531,2.67,14,99.8,-19.7,None,1,12.1,DS-DDR5-MODULE-FAMILY
ANM-UD5-0137,DDR5_UDIMM,DDR5,MODULE,,16,2800,5600,1.1,0,95,64,CL46,288,VFBGA,2Gb x8,FALSE,Production,133.35,31.25,1.4,1476,316,4.67,258,0.816,26,0.08,23,96.3,20.4,Watch,0,37.6,DS-DDR5-MODULE-FAMILY
ANM-UD5-0138,DDR5_UDIMM,DDR5,MODULE,,32,3200,6400,1.1,-40,95,64,CL52,288,VFBGA,2Gb x8,FALSE,Production,133.35,31.25,1.4,89,51,1.75,4,0.078,75,1.49,33,93.7,29.9,Watch,0,49.6,DS-DDR5-MODULE-FAMILY
ANM-UD5-0139,DDR5_UDIMM,DDR5,MODULE,,64,2800,5600,1.1,-40,95,64,CL46,288,VFBGA,4Gb x4,FALSE,End of Life,133.35,31.25,1.4,289,91,3.18,0,0.0,316,3.47,14,96.9,-20.0,None,0,19.5,DS-DDR5-MODULE-FAMILY
ANM-UD5-0140,DDR5_UDIMM,DDR5,MODULE,,64,2800,5600,1.1,-40,95,64,CL46,288,VFBGA,4Gb x4,FALSE,Production,133.35,31.25,1.4,588,221,2.66,291,1.317,201,0.91,66,89.5,3.7,Constrained,1,87.6,DS-DDR5-MODULE-FAMILY
ANM-UD5-0141,DDR5_UDIMM,DDR5,MODULE,,32,2800,5600,1.1,-40,95,64,CL46,288,VFBGA,2Gb x8,FALSE,Introduction,133.35,31.25,1.4,500,103,4.86,99,0.961,141,1.38,15,92.4,31.7,Watch,0,24.0,DS-DDR5-MODULE-FAMILY
ANM-UD5-0142,DDR5_UDIMM,DDR5,MODULE,,32,3200,6400,1.1,-40,95,64,CL52,288,VFBGA,2Gb x8,FALSE,Introduction,133.35,31.25,1.4,235,93,2.53,98,1.054,11,0.12,58,86.4,8.1,Watch,0,69.3,DS-DDR5-MODULE-FAMILY
ANM-UD5-0143,DDR5_UDIMM,DDR5,MODULE,,16,3200,6400,1.1,0,95,64,CL52,288,VFBGA,2Gb x8,FALSE,Production,133.35,31.25,1.4,1121,263,4.27,265,1.008,1696,6.45,56,93.6,5.2,Watch,0,63.9,DS-DDR5-MODULE-FAMILY
ANM-UD5-0144,DDR5_UDIMM,DDR5,MODULE,,32,2800,5600,1.1,-40,95,64,CL46,288,VFBGA,2Gb x8,FALSE,Production,133.35,31.25,1.4,323,130,2.49,13,0.1,28,0.22,38,93.6,27.2,Watch,0,37.9,DS-DDR5-MODULE-FAMILY
ANM-UD5-0145,DDR5_UDIMM,DDR5,MODULE,,64,3200,6400,1.1,-40,95,64,CL52,288,VFBGA,4Gb x4,FALSE,Production,133.35,31.25,1.4,98,153,0.64,33,0.216,24,0.16,51,89.4,-9.6,Constrained,1,57.9,DS-DDR5-MODULE-FAMILY
ANM-UD5-0146,DDR5_UDIMM,DDR5,MODULE,,32,3200,6400,1.1,0,95,64,CL52,288,VFBGA,2Gb x8,FALSE,End of Life,133.35,31.25,1.4,308,114,2.71,95,0.833,417,3.66,31,93.8,26.1,Watch,0,35.8,DS-DDR5-MODULE-FAMILY
ANM-UD5-0147,DDR5_UDIMM,DDR5,MODULE,,64,3200,6400,1.1,0,95,64,CL52,288,VFBGA,4Gb x4,FALSE,End of Life,133.35,31.25,1.4,690,65,10.62,68,1.046,47,0.73,14,95.2,18.6,Watch,0,28.9,DS-DDR5-MODULE-FAMILY
ANM-UD5-0148,DDR5_UDIMM,DDR5,MODULE,,32,2800,5600,1.1,-40,95,64,CL46,288,VFBGA,2Gb x8,FALSE,Production,133.35,31.25,1.4,306,186,1.65,0,0.0,352,1.89,34,90.2,-16.4,Watch,1,20.9,DS-DDR5-MODULE-FAMILY
ANM-UD5-0149,DDR5_UDIMM,DDR5,MODULE,,32,2800,5600,1.1,0,95,64,CL46,288,VFBGA,2Gb x8,FALSE,Production,133.35,31.25,1.4,1610,387,4.16,46,0.119,541,1.4,22,96.5,30.5,Watch,0,24.7,DS-DDR5-MODULE-FAMILY
ANM-UD5-0150,DDR5_UDIMM,DDR5,MODULE,,16,3200,6400,1.1,0,95,64,CL52,288,VFBGA,2Gb x8,FALSE,Production,133.35,31.25,1.4,1638,227,7.22,403,1.775,260,1.15,14,84.7,-15.2,Constrained,0,35.7,DS-DDR5-MODULE-FAMILY
ANM-UD5-0151,DDR5_UDIMM,DDR5,MODULE,,64,3200,6400,1.1,-40,95,64,CL52,288,VFBGA,4Gb x4,FALSE,Production,133.35,31.25,1.4,124,98,1.27,66,0.673,246,2.51,16,94.4,0.7,Watch,0,14.8,DS-DDR5-MODULE-FAMILY
ANM-UD5-0152,DDR5_UDIMM,DDR5,MODULE,,32,3200,6400,1.1,0,95,64,CL52,288,VFBGA,2Gb x8,FALSE,Sampling,133.35,31.25,1.4,593,81,7.32,100,1.235,227,2.81,33,91.8,28.8,Watch,1,50.5,DS-DDR5-MODULE-FAMILY
ANM-UD5-0153,DDR5_UDIMM,DDR5,MODULE,,32,2800,5600,1.1,0,95,64,CL46,288,VFBGA,2Gb x8,FALSE,Introduction,133.35,31.25,1.4,267,380,0.7,280,0.737,972,2.56,43,95.8,11.7,Constrained,1,42.9,DS-DDR5-MODULE-FAMILY
ANM-UD5-0154,DDR5_UDIMM,DDR5,MODULE,,16,3200,6400,1.1,0,95,64,CL52,288,VFBGA,2Gb x8,FALSE,Contact Sales,133.35,31.25,1.4,554,407,1.36,465,1.143,847,2.08,56,90.3,-20.1,Watch,0,59.8,DS-DDR5-MODULE-FAMILY
ANM-UD5-0155,DDR5_UDIMM,DDR5,MODULE,,32,2800,5600,1.1,0,95,64,CL46,288,VFBGA,2Gb x8,FALSE,Production,133.35,31.25,1.4,724,87,8.32,39,0.448,255,2.94,21,96.8,-18.0,None,0,21.6,DS-DDR5-MODULE-FAMILY
ANM-UD5-0156,DDR5_UDIMM,DDR5,MODULE,,32,3200,6400,1.1,0,95,64,CL52,288,VFBGA,2Gb x8,FALSE,Production,133.35,31.25,1.4,665,137,4.86,50,0.365,141,1.04,14,94.8,17.1,None,0,18.4,DS-DDR5-MODULE-FAMILY
ANM-UD5-0157,DDR5_UDIMM,DDR5,MODULE,,16,3200,6400,1.1,0,95,64,CL52,288,VFBGA,2Gb x8,FALSE,Contact Sales,133.35,31.25,1.4,774,242,3.2,77,0.318,245,1.01,29,91.2,32.1,Watch,0,34.1,DS-DDR5-MODULE-FAMILY
ANM-UD5-0158,DDR5_UDIMM,DDR5,MODULE,,64,3200,6400,1.1,0,95,64,CL52,288,VFBGA,4Gb x4,FALSE,Introduction,133.35,31.25,1.4,150,89,1.69,103,1.157,26,0.3,27,84.9,14.3,Watch,0,45.3,DS-DDR5-MODULE-FAMILY
ANM-UD5-0159,DDR5_UDIMM,DDR5,MODULE,,32,2800,5600,1.1,-40,95,64,CL46,288,VFBGA,2Gb x8,FALSE,Production,133.35,31.25,1.4,1316,229,5.75,0,0.0,448,1.96,22,97.3,-1.5,None,0,14.9,DS-DDR5-MODULE-FAMILY
ANM-UD5-0160,DDR5_UDIMM,DDR5,MODULE,,32,3200,6400,1.1,-40,95,64,CL52,288,VFBGA,2Gb x8,FALSE,Production,133.35,31.25,1.4,705,338,2.09,177,0.524,234,0.69,39,87.7,-3.7,Watch,0,48.7,DS-DDR5-MODULE-FAMILY
ANM-UD5-0161,DDR5_UDIMM,DDR5,MODULE,,16,2800,5600,1.1,-40,95,64,CL46,288,VFBGA,2Gb x8,FALSE,Production,133.35,31.25,1.4,701,307,2.28,53,0.173,812,2.65,18,96.2,4.5,Watch,0,23.2,DS-DDR5-MODULE-FAMILY
ANM-UD5-0162,DDR5_UDIMM,DDR5,MODULE,,16,3200,6400,1.1,-40,95,64,CL52,288,VFBGA,2Gb x8,FALSE,Production,133.35,31.25,1.4,34,40,0.87,0,0.0,53,1.35,38,90.8,-19.7,Constrained,1,42.2,DS-DDR5-MODULE-FAMILY
ANM-UD5-0163,DDR5_UDIMM,DDR5,MODULE,,32,3200,6400,1.1,-40,95,64,CL52,288,VFBGA,2Gb x8,FALSE,Production,133.35,31.25,1.4,1152,206,5.6,171,0.83,288,1.4,39,88.1,-1.0,Watch,0,54.1,DS-DDR5-MODULE-FAMILY
ANM-UD5-0164,DDR5_UDIMM,DDR5,MODULE,,64,2800,5600,1.1,-40,95,64,CL46,288,VFBGA,4Gb x4,FALSE,Sampling,133.35,31.25,1.4,190,271,0.7,31,0.114,264,0.97,57,91.8,-25.0,Constrained,1,58.7,DS-DDR5-MODULE-FAMILY
ANM-UD5-0165,DDR5_UDIMM,DDR5,MODULE,,16,2800,5600,1.1,-40,95,64,CL46,288,VFBGA,2Gb x8,FALSE,Production,133.35,31.25,1.4,113,115,0.99,0,0.0,258,2.25,39,90.4,24.6,Constrained,1,47.7,DS-DDR5-MODULE-FAMILY
ANM-UD5-0166,DDR5_UDIMM,DDR5,MODULE,,32,3200,6400,1.1,0,95,64,CL52,288,VFBGA,2Gb x8,FALSE,Production,133.35,31.25,1.4,1526,148,10.31,288,1.946,445,3.01,14,86.2,9.8,Constrained,1,34.2,DS-DDR5-MODULE-FAMILY
ANM-UD5-0167,DDR5_UDIMM,DDR5,MODULE,,16,2800,5600,1.1,-40,95,64,CL46,288,VFBGA,2Gb x8,FALSE,Contact Sales,133.35,31.25,1.4,1287,176,7.32,47,0.267,665,3.78,27,95.3,0.1,None,0,26.5,DS-DDR5-MODULE-FAMILY
ANM-UD5-0168,DDR5_UDIMM,DDR5,MODULE,,16,2800,5600,1.1,0,95,64,CL46,288,VFBGA,2Gb x8,FALSE,Production,133.35,31.25,1.4,83,78,1.07,12,0.154,19,0.25,61,98.0,-7.6,Constrained,0,56.2,DS-DDR5-MODULE-FAMILY
ANM-UD5-0169,DDR5_UDIMM,DDR5,MODULE,,64,3200,6400,1.1,0,95,64,CL52,288,VFBGA,4Gb x4,FALSE,Introduction,133.35,31.25,1.4,357,133,2.69,49,0.368,210,1.58,24,91.8,18.5,None,0,28.8,DS-DDR5-MODULE-FAMILY
ANM-UD5-0170,DDR5_UDIMM,DDR5,MODULE,,16,3200,6400,1.1,0,95,64,CL52,288,VFBGA,2Gb x8,FALSE,Production,133.35,31.25,1.4,1120,219,5.12,74,0.338,656,3.0,18,92.8,9.0,None,0,17.3,DS-DDR5-MODULE-FAMILY
ANM-UD5-0171,DDR5_UDIMM,DDR5,MODULE,,16,2800,5600,1.1,-40,95,64,CL46,288,VFBGA,2Gb x8,FALSE,Production,133.35,31.25,1.4,291,66,4.42,127,1.924,135,2.05,39,80.4,-13.6,Constrained,1,59.1,DS-DDR5-MODULE-FAMILY
ANM-UD5-0172,DDR5_UDIMM,DDR5,MODULE,,64,2800,5600,1.1,0,95,64,CL46,288,VFBGA,4Gb x4,FALSE,Production,133.35,31.25,1.4,172,140,1.24,77,0.55,484,3.46,37,91.0,0.9,Watch,1,49.7,DS-DDR5-MODULE-FAMILY
ANM-UD5-0173,DDR5_UDIMM,DDR5,MODULE,,64,3200,6400,1.1,-40,95,64,CL52,288,VFBGA,4Gb x4,FALSE,Introduction,133.35,31.25,1.4,1130,214,5.28,185,0.864,230,1.08,14,95.1,4.0,Watch,0,22.2,DS-DDR5-MODULE-FAMILY
ANM-UD5-0174,DDR5_UDIMM,DDR5,MODULE,,64,3200,6400,1.1,-40,95,64,CL52,288,VFBGA,4Gb x4,FALSE,Production,133.35,31.25,1.4,1966,283,6.95,77,0.272,745,2.63,15,89.6,4.7,None,1,15.9,DS-DDR5-MODULE-FAMILY
ANM-UD5-0175,DDR5_UDIMM,DDR5,MODULE,,16,3200,6400,1.1,0,95,64,CL52,288,VFBGA,2Gb x8,FALSE,Production,133.35,31.25,1.4,129,88,1.47,76,0.864,792,9.01,35,90.9,39.6,Watch,1,51.2,DS-DDR5-MODULE-FAMILY
ANM-UD5-0176,DDR5_UDIMM,DDR5,MODULE,,32,3200,6400,1.1,0,95,64,CL52,288,VFBGA,2Gb x8,FALSE,Sampling,133.35,31.25,1.4,135,198,0.69,40,0.202,148,0.75,15,97.4,-2.4,Constrained,0,18.8,DS-DDR5-MODULE-FAMILY
ANM-UD5-0177,DDR5_UDIMM,DDR5,MODULE,,32,2800,5600,1.1,-40,95,64,CL46,288,VFBGA,2Gb x8,FALSE,Production,133.35,31.25,1.4,85,148,0.58,66,0.446,908,6.14,55,93.3,29.2,Constrained,1,66.5,DS-DDR5-MODULE-FAMILY
ANM-UD5-0178,DDR5_UDIMM,DDR5,MODULE,,32,3200,6400,1.1,-40,95,64,CL52,288,VFBGA,2Gb x8,FALSE,Production,133.35,31.25,1.4,52,42,1.25,28,0.667,34,0.82,40,90.4,-15.2,Watch,1,45.9,DS-DDR5-MODULE-FAMILY
ANM-UD5-0179,DDR5_UDIMM,DDR5,MODULE,,16,3200,6400,1.1,0,95,64,CL52,288,VFBGA,2Gb x8,FALSE,Production,133.35,31.25,1.4,104,166,0.63,4,0.024,153,0.92,30,89.6,7.8,Constrained,1,27.4,DS-DDR5-MODULE-FAMILY
ANM-UD5-0180,DDR5_UDIMM,DDR5,MODULE,,32,3200,6400,1.1,0,95,64,CL52,288,VFBGA,2Gb x8,FALSE,Introduction,133.35,31.25,1.4,382,111,3.45,25,0.225,259,2.34,14,97.5,-19.8,None,0,17.1,DS-DDR5-MODULE-FAMILY
ANM-UD5-0181,DDR5_UDIMM,DDR5,MODULE,,16,3200,6400,1.1,-40,95,64,CL52,288,VFBGA,2Gb x8,FALSE,Production,133.35,31.25,1.4,493,83,5.95,0,0.0,206,2.49,14,95.4,17.6,None,0,10.0,DS-DDR5-MODULE-FAMILY
ANM-UD5-0182,DDR5_UDIMM,DDR5,MODULE,,16,2800,5600,1.1,-40,95,64,CL46,288,VFBGA,2Gb x8,FALSE,Production,133.35,31.25,1.4,425,113,3.76,186,1.646,112,0.99,57,88.2,17.9,Constrained,1,70.1,DS-DDR5-MODULE-FAMILY
ANM-UD5-0183,DDR5_UDIMM,DDR5,MODULE,,32,2800,5600,1.1,-40,95,64,CL46,288,VFBGA,2Gb x8,FALSE,Production,133.35,31.25,1.4,271,107,2.54,66,0.617,491,4.6,22,87.9,19.3,None,0,28.9,DS-DDR5-MODULE-FAMILY
ANM-UD5-0184,DDR5_UDIMM,DDR5,MODULE,,32,2800,5600,1.1,-40,95,64,CL46,288,VFBGA,2Gb x8,FALSE,Sampling,133.35,31.25,1.4,158,79,2.0,69,0.873,305,3.86,25,96.5,-11.0,Watch,1,28.0,DS-DDR5-MODULE-FAMILY
ANM-UD5-0185,DDR5_UDIMM,DDR5,MODULE,,64,2800,5600,1.1,-40,95,64,CL46,288,VFBGA,4Gb x4,FALSE,Sampling,133.35,31.25,1.4,430,105,4.1,91,0.867,168,1.61,58,95.1,8.0,Watch,0,70.6,DS-DDR5-MODULE-FAMILY
ANM-UD5-0186,DDR5_UDIMM,DDR5,MODULE,,16,2800,5600,1.1,0,95,64,CL46,288,VFBGA,2Gb x8,FALSE,Production,133.35,31.25,1.4,189,180,1.05,0,0.0,139,0.77,43,87.2,10.5,Constrained,1,54.2,DS-DDR5-MODULE-FAMILY
ANM-UD5-0187,DDR5_UDIMM,DDR5,MODULE,,32,2800,5600,1.1,0,95,64,CL46,288,VFBGA,2Gb x8,FALSE,Production,133.35,31.25,1.4,116,144,0.81,85,0.59,179,1.25,20,89.6,1.1,Constrained,0,24.5,DS-DDR5-MODULE-FAMILY
ANM-UD5-0188,DDR5_UDIMM,DDR5,MODULE,,16,3200,6400,1.1,0,95,64,CL52,288,VFBGA,2Gb x8,FALSE,Production,133.35,31.25,1.4,454,351,1.29,564,1.607,1471,4.19,55,85.0,-11.0,Constrained,1,86.4,DS-DDR5-MODULE-FAMILY
ANM-UD5-0189,DDR5_UDIMM,DDR5,MODULE,,64,3200,6400,1.1,0,95,64,CL52,288,VFBGA,4Gb x4,FALSE,End of Life,133.35,31.25,1.4,162,85,1.91,161,1.894,219,2.58,52,85.8,-4.2,Constrained,1,73.9,DS-DDR5-MODULE-FAMILY
ANM-UD5-0190,DDR5_UDIMM,DDR5,MODULE,,16,3200,6400,1.1,-40,95,64,CL52,288,VFBGA,2Gb x8,FALSE,Production,133.35,31.25,1.4,459,111,4.14,54,0.486,81,0.73,35,94.2,-34.2,None,0,47.0,DS-DDR5-MODULE-FAMILY
ANM-UD5-0191,DDR5_UDIMM,DDR5,MODULE,,64,3200,6400,1.1,0,95,64,CL52,288,VFBGA,4Gb x4,FALSE,Production,133.35,31.25,1.4,1746,344,5.08,583,1.695,159,0.46,51,88.0,-14.1,Constrained,1,76.6,DS-DDR5-MODULE-FAMILY
ANM-UD5-0192,DDR5_UDIMM,DDR5,MODULE,,32,3200,6400,1.1,-40,95,64,CL52,288,VFBGA,2Gb x8,FALSE,Production,133.35,31.25,1.4,888,167,5.32,40,0.24,88,0.53,14,94.0,0.2,None,0,15.9,DS-DDR5-MODULE-FAMILY
ANM-UD5-0193,DDR5_UDIMM,DDR5,MODULE,,32,2800,5600,1.1,0,95,64,CL46,288,VFBGA,2Gb x8,FALSE,Production,133.35,31.25,1.4,1446,344,4.2,0,0.0,607,1.77,33,97.3,1.1,None,0,30.7,DS-DDR5-MODULE-FAMILY
ANM-UD5-0194,DDR5_UDIMM,DDR5,MODULE,,16,3200,6400,1.1,-40,95,64,CL52,288,VFBGA,2Gb x8,FALSE,Production,133.35,31.25,1.4,213,132,1.62,81,0.614,233,1.77,41,88.3,-1.8,Watch,1,54.8,DS-DDR5-MODULE-FAMILY
ANM-UD5-0195,DDR5_UDIMM,DDR5,MODULE,,64,3200,6400,1.1,-40,95,64,CL52,288,VFBGA,4Gb x4,FALSE,Production,133.35,31.25,1.4,151,219,0.69,76,0.347,249,1.14,26,95.1,9.8,Constrained,1,32.3,DS-DDR5-MODULE-FAMILY
ANM-UD5-0196,DDR5_UDIMM,DDR5,MODULE,,32,3200,6400,1.1,-40,95,64,CL52,288,VFBGA,2Gb x8,FALSE,Production,133.35,31.25,1.4,472,171,2.76,11,0.064,169,0.99,14,90.5,-18.5,None,0,20.4,DS-DDR5-MODULE-FAMILY
ANM-UD5-0197,DDR5_UDIMM,DDR5,MODULE,,32,3200,6400,1.1,-40,95,64,CL52,288,VFBGA,2Gb x8,FALSE,Production,133.35,31.25,1.4,693,152,4.56,127,0.836,152,1.01,26,91.8,1.4,Watch,0,36.9,DS-DDR5-MODULE-FAMILY
ANM-UD5-0198,DDR5_UDIMM,DDR5,MODULE,,16,3200,6400,1.1,-40,95,64,CL52,288,VFBGA,2Gb x8,FALSE,Production,133.35,31.25,1.4,857,137,6.26,31,0.226,346,2.53,14,92.1,28.9,Watch,1,13.4,DS-DDR5-MODULE-FAMILY
ANM-UD5-0199,DDR5_UDIMM,DDR5,MODULE,,64,2800,5600,1.1,-40,95,64,CL46,288,VFBGA,4Gb x4,FALSE,End of Life,133.35,31.25,1.4,172,115,1.5,162,1.409,68,0.59,25,88.8,-8.7,Constrained,0,39.7,DS-DDR5-MODULE-FAMILY
ANM-UD5-0200,DDR5_UDIMM,DDR5,MODULE,,64,2800,5600,1.1,0,95,64,CL46,288,VFBGA,4Gb x4,FALSE,Production,133.35,31.25,1.4,798,165,4.84,187,1.133,16,0.1,29,90.0,-7.9,Watch,1,39.4,DS-DDR5-MODULE-FAMILY
ANM-UD5-0201,DDR5_UDIMM,DDR5,MODULE,,32,3200,6400,1.1,0,95,64,CL52,288,VFBGA,2Gb x8,FALSE,Production,133.35,31.25,1.4,1408,163,8.64,148,0.908,249,1.53,22,96.3,35.4,Watch,1,33.0,DS-DDR5-MODULE-FAMILY
ANM-UD5-0202,DDR5_UDIMM,DDR5,MODULE,,64,2800,5600,1.1,0,95,64,CL46,288,VFBGA,4Gb x4,FALSE,Contact Sales,133.35,31.25,1.4,291,59,4.94,14,0.237,40,0.69,20,91.4,13.0,None,0,22.4,DS-DDR5-MODULE-FAMILY
ANM-UD5-0203,DDR5_UDIMM,DDR5,MODULE,,32,2800,5600,1.1,-40,95,64,CL46,288,VFBGA,2Gb x8,FALSE,Production,133.35,31.25,1.4,78,104,0.75,0,0.0,65,0.63,60,99.8,35.1,Constrained,1,63.7,DS-DDR5-MODULE-FAMILY
ANM-UD5-0204,DDR5_UDIMM,DDR5,MODULE,,32,2800,5600,1.1,-40,95,64,CL46,288,VFBGA,2Gb x8,FALSE,Production,133.35,31.25,1.4,164,59,2.78,11,0.186,43,0.73,20,91.2,-34.0,None,0,28.2,DS-DDR5-MODULE-FAMILY
ANM-UD5-0205,DDR5_UDIMM,DDR5,MODULE,,64,2800,5600,1.1,-40,95,64,CL46,288,VFBGA,4Gb x4,FALSE,Production,133.35,31.25,1.4,1298,307,4.23,0,0.0,613,2.0,20,95.6,7.2,None,0,19.0,DS-DDR5-MODULE-FAMILY
ANM-UD5-0206,DDR5_UDIMM,DDR5,MODULE,,32,3200,6400,1.1,-40,95,64,CL52,288,VFBGA,2Gb x8,FALSE,Production,133.35,31.25,1.4,273,143,1.92,95,0.664,179,1.26,42,92.6,31.2,Watch,1,52.0,DS-DDR5-MODULE-FAMILY
ANM-UD5-0207,DDR5_UDIMM,DDR5,MODULE,,16,2800,5600,1.1,0,95,64,CL46,288,VFBGA,2Gb x8,FALSE,Production,133.35,31.25,1.4,643,206,3.13,620,3.01,166,0.81,46,76.1,3.4,Constrained,1,72.7,DS-DDR5-MODULE-FAMILY
ANM-UD5-0208,DDR5_UDIMM,DDR5,MODULE,,16,2800,5600,1.1,-40,95,64,CL46,288,VFBGA,2Gb x8,FALSE,Sampling,133.35,31.25,1.4,1156,159,7.27,175,1.101,649,4.09,14,84.9,-0.6,Watch,0,30.2,DS-DDR5-MODULE-FAMILY
ANM-UD5-0209,DDR5_UDIMM,DDR5,MODULE,,16,3200,6400,1.1,-40,95,64,CL52,288,VFBGA,2Gb x8,FALSE,Production,133.35,31.25,1.4,346,71,4.87,0,0.0,119,1.69,14,89.5,-24.5,None,0,11.3,DS-DDR5-MODULE-FAMILY
ANM-UD5-0210,DDR5_UDIMM,DDR5,MODULE,,16,2800,5600,1.1,-40,95,64,CL46,288,VFBGA,2Gb x8,FALSE,Introduction,133.35,31.25,1.4,605,209,2.9,0,0.0,261,1.25,29,97.1,-10.2,None,0,26.2,DS-DDR5-MODULE-FAMILY
ANM-UD5-0211,DDR5_UDIMM,DDR5,MODULE,,32,3200,6400,1.1,0,95,64,CL52,288,VFBGA,2Gb x8,FALSE,Production,133.35,31.25,1.4,518,213,2.44,40,0.188,444,2.09,32,91.2,-4.6,None,0,31.5,DS-DDR5-MODULE-FAMILY
ANM-UD5-0212,DDR5_UDIMM,DDR5,MODULE,,64,2800,5600,1.1,0,95,64,CL46,288,VFBGA,4Gb x4,FALSE,Production,133.35,31.25,1.4,331,114,2.91,59,0.518,135,1.19,60,93.6,1.1,None,0,62.2,DS-DDR5-MODULE-FAMILY
ANM-UD5-0213,DDR5_UDIMM,DDR5,MODULE,,32,2800,5600,1.1,0,95,64,CL46,288,VFBGA,2Gb x8,FALSE,End of Life,133.35,31.25,1.4,97,56,1.74,15,0.268,42,0.75,59,89.6,15.0,Watch,0,71.6,DS-DDR5-MODULE-FAMILY
ANM-UD5-0214,DDR5_UDIMM,DDR5,MODULE,,64,2800,5600,1.1,0,95,64,CL46,288,VFBGA,4Gb x4,FALSE,Sampling,133.35,31.25,1.4,1161,186,6.24,439,2.36,123,0.66,52,89.5,-4.7,Constrained,1,86.7,DS-DDR5-MODULE-FAMILY
ANM-UD5-0215,DDR5_UDIMM,DDR5,MODULE,,32,3200,6400,1.1,0,95,64,CL52,288,VFBGA,2Gb x8,FALSE,Production,133.35,31.25,1.4,412,125,3.3,66,0.528,241,1.93,46,91.8,8.3,None,0,52.5,DS-DDR5-MODULE-FAMILY
ANM-UD5-0216,DDR5_UDIMM,DDR5,MODULE,,64,3200,6400,1.1,0,95,64,CL52,288,VFBGA,4Gb x4,FALSE,Production,133.35,31.25,1.4,138,61,2.27,136,2.23,202,3.32,63,91.3,16.2,Constrained,1,77.5,DS-DDR5-MODULE-FAMILY
ANM-UD5-0217,DDR5_UDIMM,DDR5,MODULE,,64,3200,6400,1.1,0,95,64,CL52,288,VFBGA,4Gb x4,FALSE,Production,133.35,31.25,1.4,123,108,1.15,0,0.0,322,2.99,46,99.0,20.6,Constrained,0,44.5,DS-DDR5-MODULE-FAMILY
ANM-UD5-0218,DDR5_UDIMM,DDR5,MODULE,,16,3200,6400,1.1,-40,95,64,CL52,288,VFBGA,2Gb x8,FALSE,Introduction,133.35,31.25,1.4,449,126,3.57,129,1.024,230,1.83,54,89.1,17.2,Watch,1,64.2,DS-DDR5-MODULE-FAMILY
ANM-UD5-0219,DDR5_UDIMM,DDR5,MODULE,,32,3200,6400,1.1,0,95,64,CL52,288,VFBGA,2Gb x8,FALSE,Production,133.35,31.25,1.4,343,157,2.19,98,0.624,155,0.99,37,92.4,7.8,Watch,0,40.7,DS-DDR5-MODULE-FAMILY
ANM-UD5-0220,DDR5_UDIMM,DDR5,MODULE,,16,2800,5600,1.1,0,95,64,CL46,288,VFBGA,2Gb x8,FALSE,Production,133.35,31.25,1.4,31,75,0.42,129,1.72,262,3.5,42,85.0,-12.9,Constrained,0,53.8,DS-DDR5-MODULE-FAMILY
ANM-UD5-0221,DDR5_UDIMM,DDR5,MODULE,,32,3200,6400,1.1,-40,95,64,CL52,288,VFBGA,2Gb x8,FALSE,End of Life,133.35,31.25,1.4,378,159,2.38,8,0.05,653,4.11,20,91.0,14.0,None,0,21.3,DS-DDR5-MODULE-FAMILY
ANM-UD5-0222,DDR5_UDIMM,DDR5,MODULE,,64,3200,6400,1.1,0,95,64,CL52,288,VFBGA,4Gb x4,FALSE,Production,133.35,31.25,1.4,41,210,0.2,0,0.0,569,2.71,15,96.5,16.2,Constrained,0,21.3,DS-DDR5-MODULE-FAMILY
ANM-UD5-0223,DDR5_UDIMM,DDR5,MODULE,,16,3200,6400,1.1,-40,95,64,CL52,288,VFBGA,2Gb x8,FALSE,Production,133.35,31.25,1.4,321,78,4.13,196,2.513,140,1.8,43,90.9,0.6,Constrained,1,72.5,DS-DDR5-MODULE-FAMILY
ANM-UD5-0224,DDR5_UDIMM,DDR5,MODULE,,64,3200,6400,1.1,-40,95,64,CL52,288,VFBGA,4Gb x4,FALSE,Production,133.35,31.25,1.4,257,75,3.43,0,0.0,20,0.27,35,92.8,9.7,None,0,26.2,DS-DDR5-MODULE-FAMILY
ANM-UD5-0225,DDR5_UDIMM,DDR5,MODULE,,64,2800,5600,1.1,0,95,64,CL46,288,VFBGA,4Gb x4,FALSE,End of Life,133.35,31.25,1.4,512,112,4.58,19,0.17,46,0.42,28,83.4,14.2,None,0,31.0,DS-DDR5-MODULE-FAMILY
ANM-UD5-0226,DDR5_UDIMM,DDR5,MODULE,,64,2800,5600,1.1,0,95,64,CL46,288,VFBGA,4Gb x4,FALSE,End of Life,133.35,31.25,1.4,908,139,6.54,68,0.489,430,3.1,19,89.8,-10.6,None,1,21.5,DS-DDR5-MODULE-FAMILY
ANM-UD5-0227,DDR5_UDIMM,DDR5,MODULE,,32,2800,5600,1.1,-40,95,64,CL46,288,VFBGA,2Gb x8,FALSE,Production,133.35,31.25,1.4,349,111,3.14,11,0.099,240,2.17,29,88.0,-17.4,None,0,30.9,DS-DDR5-MODULE-FAMILY
ANM-UD5-0228,DDR5_UDIMM,DDR5,MODULE,,64,3200,6400,1.1,-40,95,64,CL52,288,VFBGA,4Gb x4,FALSE,Production,133.35,31.25,1.4,57,31,1.86,59,1.903,32,1.05,63,86.0,-30.7,Constrained,1,80.1,DS-DDR5-MODULE-FAMILY
ANM-UD5-0229,DDR5_UDIMM,DDR5,MODULE,,16,3200,6400,1.1,-40,95,64,CL52,288,VFBGA,2Gb x8,FALSE,End of Life,133.35,31.25,1.4,818,114,7.18,18,0.158,206,1.81,30,90.9,-12.0,None,0,25.2,DS-DDR5-MODULE-FAMILY
ANM-UD5-0230,DDR5_UDIMM,DDR5,MODULE,,32,2800,5600,1.1,-40,95,64,CL46,288,VFBGA,2Gb x8,FALSE,Production,133.35,31.25,1.4,936,127,7.37,17,0.134,217,1.71,14,87.1,50.1,Watch,0,21.2,DS-DDR5-MODULE-FAMILY
ANM-UD5-0231,DDR5_UDIMM,DDR5,MODULE,,32,2800,5600,1.1,0,95,64,CL46,288,VFBGA,2Gb x8,FALSE,Production,133.35,31.25,1.4,200,29,6.92,29,1.0,119,4.13,18,89.3,-2.2,Watch,0,34.9,DS-DDR5-MODULE-FAMILY
ANM-UD5-0232,DDR5_UDIMM,DDR5,MODULE,,64,2800,5600,1.1,-40,95,64,CL46,288,VFBGA,4Gb x4,FALSE,Production,133.35,31.25,1.4,515,104,4.96,102,0.981,40,0.39,33,90.8,3.4,Watch,0,38.0,DS-DDR5-MODULE-FAMILY
ANM-UD5-0233,DDR5_UDIMM,DDR5,MODULE,,16,2800,5600,1.1,0,95,64,CL46,288,VFBGA,2Gb x8,FALSE,Production,133.35,31.25,1.4,231,92,2.52,151,1.641,187,2.03,56,90.2,-0.8,Constrained,1,69.1,DS-DDR5-MODULE-FAMILY
ANM-UD5-0234,DDR5_UDIMM,DDR5,MODULE,,32,3200,6400,1.1,0,95,64,CL52,288,VFBGA,2Gb x8,FALSE,Production,133.35,31.25,1.4,328,130,2.53,0,0.0,154,1.19,40,99.7,-0.6,None,0,35.6,DS-DDR5-MODULE-FAMILY
ANM-UD5-0235,DDR5_UDIMM,DDR5,MODULE,,64,2800,5600,1.1,-40,95,64,CL46,288,VFBGA,4Gb x4,FALSE,Production,133.35,31.25,1.4,216,177,1.23,0,0.0,133,0.75,49,93.0,-19.8,Watch,0,55.8,DS-DDR5-MODULE-FAMILY
ANM-UD5-0236,DDR5_UDIMM,DDR5,MODULE,,64,3200,6400,1.1,-40,95,64,CL52,288,VFBGA,4Gb x4,FALSE,Production,133.35,31.25,1.4,654,171,3.82,165,0.965,302,1.77,30,89.5,-24.1,Watch,1,43.0,DS-DDR5-MODULE-FAMILY
ANM-UD5-0237,DDR5_UDIMM,DDR5,MODULE,,32,2800,5600,1.1,-40,95,64,CL46,288,VFBGA,2Gb x8,FALSE,Production,133.35,31.25,1.4,566,140,4.05,83,0.593,690,4.93,43,93.3,-13.5,None,0,56.2,DS-DDR5-MODULE-FAMILY
ANM-UD5-0238,DDR5_UDIMM,DDR5,MODULE,,16,3200,6400,1.1,-40,95,64,CL52,288,VFBGA,2Gb x8,FALSE,Production,133.35,31.25,1.4,404,165,2.45,336,2.036,133,0.81,33,88.5,26.1,Constrained,1,49.9,DS-DDR5-MODULE-FAMILY
ANM-UD5-0239,DDR5_UDIMM,DDR5,MODULE,,32,3200,6400,1.1,0,95,64,CL52,288,VFBGA,2Gb x8,FALSE,Production,133.35,31.25,1.4,338,154,2.2,0,0.0,312,2.03,46,99.8,18.7,Watch,1,47.9,DS-DDR5-MODULE-FAMILY
ANM-UD5-0240,DDR5_UDIMM,DDR5,MODULE,,32,3200,6400,1.1,0,95,64,CL52,288,VFBGA,2Gb x8,FALSE,Production,133.35,31.25,1.4,303,114,2.66,126,1.105,276,2.43,50,90.0,-9.1,Watch,1,55.6,DS-DDR5-MODULE-FAMILY
ANM-UD5-0241,DDR5_UDIMM,DDR5,MODULE,,16,3200,6400,1.1,0,95,64,CL52,288,VFBGA,2Gb x8,FALSE,Production,133.35,31.25,1.4,1212,237,5.12,158,0.667,553,2.34,31,90.7,29.1,Watch,0,35.8,DS-DDR5-MODULE-FAMILY
ANM-UD5-0242,DDR5_UDIMM,DDR5,MODULE,,16,3200,6400,1.1,0,95,64,CL52,288,VFBGA,2Gb x8,FALSE,Sampling,133.35,31.25,1.4,1254,333,3.77,317,0.952,382,1.15,16,90.6,23.2,Watch,1,31.1,DS-DDR5-MODULE-FAMILY
ANM-UD5-0243,DDR5_UDIMM,DDR5,MODULE,,16,2800,5600,1.1,-40,95,64,CL46,288,VFBGA,2Gb x8,FALSE,Introduction,133.35,31.25,1.4,614,208,2.96,0,0.0,378,1.82,32,93.0,14.8,None,0,32.1,DS-DDR5-MODULE-FAMILY
ANM-UD5-0244,DDR5_UDIMM,DDR5,MODULE,,16,3200,6400,1.1,0,95,64,CL52,288,VFBGA,2Gb x8,FALSE,Production,133.35,31.25,1.4,595,350,1.7,284,0.811,374,1.07,53,94.1,-10.5,Watch,0,60.4,DS-DDR5-MODULE-FAMILY
ANM-UD5-0245,DDR5_UDIMM,DDR5,MODULE,,64,2800,5600,1.1,-40,95,64,CL46,288,VFBGA,4Gb x4,FALSE,Production,133.35,31.25,1.4,305,64,4.78,21,0.328,140,2.2,21,88.7,8.7,None,0,30.0,DS-DDR5-MODULE-FAMILY
ANM-UD5-0246,DDR5_UDIMM,DDR5,MODULE,,64,2800,5600,1.1,0,95,64,CL46,288,VFBGA,4Gb x4,FALSE,Production,133.35,31.25,1.4,745,65,11.47,105,1.615,84,1.31,14,94.0,9.0,Constrained,1,33.6,DS-DDR5-MODULE-FAMILY
ANM-UD5-0247,DDR5_UDIMM,DDR5,MODULE,,32,2800,5600,1.1,0,95,64,CL46,288,VFBGA,2Gb x8,FALSE,Production,133.35,31.25,1.4,286,114,2.51,0,0.0,223,1.96,15,94.8,-36.3,None,0,27.0,DS-DDR5-MODULE-FAMILY
ANM-UD5-0248,DDR5_UDIMM,DDR5,MODULE,,32,3200,6400,1.1,0,95,64,CL52,288,VFBGA,2Gb x8,FALSE,Production,133.35,31.25,1.4,337,146,2.31,18,0.123,423,2.9,18,87.9,1.7,None,0,21.3,DS-DDR5-MODULE-FAMILY
ANM-UD5-0249,DDR5_UDIMM,DDR5,MODULE,,16,2800,5600,1.1,0,95,64,CL46,288,VFBGA,2Gb x8,FALSE,Production,133.35,31.25,1.4,899,220,4.09,0,0.0,418,1.9,14,90.9,-40.0,None,0,15.4,DS-DDR5-MODULE-FAMILY
ANM-UD5-0250,DDR5_UDIMM,DDR5,MODULE,,64,2800,5600,1.1,0,95,64,CL46,288,VFBGA,4Gb x4,FALSE,End of Life,133.35,31.25,1.4,277,230,1.21,96,0.417,279,1.21,42,89.6,-0.2,Watch,0,37.8,DS-DDR5-MODULE-FAMILY
